lipid,logFC,logCPM,LR,PValue,FDR,Transition,type,EKO_average,WT_average,EKO-R1-Media_r1,EKO-R1-Media_r3,EKO-R2-Media_r1,EKO-R2-Media_r2,EKO-R2-Media_r3,EKO-R3-Media_r1,EKO-R3-Media_r2,EKO-R3-Media_r3,WT-R1-Media_r1,WT-R1-Media_r3,WT-R2-Media_r1,WT-R2-Media_r2,WT-R2-Media_r3,WT-R3-Media_r1,WT-R3-Media_r2,WT-R3-Media_r3,blank
PC (40:0),0.817357117,8.245506598,152.3147546,5.41E-35,1.16E-32,846.7 -> 184.1,PC,4282.997782,2321.06266,3582.760204,4279.840244,4418.740307,3236.720215,3428.560215,5355.780346,4947.900341,5013.680382,3236.920231,2687.820156,1880.840145,1874.980129,2297.600143,1911.180126,2646.580196,2032.580151,1443.940094
C24:6,-0.675787591,13.07658495,108.5667101,2.02E-25,2.16E-23,355.3 -> 355.3,FFA,73772.52021,112940.6355,99805.08681,97530.00701,69527.94507,68416.2845,67194.88508,64808.58492,60933.88423,61963.48405,126612.9691,127581.6092,107903.5878,105740.6468,105358.7073,116484.5681,108761.2079,105081.7877,33288.40233
C20:3,-0.659258908,12.76466673,103.3329358,2.83E-24,2.02E-22,305.3 -> 305.3,FFA,60163.6493,91068.34387,86605.5863,94101.26651,54909.78371,54648.96397,55595.22413,44640.58322,45241.48325,45566.30334,84706.36594,99818.92686,76551.66556,86832.68611,85767.50609,88467.42635,103902.3271,102499.847,18531.94138
SM (d18:2/24:1),0.472907928,8.230246531,51.33537527,7.79E-13,4.17E-11,811.7 -> 184.1,PC,3605.425262,2484.25018,3044.080219,3186.660236,3845.240265,3645.820263,3954.680279,4334.440285,3215.100254,3617.380299,2600.800186,2393.860165,2473.700195,2719.380211,2427.880157,2494.5602,2136.680157,2627.140167,5050.74036
C16:1,-0.441349781,12.49394762,46.5168395,9.08E-12,3.89E-10,253.3 -> 253.3,FFA,54575.95385,70957.48998,56365.20382,56036.00406,53915.22352,51631.70378,51308.88373,58684.28416,55645.68392,53020.6438,64987.4644,66456.90489,78692.28522,78897.02614,78206.88559,69331.88477,67039.9048,64047.56407,17972.82134
C15:1,-0.432759477,13.93701895,44.78690479,2.20E-11,7.84E-10,239.3 -> 239.3,FFA,149263.2756,192678.1959,144628.3304,200842.7347,105934.7674,117084.3683,151430.4706,113732.3277,165947.6323,194505.5736,151155.79,190416.5543,172547.1319,180616.912,198708.4124,165488.2914,215802.1957,266690.2792,37924.22267
SM (d18:0/22:0),0.433849277,8.199858993,43.16939877,5.02E-11,1.53E-09,789.7 -> 184.1,PC,3422.04274,2425.182671,3060.020191,3326.520298,3537.100243,3327.300209,3180.000225,3303.380276,3706.180241,3935.84024,3028.680206,2236.000172,2423.400196,2222.720161,2700.040192,2621.100166,2068.940128,2100.580147,5912.820438
SM (d18:1/16:0),0.416209149,10.04324064,40.92543246,1.58E-10,4.23E-09,703.6 -> 184.1,PC,11136.20077,7984.348112,10010.9407,9280.380611,11637.42087,10438.72055,12171.72089,11162.76078,12319.74092,12067.92084,8040.180592,8350.680675,8582.140667,8441.600655,7543.740547,7917.620602,7455.420563,7543.400597,37158.80325
SM (d18:1/24:1)15Z)),0.389134076,9.092207498,35.39370296,2.69E-09,6.40E-08,813.7 -> 184.1,PC,5949.820428,4346.42279,5396.340351,4973.700329,6144.620396,6067.000401,5553.700462,6697.520535,6375.98053,6389.70042,4305.580318,4651.780293,4789.920391,4569.660255,4911.840332,4121.940231,3212.820248,4207.840252,15759.32128
Lyso_PC(20:3),-0.383612915,9.482744611,34.68913102,3.87E-09,8.28E-08,546.3481 -> 184.1,PC,6935.073005,8665.203136,6568.740475,5668.380436,6685.300461,7396.240597,7438.420452,7154.420547,6965.820518,7603.260555,10156.44079,11005.04082,9208.580677,10456.40084,9026.960602,6629.900513,7059.220474,5779.080364,2050.540115
PC (38:3),0.37816888,8.301500922,32.96012474,9.41E-09,1.83E-07,812.6 -> 184.1,PC,3712.200263,2730.820192,3742.040264,3221.960236,3864.340286,3522.660244,3595.740246,3938.080269,3487.220253,4325.560303,3032.040192,2506.580166,2754.420223,2755.08017,2754.340218,2373.800167,2662.100163,3008.200241,4873.680355
SM (d18:1/18:0),0.364308453,9.211716618,31.12519524,2.42E-08,4.31E-07,731.6 -> 184.1,PC,6724.295485,4998.120344,6526.700569,6374.960464,6449.220478,7055.620518,6853.600403,7132.660496,7135.920464,6265.680485,5211.380363,4969.520264,4857.880352,4326.940319,5653.380379,5409.700367,4662.54034,4893.620365,12491.04087
Lyso_PC(12:0),-0.369768195,7.547240004,30.8109995,2.84E-08,4.68E-07,440.2699 -> 184.1,PC,1773.487631,2193.775149,1613.520119,1649.420124,1901.44014,2013.640121,1647.180134,1869.340145,1667.000122,1826.360146,1932.640125,2108.360138,2486.58017,2246.36018,2505.760155,2112.220146,1995.380127,2162.900154,1451.920101
PC (38:7),0.336056874,9.154853492,26.5308487,2.59E-07,3.96E-06,804.6 -> 184.1,PC,7106.180498,5387.687899,7465.760513,7298.080502,6899.000439,6873.96048,6922.020557,7035.980473,6417.940475,7936.700542,4852.180382,4389.6203,5450.760391,5307.280388,5423.06041,5626.200363,6626.6805,5425.720459,1529.960098
PC (36:1),0.326922078,9.164430772,25.04786703,5.59E-07,7.98E-06,788.6 -> 184.1,PC,6279.977944,4794.605336,5688.14043,6281.740444,6134.300453,6786.860504,6769.020466,6104.020386,6024.54044,6451.200428,4677.420368,4774.100449,4641.940277,4990.100307,5288.900383,5008.580338,4641.440327,4334.360241,14336.30089
PC (32:2),0.326057194,9.051213649,24.91378374,6.00E-07,8.02E-06,730.5 -> 184.1,PC,6261.83046,4775.010352,5147.460377,5907.360432,5757.500416,6251.460445,5669.620422,6724.260529,7252.620502,7384.360558,4927.760323,4634.4403,4520.760357,4647.960381,4595.480347,4672.380329,5613.540451,4587.76033,6489.460491
PC (34:0),0.310713098,8.678302411,22.45062314,2.16E-06,2.57E-05,762.6 -> 184.1,PC,4594.900329,3546.347764,4345.420296,3965.420315,5183.080357,4684.800289,4687.120304,4295.520321,4709.820358,4888.020393,3798.160267,2902.46019,3716.460293,3612.300301,3707.080265,3878.460304,3377.920269,3377.94022,8230.92049
PC (38:1),0.315950814,7.589340674,22.44261071,2.17E-06,2.57E-05,816.6 -> 184.1,PC,2151.097651,1651.812616,1770.860138,1733.280125,1947.820126,2713.060196,2268.820156,2409.540161,2178.160164,2187.240139,1465.860077,1742.160141,1646.260109,1474.500107,1778.040134,1702.820122,1431.10009,1973.760151,4048.800293
C12:0,-0.293230442,11.9935909,20.56040937,5.78E-06,6.18E-05,199.2 -> 199.2,FFA,40271.68289,47239.23338,40536.56309,41059.42296,38495.78281,37109.7825,39008.56298,42564.44303,41999.48298,41399.42279,45373.30339,46377.24335,51088.38348,50379.96336,53576.16396,42389.48295,45555.34342,43173.98311,23986.28185
SM (d18:1/18:1)9Z)),0.301499773,7.746193608,20.62915282,5.57E-06,6.18E-05,729.6 -> 184.1,PC,2507.762686,1947.677639,2696.220222,2103.320118,2727.420216,2450.600166,2266.800156,2404.14019,2540.340179,2873.260242,1577.020107,2073.780148,2197.720161,2134.540142,2131.820168,1686.120113,1983.460133,1796.960144,2693.760216
C32:0,-0.289540605,11.86324352,20.04197742,7.58E-06,7.72E-05,479.4 -> 479.4,FFA,37004.20515,43312.87053,41482.84313,39877.38292,38216.08291,38426.62261,34466.10236,35751.76251,34260.7424,33552.10238,38894.16285,41917.94283,45560.7834,45267.14307,45231.42303,42682.20308,44625.38309,42323.92292,18435.88129
C12:1,-0.285995416,11.11665939,19.51320013,9.99E-06,9.30E-05,197.2 -> 197.2,FFA,21916.59407,25588.73931,22220.12162,23966.96161,21202.64152,21312.70158,20869.88146,20727.82146,23693.82174,21338.80154,25097.26168,24729.68174,27628.52198,26966.50198,26700.88182,24687.54185,25074.00184,23825.5216,14202.78101
C24:5,-0.285756874,13.43004377,19.56288598,9.73E-06,9.30E-05,353.3 -> 353.3,FFA,111251.6202,129900.7617,125326.6486,125632.889,110856.4674,105720.5473,105323.5474,109953.4078,107091.7268,100107.7271,126043.7295,128392.7889,134478.7294,135400.8695,139833.35,130270.3291,124665.9481,120120.3489,27545.16193
SM (d18:1/24:0),0.282018147,8.158585926,18.2116714,1.98E-05,1.76E-04,815.7 -> 184.1,PC,2972.860207,2340.585163,2597.46019,2647.600178,2993.200184,2737.880219,3366.14027,2926.960163,3342.760242,3170.880207,2382.700153,2468.380177,2550.200172,2394.760143,2288.64019,2724.160194,1725.560131,2190.28014,8831.220638
C17:1,-0.275109889,11.69658626,18.0904,2.11E-05,1.80E-04,267.3 -> 267.3,FFA,33316.09738,38621.96275,32805.58241,33024.58228,33973.40252,34404.78258,32062.40219,34395.78242,32797.46222,33064.78238,37102.54273,36785.70261,43740.12305,44880.363,43379.64328,36911.44271,33744.36232,32431.52231,13673.14096
PC (34:1),0.27233279,11.38021957,17.7062426,2.58E-05,2.12E-04,760.6 -> 184.1,PC,30022.11699,23785.96432,24531.22189,25908.78201,28759.80167,29472.86217,32976.98225,30961.90226,32905.64165,34659.742,23031.28176,23984.42203,24367.54162,26387.34209,25333.38184,23218.52195,22018.46154,21946.76174,46707.24345
C15:0,-0.267901866,13.76092671,17.20158826,3.36E-05,2.66E-04,241.3 -> 241.3,FFA,140732.3147,162267.4439,138377.2298,138045.2296,136350.7093,135940.1082,136468.2295,144123.2898,144442.1904,152111.531,158076.4729,153753.1103,180966.4718,188164.2923,182597.0133,144527.7898,148226.2108,141828.1902,39058.58279
SM (d18:0/20:0),0.268343332,10.12815605,17.08264843,3.58E-05,2.74E-04,761.6 -> 184.1,PC,12630.32589,10026.85569,10151.82064,9372.040825,12568.7809,14120.24095,13917.76098,13783.46098,14115.16087,13013.34094,10185.30071,10102.84067,8869.820633,10604.24057,10870.94077,10147.12073,9965.280708,9469.300747,19020.1812
PCo(34:1),0.269565858,8.713841154,16.93248356,3.87E-05,2.86E-04,746.6 -> 184.1,PC,4775.437848,3792.085264,4018.440285,3983.400265,5202.320389,4313.860249,5288.720364,5322.64045,4692.9804,5381.140381,4166.120296,3258.200172,4748.960304,4121.920326,3778.300285,3469.020233,3618.820263,3175.340233,6560.400505
PC (32:1),0.259476232,10.93130013,16.05009997,6.17E-05,4.40E-04,732.6 -> 184.1,PC,22179.9116,17718.05883,18647.22152,18080.2013,21763.60147,22525.96157,22857.76133,22908.62188,25442.36166,25213.5621,17616.10129,17108.36132,18915.30145,18626.3615,16488.40125,17360.72126,18054.12132,17575.10124,30069.94217
Lyso_PC(16:0),0.257404995,10.17409604,15.73439906,7.29E-05,5.03E-04,496.3325 -> 184.1,PC,13704.69592,10969.24078,11215.40075,12023.32074,13432.66107,13419.50081,13213.50087,14392.00073,15758.78135,16182.40103,10084.30065,9676.800682,11751.74078,12486.64088,11967.00095,11007.32092,10260.74069,10519.3807,8730.300579
PC (38:2),0.255419096,8.295108014,15.01929189,1.06E-04,7.12E-04,814.6 -> 184.1,PC,3321.532741,2661.10018,2744.460224,3144.600216,3729.260338,2938.880196,2778.100193,3521.500217,4159.860325,3555.600216,2477.740177,2609.360157,2867.120216,2914.740204,2908.2602,2448.040173,2389.220158,2674.320152,8506.700684
Lyso_PC(10:0),-0.240806699,7.02002319,12.73701183,3.58E-04,0.002324753,412.2386 -> 184.1,PC,1267.620088,1434.627603,1388.380085,1356.260101,1394.560097,1302.360092,1281.140095,1212.960083,1136.880077,1068.420074,1310.3801,1107.440075,1836.660137,1170.460075,1599.440094,1506.920124,1337.220097,1608.500122,1438.100101
PC (40:5),0.232210507,7.464390984,12.12339894,4.98E-04,0.003134034,836.6 -> 184.1,PC,2057.78264,1677.882622,2206.800144,1981.560127,1584.960106,2217.540161,2389.440166,1995.700138,1854.900116,2231.360165,1587.240101,1875.420132,1696.800121,1990.360161,1658.740116,1571.040119,1573.540119,1469.920109,1580.840115
Lyso_PC(20:2),-0.229734888,7.402655913,11.84360198,5.79E-04,0.003537713,548.3638 -> 184.1,PC,1696.695121,1902.572636,1546.980095,1428.740093,1907.720154,1823.440147,1592.020103,1780.50013,1707.860119,1786.300125,2356.000179,2121.800156,1687.980118,1774.280148,2048.320133,1607.800114,1833.580128,1790.820114,1244.600082
Lyso_PC(16:1),0.222128569,8.940135891,11.56707512,6.71E-04,0.003990501,494.3168 -> 184.1,PC,5835.00542,4784.30033,4396.560291,5248.340321,5727.520496,6204.660427,6352.900517,5960.360355,6645.440468,6144.260483,5598.280346,5649.200417,4501.180279,4492.00034,4664.820282,4666.780346,4121.620331,4580.520298,2524.020203
PCo(32:1),0.22373519,8.046062186,11.48052072,7.03E-04,0.004067702,718.6 -> 184.1,PC,2982.442707,2440.092671,2817.98019,2196.060165,3189.280235,2998.780205,2600.600174,3409.520256,3292.760201,3354.56023,2345.500175,2662.5602,2412.000175,2918.740185,2248.060146,1969.400158,2399.580177,2564.90015,3835.020279
SM (d18:0/16:0),0.212609572,8.776799511,10.53721775,0.001169944,0.006588632,705.6 -> 184.1,PC,4657.610323,3842.677769,4287.480366,4454.420277,3813.360249,4242.440289,4697.040352,5048.460312,5388.340328,5329.340412,3848.780243,3446.920238,3661.980293,4255.860245,3747.560238,4006.780331,3558.300274,4215.240288,10604.10068
SM (d18:2/22:1),0.212175003,7.475063562,10.09534339,0.001486445,0.008156388,783.6 -> 184.1,PC,1959.362629,1616.350117,1744.320103,1632.260101,1926.800102,1835.580128,1799.340115,2116.30014,2214.440155,2405.860188,1723.920109,1706.320133,1715.36013,1421.300098,1586.840126,1460.100113,1571.460087,1745.500141,3191.400211
SM (d18:0/18:0),0.205333423,9.664011031,9.96886028,0.0015921,0.008517736,733.6 -> 184.1,PC,9093.205688,7542.370523,7726.320602,7606.32053,10602.72095,8327.440529,9095.200653,9229.060707,9551.620644,10606.96089,7337.82045,7668.280582,7510.66058,7139.500538,7238.760414,8222.720535,7635.980511,7585.240578,11872.86077
PC (38:5),0.200363528,7.488227644,9.021062238,0.002668863,0.01393016,808.6 -> 184.1,PC,2009.072641,1673.635122,1855.660133,1993.380146,1915.440151,1747.280125,2390.720146,2236.740181,2233.02013,1700.340118,1866.400146,1470.900112,1663.160099,1769.040134,1958.300144,1727.820141,1386.600098,1546.8601,2593.560188
C19:0,-0.18412371,14.59637524,8.13434328,0.004343458,0.021124998,297.3 -> 297.3,FFA,259024.516,281834.5146,276461.3183,290116.3023,247335.3376,250230.417,258319.3189,242407.3777,252782.679,254543.3771,255445.4781,268173.6184,294222.1201,303917.2229,301253.4391,271967.2991,277724.7197,281972.2193,67751.44473
Lyso_PC(8:0),0.192432414,7.139028369,8.195078792,0.004200417,0.021124998,384.2073 -> 184.1,PC,1613.380114,1351.025099,1634.940113,1716.340126,1595.680115,1394.260105,1587.980114,1690.280117,1663.240105,1624.320118,1245.800079,1264.680096,1354.30011,1260.240097,1492.98011,1396.760098,1433.300106,1360.140095,1392.8801
PC (32:0),0.185478808,10.13487072,8.167809343,0.004264038,0.021124998,734.6 -> 184.1,PC,12310.83838,10349.08326,10515.4808,10523.98077,12786.00094,12146.70091,11740.36077,13632.18098,12889.18087,14252.82101,9350.520641,10192.90086,10511.62077,11041.26087,11201.18071,9292.080643,9935.940754,11267.1608,19829.74146
C18:3,0.174987726,10.62645961,7.296894884,0.006907388,0.032566416,277.3 -> 277.3,FFA,18295.93381,15516.34858,19019.8014,17167.5013,19984.10147,17476.98124,17198.72116,19069.0813,18094.78129,18356.5013,17341.40117,17613.80124,17171.18122,15977.48107,15251.54107,14293.64103,14050.26098,12431.48083,11279.7808
SM (d16:1/18:1),0.180801006,7.283317102,7.272902845,0.007000258,0.032566416,701.6 -> 184.1,PC,1721.515127,1453.907608,1755.080132,2010.940132,1638.30014,1683.320129,1734.800125,1568.260105,1765.36013,1616.06012,1693.240128,1257.660099,1401.060101,1353.980103,1593.540108,1371.620117,1454.840096,1505.32011,2382.440159
PCo(32:0),0.170871407,7.72800216,6.616337069,0.010104745,0.046008837,720.6 -> 184.1,PC,2281.245159,1938.270134,1981.020138,1972.100132,2129.580147,2041.680138,2479.680164,2302.260139,2633.580189,2710.060226,2104.040138,1784.820114,1835.840126,2520.720154,1593.160118,2027.900146,1785.74012,1853.940159,4154.520264
PC (36:8),0.171093932,7.403495046,6.551594236,0.010479022,0.046718975,774.5 -> 184.1,PC,1864.895133,1584.73511,1908.140141,1792.800117,1895.760132,1955.80014,1965.96014,1912.360142,1785.320129,1703.020123,1693.940113,1371.660088,1544.960121,1397.400093,1655.66011,1716.660122,1609.480118,1688.120117,2613.340179
PC (40:6),0.170146597,7.17720145,6.417907049,0.011297523,0.048491831,834.6 -> 184.1,PC,1633.815118,1388.925097,1428.620083,1610.480133,1529.680111,1661.86013,1746.300144,1765.380108,1689.520115,1638.680119,1320.040085,1451.060104,1288.300083,1369.260094,1411.2201,1377.5401,1542.320122,1351.660088,1606.340122
PCo(34:2),0.168323219,7.651487779,6.412830438,0.011329867,0.048491831,744.6 -> 184.1,PC,2231.110152,1899.002633,1777.360123,2052.920135,2496.12019,2163.640152,2268.800156,2560.880161,2418.120163,2111.040138,1723.100128,1815.920124,1838.300129,1933.34013,1778.96011,2168.880169,2289.700172,1643.820099,2849.940193
PCo(38:3),0.162494377,7.146821059,5.838270651,0.015681232,0.065799679,798.6 -> 184.1,PC,1574.365109,1345.462596,1389.560097,1567.740105,1580.12011,1522.560112,1692.960102,1606.160114,1636.840126,1598.980106,1302.700092,1386.400105,1328.000095,1224.680084,1421.780106,1289.740082,1346.440094,1463.96011,1904.840141
PC (38:9),0.161694435,7.219188275,5.802383622,0.016004464,0.065864524,800.5 -> 184.1,PC,1650.320116,1412.332601,1581.3601,1646.940125,1545.76012,1475.800102,1704.700104,1629.360123,1811.600121,1807.040134,1373.960094,1591.600109,1738.980129,1570.660118,1364.000103,1186.860077,1101.040081,1371.560097,2079.120136
C20:1,-0.15409218,12.10864067,5.686249603,0.017098359,0.069038656,309.3 -> 309.3,FFA,46475.13331,49533.35598,47815.98343,46270.06312,47064.94344,46161.42326,45600.88325,48700.52367,45444.34299,44742.90329,48023.94291,48309.04365,55958.28371,56694.44386,56321.84424,44483.50326,43764.9432,42710.84302,16399.52112
PC (38:4),0.156085199,8.355795192,5.637587591,0.017579379,0.069478913,810.6 -> 184.1,PC,3588.745258,3081.46772,3460.000256,3428.580223,3787.480293,3794.820282,3769.700222,3582.060268,3476.160213,3411.160305,2590.660198,3610.040241,3005.460232,3052.62022,3362.180199,2797.020214,2868.600178,3365.160278,5126.90036
SM (d18:1/20:0),0.154718889,9.02286856,5.610150438,0.01785673,0.069478913,759.6 -> 184.1,PC,5506.775386,4731.060322,5269.200367,4136.040295,6542.160507,4740.560337,4799.240334,5576.900387,6020.320442,6969.780418,4799.360317,4183.860317,5051.900333,4527.360294,5099.56031,5055.080364,4532.120293,4599.240349,11250.00076
PCo(42:6),0.157099347,7.021750344,5.427322271,0.019824054,0.075756206,848.6 -> 184.1,PC,1469.242605,1259.880092,1448.000099,1333.700108,1359.740101,1492.060089,1284.58009,1465.100105,1660.580135,1710.180115,1377.920105,1349.100098,1266.400097,1137.040085,1212.08009,1254.560097,1128.980068,1352.960098,1308.84008
C24:0,-0.147325286,13.76444879,5.20723679,0.022493056,0.084447613,367.3 -> 367.3,FFA,147357.8729,156367.916,154458.3102,148995.6907,154263.6913,149216.2305,145958.4905,146115.2701,142656.75,137198.5501,154722.251,149923.2706,177777.5921,178770.5121,174660.2722,144832.491,135881.1094,134375.8295,41301.70284
Lyso_PC(20:5),-0.150841376,6.864077868,4.953620203,0.026036094,0.096064209,542.3168 -> 184.1,PC,1175.260081,1249.230088,1221.120079,1250.76009,1150.260075,1137.600079,1131.500069,1176.220089,1193.660088,1140.960079,1197.320095,1157.240078,1320.0201,1453.760094,1288.340084,1197.760075,1163.500084,1215.900093,1313.340096
C14:1,-0.142497643,12.88447481,4.868231756,0.027355517,0.099221705,225.2 -> 225.2,FFA,79187.06069,83439.68095,63146.38434,93327.9268,55413.484,60951.56439,83910.84578,67525.6651,94068.40697,115152.2082,62776.08458,84074.52596,70718.085,74361.94575,82233.88567,65915.08459,95874.56682,131563.2692,40406.66295
C22:4,-0.140049927,11.42361309,4.689683349,0.030344239,0.108227785,331.3 -> 331.3,FFA,28439.52198,29996.47966,28691.24193,29682.86208,27221.88188,28169.06194,27991.74193,27912.44193,30913.26218,26933.68196,30872.7422,29906.58211,31374.94228,30662.32223,29785.2021,30093.76211,27808.00211,29468.28217,20940.64142
C30:0,-0.137364903,12.70964471,4.52319934,0.033438246,0.117307946,451.4 -> 451.4,FFA,71246.21503,75064.2028,80264.40551,81013.74575,73013.16542,71999.48523,70530.58482,69200.02457,61207.46426,62740.84469,72766.36515,73196.66555,75514.88529,81102.50613,80483.84557,70661.96462,74644.42516,72142.96496,18169.7812
C24:1,-0.13390078,13.12891247,4.299881326,0.038115033,0.131558338,365.3 -> 365.3,FFA,95659.95668,100522.6421,94611.96623,97711.88725,100815.9464,97457.26736,92064.98618,95475.847,95505.74692,91636.00608,96703.94675,95283.54668,110247.7475,110996.8081,111013.6281,94965.34666,92252.44631,92717.66634,20766.1415
PC (36:3),0.135953684,8.274280842,4.266398672,0.038873235,0.132045591,784.6 -> 184.1,PC,3321.827744,2892.277704,2904.500225,3126.140209,3689.560307,3176.74025,3223.420261,3276.780212,3423.500256,3753.980228,3306.560272,3208.240242,3108.260212,2537.380157,2890.800179,2681.840195,2541.900169,2863.240204,5613.92038
Lyso_PC(3:0),-0.137607822,7.125604021,4.19099667,0.040639199,0.13588732,314.129 -> 184.1,PC,1430.887603,1505.220104,1427.580109,1504.860111,1415.800098,1361.100101,1259.680088,1559.40012,1488.400105,1430.28009,1484.600098,1338.740089,1643.000103,1364.62009,1327.840088,1601.180111,1588.280132,1693.500122,1325.320107
C28:0,-0.1295701,12.64011765,4.024217508,0.044851421,0.145427336,423.4 -> 423.4,FFA,67739.1524,70989.97501,72857.24531,71727.94521,68631.80516,68991.70509,66317.72482,68605.70486,63882.5044,60898.58435,68883.30466,66707.96484,79170.62579,77738.4455,75641.00531,69719.04509,66758.44465,63300.96428,23953.08174
Lyso_PC(14:0),-0.130942839,8.987825065,4.025732273,0.044811163,0.145427336,468.3012 -> 184.1,PC,5355.655392,5609.040376,4767.720417,4898.100357,4688.980396,5727.620392,5001.020359,6202.500412,5373.200352,6186.100449,5580.900436,5763.400368,5970.700359,6170.460434,5834.940403,5050.620358,4854.32029,5646.980362,2486.440147
Lyso_Sphingosine-1-phosphocholine,-0.13458318,6.809625626,3.925992027,0.047545131,0.151860568,465.3379 -> 184.1,PC,1127.41758,1185.145087,1171.700085,1099.820076,1221.040077,1080.34008,1036.600079,1121.400078,1151.820084,1136.620083,1115.32008,1159.420086,1477.500111,1252.600094,1258.300087,1037.320072,1095.620079,1085.080086,1459.200108
Lyso_C17 sphingosine-1-phosphocholine,-0.133024447,6.846040211,3.850831281,0.049721342,0.155285254,451.3223 -> 184.1,PC,1176.105082,1234.345081,1127.360081,1119.700081,1181.920082,1246.760086,1293.960087,1068.600063,1219.320087,1151.220085,1099.040073,1229.300072,1218.100082,1276.960087,1147.600082,1398.62009,1178.400082,1326.740082,1155.92009
SM (d16:1/24:0),0.127870457,9.175396419,3.839159642,0.05006861,0.155285254,787.7 -> 184.1,PC,5873.252926,5142.665393,4867.940395,4938.820351,6509.64048,5738.120407,6205.880505,6090.500416,6110.320412,6524.800446,5041.760361,4988.540291,5400.000427,5394.880493,5629.000484,4781.440327,5007.280403,4898.420357,15561.84098
PC (30:2),0.127737188,7.436029257,3.66396668,0.055601111,0.167586446,702.5 -> 184.1,PC,1922.285141,1684.732617,1908.520142,2507.560181,1582.980114,2220.980156,1423.320107,1914.260151,1996.340149,1824.320126,1529.280117,1836.340149,1763.320107,1656.620117,1720.46011,1714.840111,1575.040112,1681.960114,1994.960133
PC (34:3),-0.127115137,7.721604444,3.667419544,0.055486026,0.167586446,756.6 -> 184.1,PC,2102.922656,2195.597653,1826.160145,1698.980129,2110.900166,2110.540165,2220.760139,2161.700161,2587.840202,2106.500137,2242.280178,2486.440178,1813.520119,2103.340145,2064.120129,2561.140194,2204.660156,2089.280128,3224.540268
PC (40:9),-0.127842075,6.846017449,3.549519784,0.059562686,0.177033538,828.6 -> 184.1,PC,1153.162583,1206.155084,1295.840103,1081.860077,1227.000092,1137.520088,1072.780067,1114.600071,1062.340076,1233.360088,1190.800079,1064.940075,1361.100079,1228.240093,1182.420086,1203.920086,1211.580097,1206.240078,1595.480129
PC (36:0); PCp(38:6),0.122025883,7.352007714,3.32263877,0.06833207,0.197608959,790.6 -> 184.1,PC,1747.782629,1537.090106,1411.240097,1506.580112,2137.280148,1631.08012,1702.040123,1775.94014,2068.020149,1750.080147,1562.100113,1308.580082,1541.540104,1815.840111,1557.300121,1864.600121,1250.200085,1396.560108,2908.000191
SM (d18:1/26:0),-0.124241852,6.726200797,3.326417008,0.068175242,0.197608959,843.7 -> 184.1,PC,1067.352574,1113.202576,1030.180073,1087.760078,1010.700069,1070.500069,1059.100079,1094.400078,1125.720078,1060.460072,1345.44009,1109.420078,1106.120075,1044.760067,1116.340076,1060.600079,1090.380074,1032.56007,1387.600094
C34:0,-0.115346456,11.50598968,3.182483991,0.074431499,0.210055799,507.5 -> 507.5,FFA,30770.7247,31915.50973,31309.94229,31495.96226,29745.84195,31292.72238,31229.1423,32590.46236,28443.00203,30058.72201,31466.04224,32417.22229,31884.44214,35716.38246,35374.22245,29457.32206,30249.6222,28758.82202,15378.28117
Lyso_PC(22:1),-0.120689718,6.895406514,3.178805288,0.074599256,0.210055799,578.4107 -> 184.1,PC,1217.165086,1266.680088,1300.260086,1200.060081,1160.62009,1346.10009,1175.680092,1135.82008,1226.820091,1191.960075,1299.100094,1132.800087,1218.440079,1370.880093,1198.040089,1301.500099,1389.10009,1223.580074,1289.440098
PC (30:1),0.114671428,9.629029328,3.107495853,0.077932695,0.216592167,704.5 -> 184.1,PC,8201.725595,7238.890514,6580.64048,6804.020447,7546.000557,8395.040562,7134.860508,9226.420719,10787.88076,9138.940727,7898.9006,7578.200615,7235.680557,6955.960419,7158.020512,7050.920467,7332.320488,6701.120453,18346.84108
Lyso_PC(18:0),0.116695326,7.658930496,3.082768511,0.079125732,0.217088548,524.3638 -> 184.1,PC,2184.445148,1929.362642,2212.880177,2113.66016,2140.140114,2583.460163,2222.760155,2162.000137,1983.980141,2056.680141,1827.400143,2135.480164,1788.180141,2154.98016,1973.500118,1988.800159,1893.900143,1672.660107,3154.540203
SM (d16:1/24:1),0.113604765,8.209116207,2.974004099,0.084612188,0.229202636,785.6 -> 184.1,PC,3150.382729,2784.53519,2709.840176,3060.460239,2752.840195,3634.140259,3229.360245,3527.180264,2851.840191,3437.400261,2731.020176,2861.880211,2691.820194,2633.500164,3328.000256,2074.84013,2940.700191,3014.520199,5384.400352
PC (36:2),0.103779366,9.679797805,2.545262077,0.110625553,0.295923355,786.6 -> 184.1,PC,8158.318068,7254.685543,7081.820599,6666.380421,7502.080528,8220.460548,7004.380474,9990.3806,9673.520737,9127.520634,6658.640575,7246.860535,7511.86047,7733.52063,7114.240547,7420.520508,7061.360577,7290.480499,23948.56193
SM (d18:0/24:0),0.105482323,7.105262315,2.451570003,0.117407385,0.310187411,817.7 -> 184.1,PC,1472.032604,1308.372592,1470.000111,1393.920101,1397.960098,1452.720112,1717.760113,1329.12009,1490.600105,1524.180099,1247.740082,1482.660088,1175.260082,1263.740097,1148.740097,1240.640106,1361.960079,1546.240105,2306.980167
C22:6,-0.099085762,12.40202319,2.352910306,0.125049356,0.322416412,327.3 -> 327.3,FFA,57440.69892,58953.59171,65569.7246,61232.18396,60798.86391,56005.58388,53083.92375,56013.94395,53378.44371,53442.9236,60329.84428,58243.02399,65823.46505,65170.18446,61776.30436,58436.92429,51202.68381,50646.30345,31051.16212
PC (40:4),0.103046392,7.201640353,2.35664158,0.124750502,0.322416412,838.6 -> 184.1,PC,1611.512608,1434.507602,1460.820114,1484.3801,1505.480095,1758.900124,1357.300095,1629.520092,1933.260128,1762.440113,1304.680103,1488.920105,1333.820087,1341.220093,1652.300114,1314.380093,1538.020107,1502.720112,1865.820141
Lyso_PC(19:2),-0.103020978,6.875200494,2.314693642,0.128156548,0.326494063,534.3481 -> 184.1,PC,1215.362586,1248.915085,1384.400097,1141.620075,1200.340088,1200.800095,1169.340076,1107.560081,1294.860092,1223.98008,1277.220081,1109.400082,1306.76009,1252.780083,1135.200077,1208.540081,1425.480103,1275.940083,1145.68008
C26:0,-0.096624703,12.7274726,2.23850191,0.134611342,0.334643245,395.3 -> 395.3,FFA,72684.40521,74454.83785,73959.78535,75680.58518,73246.30556,74958.70526,71285.30534,75458.64542,69112.12494,67773.78465,74204.46508,73362.88541,82743.86623,82642.52532,80825.66621,73105.46542,64634.84444,64118.9847,28102.94202
C26:1,-0.096568012,12.40414183,2.234938158,0.134922022,0.334643245,393.3 -> 393.3,FFA,58243.879,59647.38923,58027.78417,62162.58437,56110.00389,57710.38378,59486.38393,54078.10371,59484.94402,58890.84411,56095.96393,59633.34412,63778.32474,65425.9247,64211.2244,55798.86423,56387.86389,55847.6038,19580.18132
PC (42:0),-0.101374182,6.760644791,2.222115247,0.136046553,0.334643245,874.7 -> 184.1,PC,1111.642584,1140.980077,1106.700085,1069.340076,1141.020092,1095.860081,1139.420094,1123.32008,1104.360081,1113.120083,1167.760086,1130.500076,1123.900074,1134.140076,1112.440075,1142.700073,1145.56007,1170.840084,1257.840092
Lyso_PC(9:0),-0.095221051,6.991937606,1.990864511,0.158250516,0.384836483,398.2229 -> 184.1,PC,1314.552594,1343.690096,1229.180084,1331.720104,1325.340088,1266.220093,1321.94009,1338.080097,1358.580097,1345.3601,1504.700104,1072.100075,1465.720112,1499.300102,1312.260078,1242.680096,1225.480087,1427.280113,1367.900112
PCo(38:4),0.092025057,7.220625031,1.882626983,0.170035874,0.404307523,796.6 -> 184.1,PC,1640.625116,1471.127599,1179.58009,1491.160099,1694.400124,1691.320129,1668.760105,1702.400131,2079.30014,1618.080112,1543.380096,1386.300106,1417.640095,1471.320095,1477.540112,1379.540073,1455.960094,1637.340118,1672.920105
SM (d18:2/20:1),-0.093140354,6.903344419,1.894943707,0.168645373,0.404307523,755.6 -> 184.1,PC,1240.282589,1265.595089,1255.440098,1213.920078,1201.040081,1214.340088,1205.160091,1263.320084,1309.620094,1259.420097,1287.60009,1320.200081,1333.880096,1118.720085,1198.240093,1245.440098,1359.640091,1261.040081,1233.080086
Lyso_PC(13:0),-0.090501859,6.943771042,1.79331961,0.180522224,0.411318263,454.2855 -> 184.1,PC,1273.97509,1298.48509,1362.220089,1211.120079,1309.940105,1286.700104,1161.780079,1341.880089,1179.260082,1338.900093,1326.140087,1238.180092,1542.260094,1342.940098,1147.240086,1326.780102,1264.800076,1199.540085,1315.520103
Lyso_PC(4:0),-0.091108623,6.97909668,1.820453255,0.177259334,0.411318263,328.1447 -> 184.1,PC,1298.290092,1323.237591,1279.760086,1337.360088,1352.560097,1305.960091,1145.140083,1405.500095,1396.96011,1163.080082,1284.960087,1184.16008,1373.160114,1498.860088,1377.10009,1266.540096,1273.0201,1328.100075,1472.64011
PC (44:8),-0.091893583,6.727630802,1.822572089,0.177007419,0.411318263,886.6 -> 184.1,PC,1094.822577,1116.280075,1067.420074,1057.960079,1114.32008,1109.020065,1069.140076,1098.460075,1099.380089,1142.880081,1077.260082,1093.40007,1108.420071,1205.620083,1099.520069,1072.88007,1072.700066,1200.440086,1149.620083
PC (48:0),-0.090749265,6.715567328,1.776379307,0.182594556,0.411318263,958.8 -> 184.1,PC,1088.58008,1109.205078,1088.720078,1073.68008,1065.980083,1081.760071,1121.400082,1065.440071,1158.260094,1053.400078,1136.880081,1079.600082,1106.340076,1092.180065,1086.480072,1057.280071,1236.340096,1078.540077,1096.720081
SM (d18:0/12:0),-0.090845804,6.741872199,1.78224177,0.181874291,0.411318263,649.5 -> 184.1,PC,1100.925076,1122.360078,1046.780071,1182.08007,1166.580078,1022.320068,1179.740082,1080.420071,1076.700081,1052.780083,1079.160069,1129.160069,1122.120083,1081.160076,1243.180088,1122.58009,1036.020069,1165.500084,1243.220074
C22:5,-0.083548788,12.19162219,1.672411858,0.195935797,0.419302606,329.3 -> 329.3,FFA,49988.96361,50727.8961,49703.04353,52773.68385,51075.28362,50495.00373,50079.96375,47453.36329,49959.52356,48371.84352,50775.92355,49178.48349,53650.44387,54141.34418,54778.7038,48163.32349,46853.22314,48281.7233,25730.0219
Lyso_PC(11:0),-0.087937228,6.95592878,1.694052291,0.193067648,0.419302606,426.2542 -> 184.1,PC,1283.160093,1305.145091,1284.3601,1309.260101,1083.580074,1205.020084,1460.380112,1278.320091,1359.640099,1284.720085,1398.060093,1419.840107,1299.980087,1396.60009,1229.60009,1164.600079,1301.32008,1231.160103,1370.020088
Lyso_PC(2:0),-0.087300026,7.02139951,1.676435452,0.195398771,0.419302606,300.1134 -> 184.1,PC,1345.837595,1368.5301,1272.280094,1409.740089,1396.020103,1407.020103,1226.580093,1245.540073,1416.3601,1393.160103,1540.08012,1386.240101,1219.78009,1731.280136,1153.900085,1416.880093,1171.140079,1328.940094,1384.080101
Lyso_PC(24:0),-0.088805633,6.835692135,1.71174449,0.190759188,0.419302606,608.4577 -> 184.1,PC,1159.90258,1180.562582,1222.000088,1135.140083,1094.180077,1142.620075,1188.140091,1208.08009,1197.900082,1091.160057,1178.360088,1264.620083,1159.760082,1086.860081,1280.080086,1257.880089,1087.740078,1129.200066,1608.920124
PCo(34:4),-0.088723089,6.800362892,1.706796,0.191401601,0.419302606,740.6 -> 184.1,PC,1147.995083,1167.547584,1174.980091,1034.82008,1045.600082,1172.920078,1189.180077,1297.300091,1101.340073,1167.820091,1517.480103,1047.140079,1103.680069,1085.900085,1070.300079,1276.760086,1073.060081,1166.060085,1298.920094
Lyso_PC(18:3),-0.086636252,6.865174351,1.63510631,0.200998226,0.421702161,518.3168 -> 184.1,PC,1206.335089,1226.232586,1259.500092,1241.62009,1359.180099,1164.560085,1111.260075,1192.780094,1120.12009,1201.660088,1195.620087,1229.420094,1260.540073,1431.160091,1200.640099,1164.020084,1072.020077,1256.440086,1267.140091
PC (50:0),-0.087359567,6.689925937,1.643355992,0.199865634,0.421702161,986.9 -> 184.1,PC,1071.802577,1089.642581,1087.360069,1058.500069,1054.740074,1067.220085,1066.740082,1115.960083,1060.880077,1063.020077,1155.860088,1073.160084,1094.520077,1090.220081,1080.080078,1099.440083,1051.720074,1072.140083,1059.460072
C14:0,-0.080994797,13.50099748,1.574067283,0.209617327,0.435515612,227.3 -> 227.3,FFA,124563.3939,126206.5616,128495.5092,126771.5886,124495.9286,127148.629,123764.6089,125909.8893,122163.0686,117757.9288,131715.8491,125005.6293,133944.5297,139494.8902,135568.7098,124066.669,112569.268,107286.9478,54649.50385
PCo(38:5),0.083695327,7.106545019,1.548280498,0.213389466,0.439089862,794.6 -> 184.1,PC,1516.20011,1369.1401,1362.760105,1487.500114,1319.780083,1636.860134,1710.64011,1420.660103,1653.400112,1538.000118,1436.960087,1429.480103,1430.440113,1400.340107,1358.300102,1180.800095,1320.440083,1396.360107,1447.960114
PC (46:2),-0.082842861,6.71028503,1.479579341,0.22384035,0.456207951,926.8 -> 184.1,PC,1085.827578,1100.510078,1096.020077,1104.840076,1081.120087,1055.560078,1085.440067,1084.940075,1120.200085,1058.50008,1075.060081,1101.780079,1060.500065,1153.3601,1127.100086,1084.240067,1112.88007,1089.160076,1123.540085
PC (32:5),-0.081491251,6.834724803,1.443274434,0.2296102,0.45674199,724.5 -> 184.1,PC,1178.257585,1193.935083,1191.48008,1233.860092,1194.98008,1181.100086,1114.340076,1068.020077,1180.120087,1262.160099,1036.22007,1400.12009,1232.020096,1172.040077,1265.000088,1224.780087,1113.200073,1108.100082,1323.160099
PC (34:5),-0.08142512,6.803293753,1.437740646,0.230505303,0.45674199,752.5 -> 184.1,PC,1152.135082,1165.950082,1197.900082,1181.440083,1089.960072,1163.280083,1077.88007,1232.7001,1177.940086,1095.98008,1143.840084,1148.520081,1124.600082,1182.080093,1084.200066,1130.360081,1330.000084,1184.000084,1316.820084
PC (52:4),-0.081741115,6.726203042,1.44269271,0.229704098,0.45674199,1006.8 -> 184.1,PC,1102.88758,1116.545081,1063.780083,1120.020088,1059.800079,1128.780083,1067.700085,1188.580074,1081.22007,1113.220081,1093.48008,1155.520088,1095.860081,1120.18008,1109.58007,1055.84008,1172.360085,1129.540081,1061.380062
PC (44:3),-0.079730328,6.727106312,1.372514606,0.241380309,0.473902625,896.7 -> 184.1,PC,1102.767577,1115.387582,1099.620079,1094.000084,1097.88007,1245.520084,1055.140079,1094.440075,1076.280071,1059.260075,1093.300087,1086.560078,1099.520088,1109.180077,1173.060081,1126.640079,1100.00008,1134.840084,1084.020077
PC (30:0),0.075142659,9.733922543,1.336750495,0.247607839,0.481709796,706.5 -> 184.1,PC,9011.675644,8177.273121,7658.180557,7182.800545,8097.900558,8968.500561,8773.300529,10401.4007,10486.78093,10524.54078,8353.160725,8448.560638,8000.740604,8334.140598,8060.780624,8503.9006,8239.220577,7477.680603,14715.50117
PCo(40:5),0.075391391,7.123660727,1.25727387,0.262167741,0.50544051,822.6 -> 184.1,PC,1526.822603,1385.600098,1355.220089,1467.480087,1307.000088,1490.140106,1706.900124,1707.840118,1665.780109,1514.220104,1383.580093,1429.48011,1112.240082,1367.620087,1535.320107,1450.460094,1391.980114,1414.120098,1533.140102
PC (34:4),-0.073511292,7.044887292,1.190287568,0.275271558,0.525965299,754.5 -> 184.1,PC,1374.572601,1382.750103,1395.040108,1418.760094,1263.680107,1102.180084,1305.440094,1883.500145,1429.680099,1198.300076,1542.380119,1279.7001,1474.540112,1234.10009,1318.26009,1469.680111,1441.980106,1301.360092,1440.240093
PC (44:7),-0.073563863,6.727801591,1.168064357,0.27979932,0.529255543,888.6 -> 184.1,PC,1101.772577,1109.390078,1114.700073,1076.960075,1078.900074,1083.720078,1123.260082,1140.620087,1099.520073,1096.500072,1094.220074,1116.640079,1081.120064,1081.300087,1162.660084,1145.080078,1071.800079,1122.300076,1155.94009
PCo(40:6),-0.071059714,7.932048211,1.157715313,0.281939869,0.529255543,820.6 -> 184.1,PC,2613.67518,2625.575186,2424.540173,2672.900188,2617.760204,2711.020195,2355.500164,3098.920181,2712.720181,2316.040157,2288.940159,1908.840126,2686.560173,2744.420212,3039.300194,2463.900196,3036.780228,2835.860199,1488.820107
PC (46:0),-0.072385352,6.709840569,1.129403562,0.287902596,0.535749179,930.8 -> 184.1,PC,1087.515077,1094.320075,1094.58007,1097.140076,1078.560085,1080.520073,1091.740082,1071.54007,1106.040081,1080.000076,1098.200073,1129.900074,1125.980072,1068.780079,1087.180073,1084.200077,1061.000076,1099.320076,1156.520088
PC (42:1),-0.071574686,6.767497424,1.109317906,0.292230269,0.539114461,872.7 -> 184.1,PC,1138.685081,1144.867579,1146.300079,1091.940075,1171.480087,1098.620075,1104.50008,1198.280079,1160.720085,1137.640083,1110.240078,1099.960079,1072.580074,1235.600094,1178.420078,1192.360085,1140.440075,1129.340069,1100.860081
Lyso_PC(22:5),-0.068950924,8.03230298,1.09321544,0.295759868,0.540962493,570.3481 -> 184.1,PC,2793.612702,2804.907691,2196.240158,2673.620216,2662.840202,2373.840179,3220.600239,3071.160194,2919.22023,3231.380196,2274.600178,2098.08017,3461.220226,3445.020218,2914.04018,2690.020168,2798.940201,2757.340187,1769.940121
PC (48:2),-0.068833947,6.703664897,1.021084864,0.312261815,0.566305325,954.8 -> 184.1,PC,1086.515073,1090.692575,1107.140079,1079.300068,1166.100071,1083.320068,1054.460072,1056.160072,1074.580078,1071.060074,1087.460068,1105.740074,1104.460075,1067.08007,1094.660076,1114.720078,1054.420078,1097.000084,1111.880081
PC (42:8),-0.067430663,6.679185568,0.977907754,0.322715894,0.58034623,858.6 -> 184.1,PC,1066.247574,1069.072573,1047.200081,1088.760075,1024.760071,1089.140072,1133.100079,1079.500076,1053.440075,1014.080067,1086.48008,1111.940075,1047.140068,1024.080078,1027.80006,1106.620083,1034.460072,1114.060066,1135.16008
Lyso_PC(19:1),-0.064127785,6.832369089,0.893519109,0.344525441,0.605168449,536.3638 -> 184.1,PC,1182.257586,1182.340085,1095.340084,1199.240101,1323.280079,1077.180077,1177.960091,1069.460075,1169.760075,1345.840103,1120.040081,1156.360073,1138.200081,1131.620071,1089.460079,1277.880104,1160.720085,1384.440102,1345.680088
PC (44:4),-0.064801088,6.745919824,0.907984942,0.340649639,0.605168449,894.7 -> 184.1,PC,1124.395079,1126.007582,1146.680088,1153.32008,1132.700085,1239.880074,1096.440075,1072.180073,1088.020081,1065.940075,1087.900078,1125.460072,1119.040085,1156.920097,1108.420078,1208.760094,1126.920082,1074.640068,1074.060081
PC (46:1),-0.064297944,6.719511347,0.891753478,0.345002574,0.605168449,928.8 -> 184.1,PC,1097.860075,1098.55008,1211.44009,1092.460072,1075.680065,1148.84008,1060.240078,1066.980068,1072.080074,1055.160069,1124.560078,1071.140076,1064.900078,1114.460083,1122.460087,1070.420078,1101.32008,1119.140083,1164.160076
Lyso_PC(20:1),-0.063005089,7.032687813,0.874299711,0.349767711,0.608538944,550.3794 -> 184.1,PC,1376.710103,1377.167594,1305.460106,1546.600109,1253.160091,1300.0401,1207.140079,1429.980118,1475.920113,1495.380104,1314.660091,1445.8801,1644.320114,1329.660088,1455.120102,1325.320095,1317.440079,1184.940083,1257.380096
Lyso_PC(7:0),0.06203224,6.959648779,0.844037683,0.358244539,0.618260736,370.1916 -> 184.1,PC,1371.580095,1257.142588,1391.100098,1220.360088,1293.140079,1453.720104,1470.500107,1309.240086,1502.460098,1332.120102,1171.420074,1396.180111,1212.700092,1194.800079,1253.880093,1307.900085,1309.980087,1210.280083,1112.200073
PC (34:2),0.05834084,9.743767993,0.805630511,0.369415253,0.627419557,758.6 -> 184.1,PC,8804.888116,8088.648047,8167.560589,8396.140602,8871.220612,10360.60074,6791.760468,9181.040478,9816.280708,8854.500729,8165.140446,8112.700539,7171.50045,8503.540512,8325.780674,8544.840553,8395.420639,7490.260567,18247.56127
PCo(34:3),0.060956972,6.991813886,0.814691152,0.366736935,0.627419557,742.6 -> 184.1,PC,1364.485102,1251.570092,1405.220104,1425.340107,1196.300087,1242.580097,1378.540115,1399.800098,1615.480118,1252.62009,1236.920094,1248.300091,1397.960094,1171.300072,1162.340099,1309.620102,1256.480083,1229.640099,1751.780125
Lyso_Sphinganine-1-phosphocholine,0.059454005,7.102472938,0.781866554,0.376570889,0.634536773,467.3536 -> 184.1,PC,1516.435109,1391.967601,1496.280106,1693.16013,1372.580086,1322.320103,1535.400105,1641.12011,1717.780136,1352.840099,1292.7001,1531.560104,1541.260105,1164.360081,1653.720119,1173.760086,1197.420094,1580.960117,1178.640091
C20:4,-0.056157901,10.88343915,0.752859566,0.385572383,0.634711461,303.3 -> 303.3,FFA,20211.68144,20119.06891,21777.66138,21463.98159,19696.36144,19385.50138,21254.52159,20071.66147,19099.02127,18944.74141,21240.96152,20815.52143,19877.20135,19755.22133,20586.12148,20284.28156,19110.4213,19282.82131,13304.82095
C22:1,0.056719087,12.30212746,0.770981995,0.379913436,0.634711461,337.3 -> 337.3,FFA,57363.58898,52797.73115,57043.36406,55616.04386,59097.6841,56522.52371,53838.54371,59314.6839,59473.22416,58002.6443,54902.90392,55638.64399,56041.42345,56769.22395,58151.80399,47720.3033,46072.94326,47084.60336,16971.0612
Lyso_PC(15:0),0.058700745,7.0083367,0.757579539,0.384087063,0.634711461,482.3168 -> 184.1,PC,1408.030101,1292.910088,1417.740108,1473.680107,1369.820095,1223.900097,1400.3601,1701.080109,1366.520107,1311.140087,1280.92009,1251.760086,1364.000092,1258.26009,1180.460079,1300.62009,1421.180092,1286.080086,1307.420086
PCo(36:4),0.057448683,7.184230323,0.732806408,0.391975032,0.640325625,768.6 -> 184.1,PC,1591.742613,1463.517605,1481.440113,1382.960094,1743.160118,1539.280109,1487.620087,1780.260139,1683.020126,1636.200119,1415.28009,1432.920109,1533.900101,1443.680096,1728.300152,1485.760105,1306.300087,1362.000103,1459.160107
PC (36:6),-0.054894354,6.764972642,0.651486423,0.419581745,0.675116492,778.5 -> 184.1,PC,1126.805079,1119.935079,1023.920074,1098.560081,1097.740078,1308.660091,1193.420086,1139.520069,1048.940083,1103.680069,1100.640079,1112.620075,1012.960072,1110.800072,1207.720089,1092.100071,1128.060081,1194.58009,1371.66011
PC (52:0),-0.055149427,6.64119152,0.652404739,0.419254232,0.675116492,1014.9 -> 184.1,PC,1044.035074,1038.167576,1044.140079,1056.960079,1041.980072,1053.080074,1049.920082,1052.960068,1012.260067,1040.980072,1027.680073,1110.900078,1028.660072,1037.000072,1050.660072,1027.760082,1009.440075,1013.240082,1088.620068
SM (d18:1/12:0),-0.054427097,6.762130343,0.640648674,0.423476001,0.676297493,647.5 -> 184.1,PC,1130.47008,1123.500081,1115.84008,1143.300079,1192.900082,1078.140079,1144.140079,1111.960075,1168.42009,1089.060074,1096.68008,1059.480072,1106.220081,1175.18008,1232.040089,1117.420082,1024.780075,1176.200089,1274.820095
PC (44:2),-0.052958049,6.733800217,0.605618706,0.43644223,0.691841757,898.7 -> 184.1,PC,1114.375079,1105.95758,1117.640083,1088.320068,1157.760082,1104.560081,1085.060078,1062.940075,1055.780079,1242.940086,1061.300076,1142.800083,1062.700085,1086.760075,1117.560081,1072.260071,1072.720078,1231.560089,1157.58009
SM (d16:1/22:1),0.051288835,7.445326871,0.590320062,0.442295379,0.695964788,757.6 -> 184.1,PC,1847.405136,1703.335117,1641.30011,1680.840141,1788.040123,1897.340149,1839.320137,2083.320152,2242.840168,1606.240105,1735.480125,1625.600121,1646.000084,1362.400085,1814.040134,1769.760136,1589.820118,2083.580135,2675.680199
C18:4,0.049217711,10.8727523,0.578268204,0.446991932,0.698220973,275.3 -> 275.3,FFA,20883.42649,19326.74886,21874.14163,20789.32151,21864.14149,19712.2614,20736.40148,20911.54142,20903.66148,20275.94147,20550.28142,19890.14137,21332.18155,20617.44138,20008.64144,18104.84131,16715.62117,17394.84126,12110.18086
PC (42:2),-0.051325734,6.740107763,0.569093892,0.450619204,0.698689173,870.7 -> 184.1,PC,1119.35758,1109.977581,1141.640083,1088.700069,1098.040085,1066.240078,1128.060085,1100.640076,1151.780079,1179.760082,1110.600079,1097.460075,1107.620083,1122.760082,1111.040077,1131.820087,1107.800079,1090.720081,1175.660088
SM (d18:0/26:0),0.050822339,6.818071735,0.561089816,0.453821472,0.698689173,845.7 -> 184.1,PC,1227.77509,1134.782582,1119.280079,1193.34008,1240.980095,1273.540092,1329.280094,1220.840088,1056.020081,1388.920109,1263.780094,1143.720081,1261.260086,1115.100094,1033.100063,1158.720074,1011.780083,1090.800079,1175.860073
PC (40:1),-0.05046675,6.809081681,0.551991417,0.457505142,0.699329288,844.7 -> 184.1,PC,1156.537585,1146.855078,1169.900082,1024.980076,1131.640083,1100.220074,1336.440109,1062.380074,1232.140099,1194.600086,1121.58007,1210.900082,1251.600082,1223.800087,1195.840088,1088.640072,1063.540077,1018.940063,1537.420105
C20:0,0.046890737,14.12832103,0.527806657,0.467530449,0.70958522,311.3 -> 311.3,FFA,202281.8494,187889.8981,258762.3986,248194.4378,209516.0744,202876.7944,190215.6734,176691.2733,168470.6715,163527.4718,182602.3127,174844.2319,223754.1955,219121.0961,215452.9547,173367.772,158997.5911,154979.0309,62300.2045
PCo(32:2),-0.047216019,7.99252699,0.512025917,0.474263165,0.714734629,716.6 -> 184.1,PC,2736.177687,2706.140183,2146.120148,2145.220131,3015.10022,3006.640228,2484.980156,3026.720184,2550.840176,3513.800255,3017.62019,2762.660179,3000.840221,2891.38023,2743.540203,2652.640148,2546.440163,2034.00013,1774.300125
SM (d18:2/14:0),0.046654722,6.830385295,0.473523628,0.491370586,0.735337799,673.5 -> 184.1,PC,1244.852588,1153.54258,1158.720081,1349.760094,1340.340092,1081.820068,1212.720085,1147.260075,1310.400108,1357.800098,1136.340073,1115.780087,1214.300091,1160.600071,1111.360077,1114.640072,1227.980087,1147.340084,1051.04007
PC (42:9),-0.045843589,6.700515272,0.452661177,0.501073905,0.744651498,856.6 -> 184.1,PC,1088.707579,1076.105079,1078.680073,1127.120083,1132.760075,1094.080082,1161.180088,1013.380074,1027.380077,1075.080082,1058.360077,1022.500076,1136.44009,1071.780075,1036.220066,1114.860085,1130.700081,1037.98008,1175.180088
PCp(42:4),-0.044694623,6.777204834,0.43272908,0.51065286,0.753653186,850.7 -> 184.1,PC,1152.962583,1138.635078,1241.640095,1254.480091,1066.140068,1193.000084,1064.020081,1140.760086,1062.82008,1200.84008,1202.700073,1130.620087,1259.44009,1155.620079,1066.840073,1109.340076,1080.060074,1104.460075,1170.10009
C18:1,-0.04209554,13.14403663,0.425115458,0.514395504,0.753976972,281.3 -> 281.3,FFA,99523.79934,98189.27923,105827.2873,103213.1471,102367.0667,100479.8467,91842.30611,100106.6474,96975.82698,95378.26648,90260.64604,85988.56605,112072.0081,115347.308,112873.5876,95097.86673,90715.80588,83158.44548,27126.74193
PC (44:0),-0.043342308,6.711016301,0.405026338,0.524504797,0.763564806,902.8 -> 184.1,PC,1100.65008,1085.71758,1084.980076,1119.640079,1120.220081,1055.420078,1153.040077,1061.580078,1065.740078,1144.580093,1073.640079,1067.800076,1106.420078,1093.740082,1118.920078,1077.220081,1070.620079,1077.380085,1137.260078
Lyso_PC(17:2),0.04056208,6.830423299,0.357705305,0.549783421,0.785296526,506.3168 -> 184.1,PC,1234.242587,1148.172583,1217.280079,1128.000072,1142.360081,1360.860107,1209.680092,1197.580078,1411.900112,1206.280075,1122.120087,1065.280075,1220.260094,1230.560085,1161.50008,1135.020081,1036.340069,1214.300091,1191.960087
PC (44:5),-0.041260096,6.737947429,0.367589501,0.544321137,0.785296526,892.7 -> 184.1,PC,1117.70258,1100.715077,1095.780071,1114.260082,1081.580078,1129.880089,1116.200077,1091.220078,1108.12009,1204.580074,1144.82008,1073.260075,1074.060078,1128.00008,1122.860073,1080.700077,1102.040081,1079.980072,1237.780083
PC (44:6),-0.040612383,6.741168167,0.356526849,0.550441491,0.785296526,890.7 -> 184.1,PC,1130.21258,1112.345078,1142.08007,1111.780079,1087.360085,1211.260082,1095.700081,1208.860081,1077.420086,1107.240074,1146.520077,1101.920078,1098.220078,1152.380081,1098.160076,1126.480087,1066.120075,1108.960075,1079.800072
PC (36:7),0.0399989,6.884294428,0.348573274,0.554921878,0.786445576,776.5 -> 184.1,PC,1261.737595,1174.545088,1521.540115,1181.560081,1427.420105,1305.200108,1189.960091,1162.620083,1173.960087,1131.640087,1135.280087,1118.100086,1302.300106,1167.220081,1134.700089,1131.120083,1084.640079,1323.000092,1541.460098
Lyso_PC(19:0),-0.039149743,6.842364206,0.333443561,0.563638396,0.790595549,538.3794 -> 184.1,PC,1208.035086,1187.742584,1101.680088,1128.440075,1474.480114,1085.600079,1243.500084,1225.640076,1186.140083,1218.800091,1084.840076,1068.280087,1189.380077,1263.720089,1347.300106,1102.160076,1244.360081,1201.900078,1244.840092
Lyso_PC(20:4),0.036920505,6.870294066,0.297179012,0.585656356,0.790595549,544.3325 -> 184.1,PC,1269.870094,1183.520084,1268.560097,1202.44009,1136.960083,1352.220097,1117.300083,1492.420109,1146.380077,1442.680115,1205.380085,1238.12009,1218.260086,1280.060093,1083.98008,1097.100079,1045.360069,1299.900089,1189.520084
Lyso_PC(21:0),-0.037060783,6.786816105,0.297494025,0.585457724,0.790595549,566.4107 -> 184.1,PC,1154.740082,1133.727579,1055.620068,1150.12009,1289.960083,1169.240082,1051.48008,1158.740082,1185.860081,1176.900089,1216.840073,1097.640072,1203.080078,1072.000084,1163.560078,1071.300087,1138.780083,1106.620075,1338.8601
Lyso_PC(22:4),-0.037810093,6.88381277,0.311951472,0.576485146,0.790595549,572.3638 -> 184.1,PC,1248.277584,1226.327585,1155.900082,1171.780071,1336.320084,1411.180103,1164.900082,1285.820087,1202.440071,1257.880089,1415.900097,1188.24007,1213.380089,1212.440075,1228.28009,1186.280087,1272.700089,1093.400082,1206.420086
Lyso_PC(22:6),-0.036366363,6.9008903,0.288630502,0.591099476,0.790595549,568.3325 -> 184.1,PC,1251.127587,1227.887583,1324.380093,1089.200073,1230.440079,1096.380089,1349.580093,1256.860092,1427.040092,1235.140083,1045.100079,1131.380074,1416.080109,1249.680088,1283.360081,1238.180084,1290.420074,1168.900078,1440.740093
Lyso_PC(24:1),-0.038057033,6.838559369,0.314824951,0.574734385,0.790595549,606.442 -> 184.1,PC,1197.457582,1177.092584,1194.880085,1262.840092,1131.520084,1165.620075,1302.960079,1129.540081,1152.580082,1239.720081,1223.280079,1214.020088,1233.860088,1059.460072,1230.820095,1150.180084,1151.520084,1153.600079,1362.380108
PC (42:4),0.036660653,6.908913506,0.293580234,0.587935314,0.790595549,866.7 -> 184.1,PC,1296.500095,1209.440091,1180.700081,1216.620087,1136.400097,1293.640083,1353.560104,1407.920105,1329.440083,1453.720123,1227.640091,1249.880093,1185.460094,1474.780117,1135.740082,1171.060078,1128.920086,1102.040089,1346.820099
PCo(34:0),0.036917443,7.383042902,0.30453846,0.581051104,0.790595549,748.6 -> 184.1,PC,1722.852624,1607.467616,1589.440105,1652.040131,1771.020134,1553.320107,1801.580139,1527.000099,2011.200134,1877.220146,1505.440128,1474.560093,1742.220127,1822.700119,1570.420116,1495.200119,1771.380119,1477.820103,3159.220215
SM (d18:0/14:0),-0.038359936,6.97050512,0.322244243,0.570262048,0.790595549,677.6 -> 184.1,PC,1299.417596,1275.967591,1145.360088,1209.980076,1368.380112,1220.84008,1327.300102,1541.540127,1300.760086,1281.180096,1327.520096,1262.460083,1257.220089,1224.460083,1342.540096,1228.860088,1274.180096,1290.500095,1732.14011
Lyso_PC(18:4),0.035645754,6.811853337,0.275890326,0.599407582,0.79672809,516.3012 -> 184.1,PC,1215.242585,1134.547579,1407.740097,1170.980091,1233.800083,1133.580078,1036.140072,1194.300076,1342.160095,1203.240089,1180.94009,1040.900066,1137.860077,1035.420074,1183.600086,1267.60009,1166.220074,1063.840076,1195.540089
Lyso_PC(14:1),0.034348992,7.281004383,0.263427713,0.607774989,0.797058776,466.2855 -> 184.1,PC,1702.527621,1590.002612,1687.940128,1480.040112,1629.220116,1821.840122,1732.560123,1838.540127,1802.02013,1628.060112,1593.820122,1514.400105,1904.80014,1601.040108,1506.460091,1309.58009,1627.320122,1662.600117,1330.600109
Lyso_PC(3:1),-0.03440757,6.91735229,0.258967928,0.61083009,0.797058776,312.1134 -> 184.1,PC,1283.980093,1258.685089,1346.800087,1379.040104,1266.08009,1267.760094,1199.300087,1257.840088,1377.980114,1177.040081,1087.520077,1280.820087,1312.480099,1402.680096,1236.140095,1145.020077,1427.700092,1177.120087,1149.780075
Lyso_PC(6:0),-0.034463298,7.04227431,0.26150989,0.609084733,0.797058776,356.176 -> 184.1,PC,1384.300099,1358.172592,1442.300106,1497.500107,1552.480122,1332.660103,1320.160095,1153.440075,1404.080082,1371.780106,1190.840084,1334.480095,1409.580101,1307.800083,1669.280106,1408.360104,1159.120071,1385.92009,1510.220097
PC (44:1),-0.034196551,6.726120675,0.252206501,0.615525679,0.798318154,900.7 -> 184.1,PC,1107.557578,1085.255078,1143.160076,1080.320072,1132.020092,1095.740074,1075.500072,1065.160072,1108.300076,1160.260086,1084.720074,1090.760078,1079.080082,1082.620071,1067.740074,1096.220078,1068.600082,1112.300087,1290.940086
PC (40:8),-0.033704854,6.75745119,0.245444968,0.620300837,0.799664934,830.6 -> 184.1,PC,1127.662582,1104.265077,1198.420097,1085.780075,1211.600098,1151.960091,1114.140076,1143.300072,1024.360069,1091.740082,1069.500084,1056.140076,1058.440083,1076.260075,1143.080074,1122.640072,1042.640068,1265.420082,1393.280094
Lyso_PC(20:0),-0.032772934,6.956471921,0.235221174,0.627679143,0.804331357,552.3951 -> 184.1,PC,1301.485096,1274.835088,1187.120094,1373.040096,1514.960106,1222.180099,1438.000099,1219.08009,1285.840099,1171.66008,1322.340088,1280.600098,1336.120098,1239.720085,1171.300072,1319.840092,1381.000095,1147.760075,1487.420116
Lyso_PC(22:2),-0.031710325,6.851738384,0.218894277,0.639883718,0.811492125,576.3951 -> 184.1,PC,1218.750087,1192.730083,1137.900089,1396.540104,1065.480076,1200.440083,1311.520092,1281.660088,1236.700081,1119.760086,1279.120079,1226.8601,1085.180077,1124.040077,1235.220081,1360.120098,1157.280083,1074.020073,1251.640083
PC (42:6),-0.031742189,6.74403316,0.217630581,0.640851258,0.811492125,862.6 -> 184.1,PC,1125.085083,1100.545074,1075.900074,1107.780079,1115.880089,1100.380077,1159.860092,1150.240078,1189.60009,1101.040081,1019.380077,1045.120071,1175.260075,1049.660065,1213.120071,1110.140079,1025.280075,1166.400078,1265.780083
C20:5,0.029631612,11.54472729,0.210090663,0.646696352,0.814076585,301.3 -> 301.3,FFA,32976.28485,30932.05222,30579.80232,34161.18239,31260.74232,32262.78235,33800.82249,32856.32219,33606.80238,35281.82238,29557.78218,32009.88212,33044.82246,32489.28226,33087.26235,29737.06232,28772.342,28757.98206,20526.20143
Lyso_PC(21:4),0.030351939,6.909494238,0.201191404,0.653760893,0.818156906,558.3481 -> 184.1,PC,1291.087589,1208.677586,1324.160091,1272.740089,1231.880089,1211.560081,1281.920094,1437.760101,1277.580086,1291.100079,1225.520088,1192.720085,1098.900074,1105.600079,1080.32008,1349.260098,1316.540085,1300.560097,1397.200115
PC (42:7),-0.029793543,6.701195157,0.191203541,0.661916803,0.819848187,860.6 -> 184.1,PC,1095.820075,1070.577578,1069.380077,1032.600071,1143.680077,1087.780071,1128.960087,1094.420071,1064.38007,1145.360077,1037.22007,1131.260078,1080.700085,1068.760086,1046.16008,1106.480076,1044.780071,1049.260078,1176.780102
PCo(44:4),-0.029658214,6.750767053,0.190170837,0.662774469,0.819848187,880.7 -> 184.1,PC,1136.565078,1109.982577,1083.720074,1145.620079,1165.020084,1117.000072,1120.380081,1214.48008,1107.140076,1139.16008,1087.220081,1118.200085,1104.200069,1093.900066,1127.900078,1069.840076,1181.380077,1097.220081,1181.340099
C18:0,0.025974894,18.47316401,0.162063825,0.687263468,0.830928712,283.3 -> 283.3,FFA,4148187.66,3903032.026,4360715.854,4114119.819,4353586.897,4313415.929,4062844.339,4167694.472,3992494.559,3820629.412,4018594.569,3931451.631,4232421.957,4318189.483,4183034.41,3793666.225,3530186.676,3216711.255,238026.4588
PC (32:3),0.027354972,7.28901087,0.166970217,0.682818629,0.830928712,728.5 -> 184.1,PC,1682.082618,1581.002609,1457.600109,1663.060127,1624.360119,1889.300129,1686.780113,1684.40012,1744.420116,1706.740112,1525.000107,1607.060104,2119.160152,1530.480099,1606.940109,1460.100109,1446.420094,1352.860096,1750.700115
PCo(32:3),-0.02662069,10.11514187,0.168496787,0.68145123,0.830928712,714.5 -> 184.1,PC,12310.07586,11982.79836,9610.740765,9223.440639,11530.34071,11845.72073,11645.26083,16050.36125,14341.10096,14233.64099,11311.10077,12453.40092,12444.92096,13292.92097,13369.66092,10426.76079,12016.00081,10547.62077,2886.220222
PCo(36:5),0.027496807,6.937095994,0.165488862,0.68415252,0.830928712,766.6 -> 184.1,PC,1322.082595,1240.257588,1138.600075,1258.020073,1319.760094,1176.680077,1401.340099,1513.08012,1238.740086,1530.44014,1303.820095,1062.900074,1249.660084,1183.860092,1294.820091,1165.620079,1332.380093,1329.000095,1307.500095
SM (d18:2/18:1),0.026428061,6.782838987,0.151272834,0.697321948,0.838353353,727.6 -> 184.1,PC,1180.592581,1108.642576,1174.540077,1161.360085,1100.740078,1160.000084,1161.800079,1303.080082,1117.700081,1265.520084,1153.020069,1056.020073,1065.840076,1138.440079,1131.160088,1029.820076,1128.960079,1165.88007,1281.700092
Lyso_PC(22:0),-0.024245864,7.258699629,0.130924253,0.71747566,0.841906415,580.4264 -> 184.1,PC,1610.150111,1565.782614,1679.340111,1273.94009,1786.220127,1432.0401,1853.280121,1525.300102,1768.100117,1562.980118,1425.78009,1652.760128,1655.08012,1472.120098,1543.800117,1530.180107,1408.14011,1838.400139,1851.720127
PC (36:4),-0.024142046,7.888972785,0.132998825,0.715342794,0.841906415,782.6 -> 184.1,PC,2402.855169,2334.895168,1937.04015,2191.740139,2367.380173,2072.960136,2420.840172,2831.320225,2768.34016,2633.2202,2085.640137,2642.900192,2234.700184,2391.380169,2269.720173,2308.820175,2254.100151,2491.900162,4421.9603
PC (40:7),0.024676468,6.862284502,0.132536937,0.715816023,0.841906415,832.6 -> 184.1,PC,1241.460093,1168.102586,1305.000107,1260.340103,1303.58009,1221.300098,1231.50008,1131.860081,1288.060104,1190.040077,1150.860088,1314.360107,1195.060093,1124.800091,1169.160076,1074.480072,1160.460072,1155.640091,1431.160095
PC (42:5),0.024567013,6.952176263,0.132262356,0.716097788,0.841906415,864.6 -> 184.1,PC,1338.297596,1259.252593,1143.080086,1461.080112,1347.020096,1360.940102,1219.680096,1358.940094,1358.540085,1457.100098,1272.76009,1332.200092,1262.540092,1223.500092,1166.180077,1399.960114,1222.840092,1194.040092,1250.280087
PCo(36:2),0.023902733,7.53871202,0.128542527,0.719948009,0.841906415,772.6 -> 184.1,PC,1901.09013,1788.50012,1881.500111,1514.300121,1982.700134,2043.640121,2035.700142,1834.36013,1600.940117,2315.580162,1710.540108,1904.540123,1719.160145,1598.840099,1874.980133,1751.140118,1752.740108,1996.060127,3678.72028
PC (34:6),-0.024014592,6.758198778,0.124647685,0.724047365,0.842098566,750.5 -> 184.1,PC,1135.462584,1104.870079,1075.340076,1015.100082,1228.920094,1106.960087,1219.560085,1177.600082,1070.34008,1189.880081,1096.480083,1041.920074,1052.72007,1207.220097,1179.300076,1100.34008,1119.420082,1041.560066,1342.58009
Lyso_PC(19:3),-0.020936773,7.677141753,0.099625678,0.752279298,0.870204161,532.3325 -> 184.1,PC,2225.137656,2159.047656,1968.240128,2035.500153,2003.920139,2246.580139,2489.12019,2554.780178,2189.820175,2313.140144,2686.460209,2500.100189,2022.420158,2370.20015,1852.540127,1855.840141,2030.580143,1954.240131,1310.060097
Lyso_PC(15:1),-0.020442791,6.805463632,0.090722704,0.76326039,0.878159803,480.3012 -> 184.1,PC,1188.952586,1153.602581,1315.7201,1113.060078,1074.160072,1176.16008,1256.040096,1204.400093,1133.140083,1238.940086,1273.900093,1225.580086,1068.040081,1138.840065,1097.50008,1142.580082,1078.38007,1204.000092,1147.420078
Lyso_PC(17:0),-0.019083017,6.952303871,0.079620739,0.777812033,0.879206017,510.3481 -> 184.1,PC,1283.947587,1245.282588,1166.760071,1418.580097,1446.260101,1228.760071,1168.280079,1211.040077,1319.740093,1312.160103,1237.400101,1330.440083,1152.34008,1232.520088,1187.400093,1389.800079,1208.820087,1223.540089,1821.160141
Lyso_PC(17:1),-0.019661242,6.876218607,0.08429919,0.771553672,0.879206017,508.3325 -> 184.1,PC,1248.287588,1209.677588,1127.380085,1084.880074,1192.000076,1278.860088,1259.220085,1380.740101,1479.160099,1184.060093,1103.700085,1173.980091,1141.760078,1190.600075,1274.180088,1255.160091,1254.460094,1283.580101,1236.940098
PC (32:4),-0.018948191,6.743188054,0.077580461,0.780603473,0.879206017,726.5 -> 184.1,PC,1134.542579,1099.847577,1153.580078,1088.280075,1216.200073,1137.340076,1065.140079,1083.160076,1245.840092,1086.800079,1079.300072,1093.900074,1139.440083,1066.800076,1061.84008,1088.300072,1162.980076,1106.220085,1178.960075
PC (40:10),0.019311147,6.821935522,0.081014667,0.775927046,0.879206017,826.5 -> 184.1,PC,1214.41759,1147.062585,1329.940098,1274.960098,1091.540077,1099.160076,1239.000092,1140.980083,1222.340092,1317.420101,1146.08009,1112.140079,1173.460091,1176.98008,1146.800106,1122.800076,1180.320087,1117.920074,1235.700096
PCo(42:4),-0.018414893,6.734465349,0.073232591,0.786686998,0.88141894,852.7 -> 184.1,PC,1127.967579,1093.615077,1020.300076,1210.040092,1058.600071,1137.860077,1137.580078,1074.960075,1229.200085,1155.200081,1026.84008,1022.720066,1081.040077,1163.180088,1088.48008,1199.320076,1091.080074,1076.260071,1166.520084
C17:0,-0.015691924,13.93099154,0.059105957,0.807914632,0.900488184,269.3 -> 269.3,FFA,173778.6024,168224.6945,169672.5116,163777.2326,178457.5724,170524.1925,164165.8714,186554.4332,183814.4735,173262.5318,165572.5116,161028.4521,183650.4929,191763.9538,188036.1736,166406.2314,151410.6703,137929.0705,40828.86284
C22:0,0.014281361,13.59392389,0.048947627,0.824904703,0.909687062,339.3 -> 339.3,FFA,137801.4674,130743.8142,144824.8103,139063.6503,143651.15,138303.3498,138198.8709,143364.0901,130906.3096,124099.5083,135372.8298,127886.009,152796.3708,147376.3702,145087.5701,120192.5085,112101.568,105137.2876,51079.54359
PC (40:2),-0.014666927,6.85797529,0.046693303,0.828920454,0.909687062,842.7 -> 184.1,PC,1189.490087,1149.807581,1119.42009,1173.900097,1268.240086,1145.300083,1094.960075,1219.240086,1285.800091,1209.060089,1102.340076,1102.360081,1213.400089,1115.920082,1310.520088,1087.300072,1115.48008,1151.140083,1965.160149
PC (44:10),-0.015298012,6.870601704,0.051034742,0.821272429,0.909687062,882.6 -> 184.1,PC,1249.465093,1208.147585,1241.980087,1282.160091,1146.140083,1172.280083,1183.840084,1201.760094,1291.840111,1475.720108,1287.320091,1203.100075,1159.640079,1154.580093,1249.040092,1206.420086,1127.040085,1278.040077,1145.740082
Lyso_PC(18:1),0.012045174,8.556104695,0.03378585,0.854163079,0.914122862,522.3481 -> 184.1,PC,4061.19029,3853.952761,3869.300282,2999.820206,3893.060246,4514.060345,4660.920357,3913.300266,4701.600342,3937.460281,4125.200241,3995.10025,4219.380272,3487.200283,4499.160297,3535.580231,3325.400253,3644.600258,3729.040237
Lyso_PC(5:0),-0.013804578,6.981652417,0.041821724,0.837959976,0.914122862,342.1603 -> 184.1,PC,1342.305095,1296.712595,1426.480095,1291.140099,1162.580074,1394.460091,1418.200108,1426.800102,1353.340092,1265.440098,1269.2001,1274.840096,1375.120098,1231.5201,1400.8801,1269.160091,1178.040081,1374.940094,1374.200092
PC (38:6),0.012206672,7.573072168,0.033712157,0.854320432,0.914122862,806.6 -> 184.1,PC,2075.492651,1970.450136,2177.480152,2161.360172,2109.840145,2248.940166,1853.560131,1991.98016,1992.120125,2068.66016,1925.600124,1858.660126,2141.460148,2193.16016,1837.100136,1943.720123,1945.220142,1918.680126,1498.700123
PCo(40:4),-0.012426875,6.91268262,0.033728234,0.854286089,0.914122862,824.6 -> 184.1,PC,1271.932586,1227.742587,1420.380096,1164.260075,1473.120102,1178.620083,1367.240089,1208.540085,1129.460072,1233.840088,1318.280102,1256.600071,1113.800079,1283.200092,1245.240086,1119.960087,1274.100086,1210.760094,1438.500088
SM (d18:1/26:1)17Z)),-0.012977023,6.847394509,0.036582982,0.848316584,0.914122862,841.7 -> 184.1,PC,1200.330086,1158.862579,1137.32008,1094.340065,1457.280102,1215.740086,1165.220085,1173.660091,1192.200092,1166.880085,1103.540081,1324.640091,1082.140068,1261.260101,1168.24007,1074.600079,1110.56007,1145.920074,1631.96011
PC (42:3),-0.01013361,6.821199095,0.022314646,0.8812531,0.938249569,868.7 -> 184.1,PC,1205.062589,1161.695082,1139.600094,1206.420094,1297.060097,1298.940086,1195.660084,1165.380089,1110.360077,1227.080093,1209.620087,1150.040081,1112.360081,1264.960102,1121.040085,1190.50008,1112.000065,1133.040077,1175.720089
PCo(36:3),0.009378184,7.085054534,0.019411674,0.889192716,0.942016045,770.6 -> 184.1,PC,1448.337602,1376.975099,1434.3601,1453.200092,1248.760078,1281.060093,1361.040089,1577.90012,1698.580124,1531.800121,1435.280098,1327.560093,1559.900127,1279.040085,1554.400108,1391.100101,1171.160084,1297.360092,1579.200108
C18:2,0.007961863,11.1020593,0.015147198,0.902048538,0.950928015,279.3 -> 279.3,FFA,24136.2392,22996.54165,26306.16185,26282.68191,23332.02166,22517.82157,24553.86171,25213.84171,22146.16158,22737.36159,22948.34162,22586.96156,26749.242,25386.86173,23982.04179,21780.88158,20356.52143,20181.48149,14117.10095
PC (38:8),0.007881661,7.006345864,0.013628659,0.907064628,0.95152858,802.5 -> 184.1,PC,1347.485096,1282.592591,1229.780087,1455.960091,1172.740089,1392.200108,1320.720089,1407.980103,1550.460114,1250.040085,1231.580078,1415.180099,1410.140095,1154.82008,1421.680099,1173.900097,1244.460094,1208.980083,1868.360146
PCo(38:6),0.006554134,6.982114229,0.009411252,0.922717176,0.957734255,792.6 -> 184.1,PC,1325.335092,1263.32759,1262.040104,1273.10009,1313.760086,1374.960091,1450.400097,1255.600086,1269.040085,1403.780098,1247.060085,1248.820095,1430.280094,1315.420097,1207.600082,1224.280094,1268.480083,1164.680088,1812.260139
PCp(36:5),-0.006728421,6.870875745,0.009849537,0.920943879,0.957734255,764.6 -> 184.1,PC,1222.405085,1175.052586,1213.960087,1280.780083,1253.760098,1190.120083,1169.020081,1294.720097,1184.000076,1192.880077,1152.740082,1086.240089,1139.260082,1210.800087,1249.120087,1165.600079,1150.980091,1245.680092,1663.080128
SM (d18:1/14:0),0.006226705,7.084578447,0.008531653,0.926406499,0.957734255,675.5 -> 184.1,PC,1395.0051,1328.800091,1299.220089,1149.860081,1555.920109,1359.000095,1359.920101,1320.100094,1752.060135,1363.960098,1388.580101,1574.640106,1268.38007,1461.000103,1203.800087,1373.600101,1192.100082,1168.300079,2427.76017
C16:0,-0.00386151,18.58675946,0.003581787,0.952276668,0.975464567,255.3 -> 255.3,FFA,4444745.472,4269161.69,4704654.397,4444880.308,4647656.615,4542500.027,4330468.038,4458976.824,4329151.411,4099676.154,4207575.35,4204176.276,4566008.051,4707774.661,4622215.933,4268711.641,3975600.218,3601231.39,212711.6742
Lyso_PC(18:2),-0.003746927,7.047564516,0.003091843,0.955657003,0.975464567,520.3325 -> 184.1,PC,1403.3276,1346.512598,1458.840099,1588.260113,1509.120106,1227.140095,1313.300098,1311.320095,1435.420101,1383.220097,1440.98011,1133.340084,1260.860088,1415.5401,1343.660099,1283.640087,1544.12011,1349.960102,1539.000099
PC (40:3),-0.0034037,6.934936802,0.002533311,0.95985782,0.975464567,840.6 -> 184.1,PC,1292.770093,1240.25509,1342.140095,1192.940086,1140.140076,1524.020115,1197.840096,1364.180092,1295.840092,1285.060097,1312.140087,1216.780075,1468.920116,1103.580082,1248.640095,1257.360088,1116.220078,1198.400097,1521.860111
PC (44:12),-0.003256772,6.758017476,0.002295144,0.96178983,0.975464567,878.6 -> 184.1,PC,1156.810087,1109.917577,1123.380085,1315.860096,1105.44009,1067.16008,1140.960079,1080.800083,1091.460083,1329.420101,1139.560085,1103.00008,1135.360085,1060.340073,1090.600075,1128.920078,1078.260067,1143.300076,1109.66008
PC (42:10),-0.002044609,6.723091821,9.02E-04,0.97604542,0.980627793,854.6 -> 184.1,PC,1120.46758,1073.557578,1167.460087,1079.800087,1052.100071,1121.280075,1126.220081,1200.120079,1154.820084,1061.940079,1069.280083,1090.960075,1040.940086,1091.240067,1084.980083,1101.660072,1072.520081,1036.880077,1247.700096
PCp(40:6),0.002406917,6.967841118,0.001267888,0.971595401,0.980627793,818.6 -> 184.1,PC,1308.410089,1249.192586,1186.000084,1312.040096,1363.440094,1266.740093,1323.000092,1436.940079,1244.900085,1334.220089,1126.020073,1460.160088,1159.60009,1239.060085,1202.640095,1251.240086,1199.480087,1355.340084,1836.980118
PC (36:5),0.001108691,6.914521541,2.68E-04,0.986930829,0.986930829,780.6 -> 184.1,PC,1270.137592,1215.575087,1249.640095,1521.140125,1320.060089,1258.520096,1179.900078,1225.680088,1196.100082,1210.060085,1292.320091,1160.560078,1312.560101,1239.220093,1080.300083,1287.740089,1246.420078,1105.48008,1590.380119
