"Majority protein IDs","logFC","logCPM","LR","PValue","FDR","Protein IDs","Protein names","Gene names","Fasta headers","Mol. weight [kDa]","Intensity","Intensity C1","Intensity C2","Intensity C3","Intensity C4","Intensity C5","Intensity R1","Intensity R2","Intensity R3","Intensity R4","Intensity R5","iBAQ C1","iBAQ C2","iBAQ C3","iBAQ C4","iBAQ C5","iBAQ R1","iBAQ R2","iBAQ R3","iBAQ R4","iBAQ R5","LFQ intensity C1","LFQ intensity C2","LFQ intensity C3","LFQ intensity C4","LFQ intensity C5","LFQ intensity R1","LFQ intensity R2","LFQ intensity R3","LFQ intensity R4","LFQ intensity R5","MS/MS count C1","MS/MS count C2","MS/MS count C3","MS/MS count C4","MS/MS count C5","MS/MS count R1","MS/MS count R2","MS/MS count R3","MS/MS count R4","MS/MS count R5"
"M0RBF1;M0RBJ7;P01026",7.99867474058817,14.9653630844877,10.4146206063862,0.00125021537402538,0.0550094764571166,"M0RBF1;M0RBJ7;P01026","Complement C3;Complement C3 beta chain;C3-beta-c;Complement C3 alpha chain;C3a anaphylatoxin;Acylation stimulating protein;Complement C3b alpha chain;Complement C3c alpha chain fragment 1;Complement C3dg fragment;Complement C3g fragment;Complement C3d fragment;Complement C3f fragment;Complement C3c alpha chain fragment 2","C3","tr|M0RBF1|M0RBF1_RAT Complement C3 OS=Rattus norvegicus OX=10116 GN=C3 PE=1 SV=1;tr|M0RBJ7|M0RBJ7_RAT Complement C3 OS=Rattus norvegicus OX=10116 GN=C3 PE=1 SV=1;sp|P01026|CO3_RAT Complement C3 OS=Rattus norvegicus OX=10116 GN=C3 PE=1 SV=3",186.32,1.3964e+10,36067000,78186000,14702000,31697000,24722000,1807200000,1861400000,3526800000,3.357e+09,3226200000,357100,774110,145560,313830,244770,17893000,18430000,34919000,33238000,31942000,0,44242000,0,0,0,2193800000,2558600000,2695400000,2578700000,2610600000,5,3,3,3,3,164,157,161,170,172
"A0A096P6L8;P04937;P04937-3;F1LST1;P04937-2;P04937-4",2.52600821345202,11.6672383704235,1.71199337195817,0.190726944816013,0.998404653174941,"A0A096P6L8;P04937;P04937-3;F1LST1;P04937-2;P04937-4;Q6LC76;P97624;Q9Z1G8","Fibronectin;Anastellin","Fn1","tr|A0A096P6L8|A0A096P6L8_RAT Fibronectin OS=Rattus norvegicus OX=10116 GN=Fn1 PE=1 SV=2;sp|P04937|FINC_RAT Fibronectin OS=Rattus norvegicus OX=10116 GN=Fn1 PE=1 SV=2;sp|P04937-3|FINC_RAT Isoform 3 of Fibronectin OS=Rattus norvegicus OX=10116 GN=Fn1;tr|F1LS",272.44,1438200000,55434000,174660000,17673000,7576200,7985500,101200000,65834000,271740000,409160000,326910000,513280,1617200,163640,70150,73940,937060,609580,2516100,3788600,3026900,59396000,81525000,25935000,0,0,140250000,108090000,205410000,353640000,303980000,13,17,5,2,3,20,17,44,59,44
"A0A0G2JV65;P63102",0.97845763833278,9.28397681126804,0.282143881805098,0.595299471393058,0.998404653174941,"A0A0G2JV65;P63102","14-3-3 protein zeta/delta","Ywhaz","tr|A0A0G2JV65|A0A0G2JV65_RAT 14-3-3 protein zeta/delta OS=Rattus norvegicus OX=10116 GN=Ywhaz PE=1 SV=1;sp|P63102|1433Z_RAT 14-3-3 protein zeta/delta OS=Rattus norvegicus OX=10116 GN=Ywhaz PE=1 SV=1",28.988,325590000,22666000,51094000,7843900,14259000,11909000,13783000,21811000,55995000,74379000,51854000,1511000,3406300,522930,950570,793930,918890,1454100,3733000,4958600,3456900,37991000,36808000,0,0,0,0,40266000,41867000,45087000,39791000,2,5,1,3,2,3,5,4,9,4
"A0A0G2K506;Q1PBJ1;P70490",-1.67747124222694,9.53073316977929,0.801279935823715,0.370710965081186,0.998404653174941,"A0A0G2K506;Q1PBJ1;P70490","Lactadherin","Mfge8","tr|A0A0G2K506|A0A0G2K506_RAT Lactadherin OS=Rattus norvegicus OX=10116 GN=Mfge8 PE=1 SV=1;tr|Q1PBJ1|Q1PBJ1_RAT Lactadherin OS=Rattus norvegicus OX=10116 GN=Mfge8 PE=1 SV=1;sp|P70490|MFGM_RAT Lactadherin OS=Rattus norvegicus OX=10116 GN=Mfge8 PE=2 SV=1",51.143,359660000,35406000,128930000,19974000,26426000,6964200,14629000,12943000,37876000,54461000,22051000,1686000,6139600,951140,1258400,331630,696600,616340,1803600,2593400,1050100,45012000,64265000,42212000,44954000,0,0,0,21636000,28221000,22404000,8,14,7,3,4,1,2,5,7,5
"B6DYQ7;P04906",0.0517877203632051,10.4034864460926,0.000805323638161326,0.977360491363642,0.998404653174941,"B6DYQ7;P04906;Q7TP35","Glutathione S-transferase P","Gstp1","tr|B6DYQ7|B6DYQ7_RAT Glutathione S-transferase pi OS=Rattus norvegicus OX=10116 GN=Gstp1 PE=2 SV=1;sp|P04906|GSTP1_RAT Glutathione S-transferase P OS=Rattus norvegicus OX=10116 GN=Gstp1 PE=1 SV=2",23.439,570960000,70570000,121210000,14173000,34085000,24130000,39175000,40544000,66619000,70924000,89532000,5880800,10101000,1181100,2840400,2010800,3264600,3378600,5551600,5910300,7461000,61788000,61239000,0,61262000,49616000,50934000,52788000,56555000,56064000,56763000,9,5,6,6,9,5,8,6,10,7
"D3ZJ08",1.36979280412242,11.1093724567365,0.543468413050032,0.460998847559305,0.998404653174941,"D3ZJ08","Histone H3","Hist2h3c2","tr|D3ZJ08|D3ZJ08_RAT Histone H3 OS=Rattus norvegicus OX=10116 GN=Hist2h3c2 PE=1 SV=1",15.388,951310000,30925000,51060000,39287000,17169000,49583000,70419000,67114000,201280000,215280000,209190000,7731200,12765000,9821800,4292300,12396000,17605000,16778000,50321000,53821000,52297000,36621000,38823000,58319000,0,66007000,95127000,88085000,140230000,162220000,150270000,3,8,6,3,9,14,13,9,10,11
"D4ACV3;M0RDM4;Q6I8Q6;M0RCL5;K7S2S2;K7R8M0;G3V9C0;D3ZVK7;A9UMV8;Q64598;Q4FZT6;Q00728;P0CC09;P0C170;P0C169;P02262;D3ZXP3;A0A0A0MXW3;D4AEC0;P0C0S7",1.02640127493157,12.576009937276,0.309899073118137,0.577742124704803,0.998404653174941,"D4ACV3;M0RDM4;Q6I8Q6;M0RCL5;K7S2S2;K7R8M0;G3V9C0;D3ZVK7;A9UMV8;Q64598;Q4FZT6;Q00728;P0CC09;P0C170;P0C169;P02262;D3ZXP3;A0A0A0MXW3;D4AEC0;P0C0S7;M0R6X5;D3ZWE0","Histone H2A;Histone H2A.J;Histone H2A type 1-F;Histone H2A type 3;Histone H2A type 4;Histone H2A type 2-A;Histone H2A type 1-E;Histone H2A type 1-C;Histone H2A type 1;Histone H2A.Z","Hist2h2ac;LOC680322;Hist1h2af;LOC100910554;Hist2h2aa2;Hist1h2ao;Hist1h2ac;Hist1h2ak;H2afj;Hist2h2aa3;H2afx;H2afz;H2afv","tr|D4ACV3|D4ACV3_RAT Histone H2A OS=Rattus norvegicus OX=10116 GN=Hist2h2ac PE=3 SV=2;tr|M0RDM4|M0RDM4_RAT Histone H2A OS=Rattus norvegicus OX=10116 GN=LOC680322 PE=3 SV=1;tr|Q6I8Q6|Q6I8Q6_RAT Histone H2A OS=Rattus norvegicus OX=10116 GN=Hist1h2af PE=3 SV=",13.645,2486500000,128930000,239810000,52888000,95208000,119220000,288180000,236020000,441630000,436890000,447740000,25786000,47961000,10578000,19042000,23843000,57636000,47204000,88325000,87378000,89548000,142370000,140160000,101550000,121740000,175490000,284010000,290420000,323530000,363670000,364410000,3,5,3,3,8,14,11,5,10,7
"F1LM84",0.33475808155046,11.7291576510863,0.0335760381213177,0.854611550286375,0.998404653174941,"F1LM84;P08460",NA,"Nid1","tr|F1LM84|F1LM84_RAT Nidogen-1 OS=Rattus norvegicus OX=10116 GN=Nid1 PE=1 SV=1",137.04,1540900000,104500000,454990000,16949000,70387000,49443000,56727000,46272000,232030000,277760000,231860000,2009500,8749800,325940,1353600,950830,1090900,889840,4462200,5341500,4458800,132430000,252910000,0,80593000,64691000,68341000,70744000,187070000,236620000,200760000,13,31,9,12,6,8,8,30,33,32
"G3V6X1",-0.734193639192731,8.24657005424938,0.160150690816977,0.689017817334354,0.998404653174941,"G3V6X1",NA,"Fbln2","tr|G3V6X1|G3V6X1_RAT Fibulin 2 OS=Rattus norvegicus OX=10116 GN=Fbln2 PE=1 SV=1",131.3,162060000,19203000,54492000,4537700,9165100,4726000,4556600,2232700,21459000,18289000,23395000,400070,1135200,94536,190940,98458,94930,46515,447060,381010,487390,28587000,23272000,0,16914000,0,0,0,17477000,14304000,15122000,2,9,4,6,3,1,2,5,4,5
"G3V7Z4;P07092",1.28018024563887,10.9608032768038,0.476785765826591,0.489881851189816,0.998404653174941,"G3V7Z4;P07092;O88772","Glia-derived nexin","Serpine2","tr|G3V7Z4|G3V7Z4_RAT Glia-derived nexin OS=Rattus norvegicus OX=10116 GN=Serpine2 PE=3 SV=1;sp|P07092|GDN_RAT Glia-derived nexin OS=Rattus norvegicus OX=10116 GN=Serpine2 PE=1 SV=1",44.049,868190000,39379000,142780000,21630000,8174700,11598000,44449000,62059000,167560000,204280000,166280000,1875200,6799000,1030000,389270,552260,2116600,2955200,7979200,9727400,7918100,40739000,73051000,48340000,0,31802000,84596000,90712000,139600000,142940000,104580000,8,10,5,3,4,10,14,17,14,12
"G3V803",1.42197219239787,11.0518373951959,0.584090731392806,0.444713337099524,0.998404653174941,"G3V803",NA,"Cdh2","tr|G3V803|G3V803_RAT Cadherin-2 OS=Rattus norvegicus OX=10116 GN=Cdh2 PE=1 SV=1",99.667,932750000,74034000,123160000,16747000,11948000,13324000,92759000,60866000,180030000,132120000,227760000,2056500,3421200,465190,331880,370110,2576600,1690700,5000900,3670000,6326600,96566000,109010000,0,0,0,148590000,115860000,114310000,102830000,127060000,8,10,4,3,5,8,7,14,10,20
"G3V8C3;P31000",0.0437287497944856,12.6711363551204,0.000574191318879147,0.980882688669726,0.998404653174941,"G3V8C3;P31000;Q6P725;P48675;G3V712;CON__Q9DCV7;Q496Z5;CON__Q3KNV1;CON__P08729;F1M7P4;CON__P05787;CON__Q9H552;G3V8Q2;CON__Q9NSB2;CON__Q6ISB0;G3V7S2;F1LRZ7;Q6IG12;P21807;Q10758;P23565;P19527;P12839;P16884","Vimentin","Vim","tr|G3V8C3|G3V8C3_RAT Vimentin OS=Rattus norvegicus OX=10116 GN=Vim PE=1 SV=1;sp|P31000|VIME_RAT Vimentin OS=Rattus norvegicus OX=10116 GN=Vim PE=1 SV=2",53.7,2577500000,268720000,482520000,57800000,163230000,120550000,221820000,150860000,403140000,284680000,424220000,7903500,14192000,1700000,4801000,3545700,6524100,4437000,11857000,8373000,12477000,230310000,265720000,150710000,230610000,223630000,261210000,254060000,271530000,233450000,290160000,20,22,9,15,13,20,13,23,23,30
"G3V8G4;P55068;A0A0G2JYH8;P55068-2",-1.50120792180769,10.2664956026623,0.648244773815577,0.420740918534484,0.998404653174941,"G3V8G4;P55068;A0A0G2JYH8;P55068-2","Brevican core protein","Bcan","tr|G3V8G4|G3V8G4_RAT Brevican core protein OS=Rattus norvegicus OX=10116 GN=Bcan PE=1 SV=1;sp|P55068|PGCB_RAT Brevican core protein OS=Rattus norvegicus OX=10116 GN=Bcan PE=1 SV=2;tr|A0A0G2JYH8|A0A0G2JYH8_RAT Brevican core protein OS=Rattus norvegicus OX=1",96,541910000,82016000,192690000,38536000,51647000,16447000,0,0,38035000,81597000,40944000,2000400,4699800,939910,1259700,401160,0,0,927680,1990200,998630,80484000,83494000,70007000,83877000,0,0,0,40038000,48063000,43918000,10,15,5,5,3,1,0,4,12,7
"G3V8R2;P55067",-0.422055771330258,13.6059043433722,0.053301099300825,0.817415558099497,0.998404653174941,"G3V8R2;P55067;A0A0G2K4R4;O70474","Neurocan core protein;150 kDa adult core glycoprotein","Ncan","tr|G3V8R2|G3V8R2_RAT Neurocan core protein OS=Rattus norvegicus OX=10116 GN=Ncan PE=1 SV=1;sp|P55067|NCAN_RAT Neurocan core protein OS=Rattus norvegicus OX=10116 GN=Ncan PE=1 SV=1",136.25,4676500000,447110000,912790000,234410000,335030000,317200000,325560000,344570000,513510000,666290000,579990000,10905000,22263000,5717400,8171500,7736700,7940500,8404100,12525000,16251000,14146000,458360000,485040000,499970000,527720000,454890000,433380000,485510000,347560000,438420000,393990000,40,44,29,38,24,35,31,36,57,41
"M0R757;P62630;F1M6C2",2.5714879341004,10.8093682912607,1.76779847473848,0.183654769953817,0.998404653174941,"M0R757;P62630;F1M6C2;P62632","Elongation factor 1-alpha;Elongation factor 1-alpha 1","LOC100360413;Eef1a1;LOC100360150","tr|M0R757|M0R757_RAT Elongation factor 1-alpha OS=Rattus norvegicus OX=10116 GN=LOC100360413 PE=3 SV=1;sp|P62630|EF1A1_RAT Elongation factor 1-alpha 1 OS=Rattus norvegicus OX=10116 GN=Eef1a1 PE=2 SV=1;tr|F1M6C2|F1M6C2_RAT Tr-type G domain-containing protei",50.107,765500000,35012000,57702000,0,0,13267000,72859000,66664000,183160000,164380000,172460000,1667200,2747700,0,0,631740,3469500,3174500,8721700,7827800,8212400,46074000,46023000,0,0,0,87453000,82023000,134890000,156940000,152790000,4,10,0,0,3,6,6,14,15,14
"P05065;Q6AY07",0.424057909554941,8.7638636838674,0.0538063054360975,0.816567635628204,0.998404653174941,"P05065;Q6AY07","Fructose-bisphosphate aldolase A;Fructose-bisphosphate aldolase","Aldoa;Aldoart2","sp|P05065|ALDOA_RAT Fructose-bisphosphate aldolase A OS=Rattus norvegicus OX=10116 GN=Aldoa PE=1 SV=2;tr|Q6AY07|Q6AY07_RAT Fructose-bisphosphate aldolase OS=Rattus norvegicus OX=10116 GN=Aldoart2 PE=2 SV=1",39.351,203880000,23817000,39553000,0,5825900,0,21535000,7937900,35530000,33088000,36598000,1035500,1719700,0,253300,0,936300,345130,1544800,1438600,1591200,35487000,30688000,0,0,0,31350000,0,20974000,22035000,24009000,2,5,0,1,0,5,1,7,6,9
"P07335",0.0546334246726812,13.283478586948,0.000896251768049024,0.976116927048639,0.998404653174941,"P07335","Creatine kinase B-type","Ckb","sp|P07335|KCRB_RAT Creatine kinase B-type OS=Rattus norvegicus OX=10116 GN=Ckb PE=1 SV=2",42.725,4204100000,353860000,780410000,174750000,316860000,200020000,304910000,291390000,608870000,593320000,579730000,19659000,43356000,9708200,17603000,11112000,16939000,16188000,33826000,32962000,32207000,321280000,408920000,299180000,319060000,317170000,352460000,372900000,439440000,415550000,436500000,32,28,21,27,26,31,33,37,39,33
"P10111;A0A0G2K1P0;A0A0G2K2E4",0.627847786600828,10.7930244743386,0.117449242403531,0.731817628713844,0.998404653174941,"P10111;A0A0G2K1P0;A0A0G2K2E4;M0RCZ9","Peptidyl-prolyl cis-trans isomerase A;Peptidyl-prolyl cis-trans isomerase A, N-terminally processed","Ppia","sp|P10111|PPIA_RAT Peptidyl-prolyl cis-trans isomerase A OS=Rattus norvegicus OX=10116 GN=Ppia PE=1 SV=2;tr|A0A0G2K1P0|A0A0G2K1P0_RAT Peptidyl-prolyl cis-trans isomerase OS=Rattus norvegicus OX=10116 GN=Ppia PE=1 SV=1;tr|A0A0G2K2E4|A0A0G2K2E4_RAT Peptidyl-",17.874,818260000,77247000,117100000,19011000,29903000,30652000,53165000,14341000,163870000,146720000,166260000,7724700,11710000,1901100,2990300,3065200,5316500,1434100,16387000,14672000,16626000,91607000,75693000,0,0,70789000,105110000,0,110880000,98059000,115570000,5,6,1,1,4,5,2,15,12,13
"P12346;Q7TMC7;A0A0G2QC06;Q7TP24;P12346-2",-0.0932312983783241,19.1058723813156,0.00260967865635062,0.959257777488402,0.998404653174941,"P12346;Q7TMC7;A0A0G2QC06;Q7TP24;P12346-2","Serotransferrin","Tf;Srprb","sp|P12346|TRFE_RAT Serotransferrin OS=Rattus norvegicus OX=10116 GN=Tf PE=1 SV=3;tr|Q7TMC7|Q7TMC7_RAT Ab2-417 OS=Rattus norvegicus OX=10116 PE=2 SV=1;tr|A0A0G2QC06|A0A0G2QC06_RAT Serotransferrin OS=Rattus norvegicus OX=10116 GN=Tf PE=1 SV=1;tr|Q7TP24|Q7TP2",76.394,2.3112e+11,1.8191e+10,5.8517e+10,1.2936e+10,1.5171e+10,1.5033e+10,1.9451e+10,2.0073e+10,2.2092e+10,2.4523e+10,2.5137e+10,478700000,1539900000,340420000,399240000,395590000,511860000,528250000,581360000,645340000,661510000,1.6585e+10,2.9966e+10,1.7358e+10,1.683e+10,1.8407e+10,2.2008e+10,2.412e+10,1.8899e+10,2.1176e+10,2.1464e+10,73,86,81,85,98,312,294,276,272,268
"P12843;Q6LDG0",-1.05260666388828,13.5342484902132,0.325586191932686,0.568269730124794,0.998404653174941,"P12843;Q6LDG0;Q6LDF9","Insulin-like growth factor-binding protein 2","Igfbp2","sp|P12843|IBP2_RAT Insulin-like growth factor-binding protein 2 OS=Rattus norvegicus OX=10116 GN=Igfbp2 PE=1 SV=3;tr|Q6LDG0|Q6LDG0_RAT Insulin-like growth factor binding protein 2 (Fragment) OS=Rattus norvegicus OX=10116 PE=4 SV=1",32.854,4368400000,611180000,915190000,437160000,454570000,417380000,165760000,160020000,356190000,372490000,478430000,40745000,61013000,29144000,30305000,27826000,11051000,10668000,23746000,24833000,31895000,532580000,577440000,587740000,531180000,485740000,292030000,409610000,234950000,267090000,316560000,21,23,17,20,22,14,11,17,27,23
"P14841",-1.13575505195834,15.9281061930322,0.377746451625583,0.538811771653245,0.998404653174941,"P14841","Cystatin-C","Cst3","sp|P14841|CYTC_RAT Cystatin-C OS=Rattus norvegicus OX=10116 GN=Cst3 PE=1 SV=2",15.437,2.8066e+10,3033900000,7.876e+09,2.637e+09,2907800000,2631200000,1643100000,2102900000,1637700000,1648700000,1947800000,379230000,984500000,329620000,363470000,328900000,205390000,262860000,204720000,206090000,243470000,2257300000,3.886e+09,3.106e+09,2450600000,2780800000,1665600000,2067600000,1171700000,1281100000,1471700000,60,52,65,60,60,42,54,35,40,37
"P15087;Q5U322;D4A8X4",-0.589203922769498,12.6935657670912,0.103532091950907,0.747631465049878,0.998404653174941,"P15087;Q5U322;D4A8X4","Carboxypeptidase E","Cpe","sp|P15087|CBPE_RAT Carboxypeptidase E OS=Rattus norvegicus OX=10116 GN=Cpe PE=1 SV=1;tr|Q5U322|Q5U322_RAT Carboxypeptidase E OS=Rattus norvegicus OX=10116 GN=Cpe PE=2 SV=1;tr|D4A8X4|D4A8X4_RAT Carboxypeptidase E OS=Rattus norvegicus OX=10116 GN=Cpe PE=1 SV",53.308,2546100000,237100000,394670000,134770000,231970000,124110000,16162000,179260000,363450000,474210000,390440000,9879300,16445000,5615300,9665300,5171100,673430,7469200,15144000,19759000,16269000,245450000,297820000,274790000,293020000,243120000,0,278050000,257540000,261060000,270990000,17,17,13,21,10,6,15,24,25,27
"P16975",0.381113639918161,14.1978642078544,0.0434899926936851,0.834805367393161,0.998404653174941,"P16975","SPARC","Sparc","sp|P16975|SPRC_RAT SPARC OS=Rattus norvegicus OX=10116 GN=Sparc PE=1 SV=4",34.296,7937600000,513550000,1061100000,273580000,653350000,329290000,709100000,788600000,1238400000,1004500000,1366200000,39504000,81620000,21044000,50257000,25330000,54546000,60662000,95262000,77273000,105090000,518860000,658340000,516420000,609250000,485490000,752230000,850490000,880850000,810100000,921260000,35,29,26,48,31,58,47,44,46,45
"P20059",-0.289648864125443,14.8160289785089,0.0251509691440654,0.8739914581914,0.998404653174941,"P20059","Hemopexin","Hpx","sp|P20059|HEMO_RAT Hemopexin OS=Rattus norvegicus OX=10116 GN=Hpx PE=1 SV=3",51.35,1.3427e+10,1616100000,2397500000,1247400000,1.469e+09,895270000,1325100000,726220000,1354300000,1146900000,1249500000,64642000,95900000,49897000,58762000,35811000,53006000,29049000,54171000,45875000,49981000,970580000,1156500000,1098100000,1105200000,1.052e+09,1067100000,949800000,1074200000,942400000,1100900000,54,16,51,48,46,36,38,24,31,29
"P30009;F1LMW7",-0.00364867317856889,10.545607107412,3.99788852689653e-06,0.998404653174941,0.998404653174941,"P30009;F1LMW7","Myristoylated alanine-rich C-kinase substrate","Marcks","sp|P30009|MARCS_RAT Myristoylated alanine-rich C-kinase substrate OS=Rattus norvegicus OX=10116 GN=Marcks PE=1 SV=2;tr|F1LMW7|F1LMW7_RAT Myristoylated alanine-rich C-kinase substrate OS=Rattus norvegicus OX=10116 GN=Marcks PE=1 SV=3",29.794,675800000,57534000,98188000,11134000,26700000,28141000,10297000,27274000,154740000,131550000,130240000,4109600,7013400,795280,1907100,2010100,735470,1948100,11053000,9396200,9303200,70030000,62778000,24568000,47487000,52994000,0,0,111340000,100930000,94476000,8,11,4,5,5,3,5,17,16,14
"P30120;Q91ZP7",0.702528158714144,12.2930222216191,0.146764703844412,0.701646496492674,0.998404653174941,"P30120;Q91ZP7","Metalloproteinase inhibitor 1","Timp1","sp|P30120|TIMP1_RAT Metalloproteinase inhibitor 1 OS=Rattus norvegicus OX=10116 GN=Timp1 PE=1 SV=2;tr|Q91ZP7|Q91ZP7_RAT Tissue inhibitor of metalloproteinase 1 (Fragment) OS=Rattus norvegicus OX=10116 PE=2 SV=1",23.793,2079200000,73999000,197450000,91011000,86105000,118890000,155970000,211900000,394500000,417670000,331660000,6727200,17950000,8273800,7827700,10808000,14179000,19264000,35864000,37970000,30150000,100550000,144760000,149530000,127520000,122730000,248940000,249840000,233280000,245450000,250510000,10,13,12,11,13,22,27,24,26,18
"P45592",1.11955133680377,10.4317746208112,0.367299343759157,0.544480049865887,0.998404653174941,"P45592;M0R6D6;A0A0G2KA35","Cofilin-1","Cfl1","sp|P45592|COF1_RAT Cofilin-1 OS=Rattus norvegicus OX=10116 GN=Cfl1 PE=1 SV=3",18.532,623640000,77880000,75775000,10914000,14175000,9781600,39403000,72532000,89130000,106920000,127130000,7788000,7577500,1091400,1417500,978160,3940300,7253200,8913000,10692000,12713000,90588000,64659000,0,0,0,68468000,89111000,61277000,73313000,81576000,8,5,3,2,2,9,10,11,12,15
"P55051",1.93446012557351,11.0157079431183,1.04842771956937,0.30586947521623,0.998404653174941,"P55051","Fatty acid-binding protein, brain","Fabp7","sp|P55051|FABP7_RAT Fatty acid-binding protein, brain OS=Rattus norvegicus OX=10116 GN=Fabp7 PE=1 SV=2",14.864,867550000,167250000,0,18007000,17160000,14009000,21852000,119480000,173810000,182320000,153660000,23893000,0,2572400,2451500,2001300,3121700,17069000,24830000,26046000,21951000,153570000,0,0,0,0,109750000,165110000,111250000,127280000,135390000,9,2,3,3,6,7,5,7,11,8
"P62260",0.535669671898884,10.3683156870411,0.0856750223611016,0.769749207750931,0.998404653174941,"P62260","14-3-3 protein epsilon","Ywhae","sp|P62260|1433E_RAT 14-3-3 protein epsilon OS=Rattus norvegicus OX=10116 GN=Ywhae PE=1 SV=1",29.174,589570000,38897000,97032000,6460800,18247000,20917000,25228000,9431200,112290000,125050000,136020000,2288000,5707800,380050,1073300,1230400,1484000,554780,6605000,7355800,8001200,43605000,56748000,0,37960000,49289000,46857000,0,83171000,93407000,91939000,6,9,3,4,3,5,2,7,12,8
"P62804",0.900019973831588,12.0547448362215,0.239399679565125,0.624640034361315,0.998404653174941,"P62804;Q5BM22;P62804-2","Histone H4;Osteogenic growth peptide","Hist1h4b","sp|P62804|H4_RAT Histone H4 OS=Rattus norvegicus OX=10116 GN=H4c2 PE=1 SV=2",11.367,1916400000,42981000,259480000,19011000,40366000,54493000,90318000,39208000,386130000,495840000,488550000,7163400,43246000,3168400,6727700,9082100,15053000,6534700,64356000,82640000,81424000,76559000,90340000,0,137350000,204080000,211250000,0,198740000,374530000,324660000,5,4,1,3,6,8,4,10,11,12
"P63090",-1.07827744536097,11.6095622547884,0.341304359867941,0.559077286608252,0.998404653174941,"P63090","Pleiotrophin","Ptn","sp|P63090|PTN_RAT Pleiotrophin OS=Rattus norvegicus OX=10116 GN=Ptn PE=1 SV=1",18.869,1.095e+09,153010000,215170000,106670000,122910000,117870000,62318000,33991000,69051000,107950000,106030000,25501000,35862000,17778000,20486000,19645000,10386000,5665200,11509000,17991000,17671000,117380000,159740000,166190000,138990000,134020000,84383000,85372000,54522000,90262000,80960000,8,5,13,10,11,9,5,6,9,6
"P63259",0.177296320040894,14.8896502847083,0.00943333953103254,0.92262682544545,0.998404653174941,"P63259","Actin, cytoplasmic 2;Actin, cytoplasmic 2, N-terminally processed","Actg1","sp|P63259|ACTG_RAT Actin, cytoplasmic 2 OS=Rattus norvegicus OX=10116 GN=Actg1 PE=1 SV=1",41.792,1.2463e+10,1127300000,2259900000,601620000,637190000,661880000,996940000,1124100000,1858400000,1627100000,1568600000,56364000,112990000,30081000,31860000,33094000,49847000,56206000,92920000,81357000,78430000,1054900000,1012700000,953450000,912630000,906040000,1274700000,1235800000,1300400000,1285200000,1274300000,45,37,43,40,40,62,60,58,49,60
"P68370;A0A0H2UHM7;Q6AYZ1;Q68FR8",2.39209212591731,10.9387811957933,1.55136539555379,0.212933984672934,0.998404653174941,"P68370;A0A0H2UHM7;Q6AYZ1;Q68FR8;Q6AY56;F1LUM5","Tubulin alpha-1A chain;Tubulin alpha-1C chain;Tubulin alpha-3 chain","Tuba1a;Tuba1c;Tuba3a","sp|P68370|TBA1A_RAT Tubulin alpha-1A chain OS=Rattus norvegicus OX=10116 GN=Tuba1a PE=1 SV=1;tr|A0A0H2UHM7|A0A0H2UHM7_RAT Tubulin alpha chain OS=Rattus norvegicus OX=10116 GN=LOC100909441 PE=3 SV=1;sp|Q6AYZ1|TBA1C_RAT Tubulin alpha-1C chain OS=Rattus norve",50.135,981890000,26867000,138150000,12137000,15503000,14590000,19973000,73808000,213890000,245390000,221580000,1279400,6578400,577930,738220,694770,951080,3514600,10185000,11685000,10551000,30672000,81089000,0,0,0,0,1.21e+08,173670000,185030000,189390000,4,9,1,3,2,4,8,21,26,17
"Q3B7D6;P35446",-0.177383505906227,9.77282476610369,0.00944261241247091,0.922588925732393,0.998404653174941,"Q3B7D6;P35446","Spondin-1","Spon1","tr|Q3B7D6|Q3B7D6_RAT RCG39552, isoform CRA_a OS=Rattus norvegicus OX=10116 GN=Spon1 PE=1 SV=1;sp|P35446|SPON1_RAT Spondin-1 OS=Rattus norvegicus OX=10116 GN=Spon1 PE=1 SV=1",90.756,470130000,58743000,198810000,6441300,9069200,10482000,5057400,0,68447000,53167000,59915000,1587700,5373200,174090,245110,283300,136690,0,1849900,1437000,1619300,58698000,61462000,0,48598000,0,0,0,55096000,53478000,60268000,5,14,1,1,2,2,0,7,7,10
"Q3KR76;P29598",-0.748462030982569,8.47669187817062,0.166367130475521,0.683360844207563,0.998404653174941,"Q3KR76;P29598","Urokinase-type plasminogen activator;Urokinase-type plasminogen activator long chain A;Urokinase-type plasminogen activator short chain A;Urokinase-type plasminogen activator chain B","Plau","tr|Q3KR76|Q3KR76_RAT Plasminogen activator, urokinase OS=Rattus norvegicus OX=10116 GN=Plau PE=2 SV=1;sp|P29598|UROK_RAT Urokinase-type plasminogen activator OS=Rattus norvegicus OX=10116 GN=Plau PE=1 SV=1",47.908,192370000,37333000,52694000,6557000,14443000,6397100,8381900,6943000,29543000,7204200,22874000,1696900,2395200,298050,656480,290780,381000,315590,1342900,327460,1039700,30742000,30072000,0,20147000,0,0,0,18630000,17504000,18520000,6,9,2,2,1,2,1,5,2,5
"Q3KRE8;P85108",1.94226337368085,11.0284013842316,1.05635373702716,0.304048288663731,0.998404653174941,"Q3KRE8;P85108","Tubulin beta-2B chain;Tubulin beta-2A chain","Tubb2b;Tubb2a","sp|Q3KRE8|TBB2B_RAT Tubulin beta-2B chain OS=Rattus norvegicus OX=10116 GN=Tubb2b PE=1 SV=1;sp|P85108|TBB2A_RAT Tubulin beta-2A chain OS=Rattus norvegicus OX=10116 GN=Tubb2a PE=1 SV=1",49.953,972940000,43356000,150280000,16112000,15164000,13399000,58245000,79971000,208180000,153770000,234470000,2167800,7513900,805600,758220,669970,2912200,3998600,10409000,7688500,11723000,64038000,89572000,0,0,0,93416000,114010000,145530000,146400000,162070000,6,13,2,4,4,6,11,16,16,20
"Q5BJ93;M0R5J4;P04764;Q5EB49",0.423568711323538,10.8141897673408,0.0536825561143965,0.816774943493188,0.998404653174941,"Q5BJ93;M0R5J4;P04764;Q5EB49;P15429;P07323;F1M9V3","Alpha-enolase","Eno1","tr|Q5BJ93|Q5BJ93_RAT Enolase 1, (Alpha) OS=Rattus norvegicus OX=10116 GN=Eno1 PE=2 SV=2;tr|M0R5J4|M0R5J4_RAT Uncharacterized protein OS=Rattus norvegicus OX=10116 PE=3 SV=1;sp|P04764|ENOA_RAT Alpha-enolase OS=Rattus norvegicus OX=10116 GN=Eno1 PE=1 SV=4;tr",47.127,762120000,45947000,164060000,17681000,32249000,19658000,39373000,26117000,142440000,127650000,146950000,2088500,7457100,803700,1465900,893540,1789700,1187200,6474600,5802400,6679400,58751000,80211000,36019000,54667000,36428000,59614000,49959000,92405000,92257000,118930000,9,11,7,6,4,9,8,18,14,19
"Q5M7T7",-0.937588632939951,12.7542178965491,0.259456896809189,0.610493519634797,0.998404653174941,"Q5M7T7",NA,"Pla2g7","tr|Q5M7T7|Q5M7T7_RAT Platelet-activating factor acetylhydrolase OS=Rattus norvegicus OX=10116 GN=Pla2g7 PE=2 SV=1",49.49,2740900000,399420000,641240000,158550000,206760000,187810000,79038000,75272000,329610000,315160000,348080000,19020000,30535000,7550000,9845700,8943100,3763700,3584400,15696000,15008000,16575000,331230000,344730000,300740000,310490000,260690000,119170000,163240000,225150000,211910000,228100000,28,19,14,24,13,11,12,22,25,27
"Q62656-3;Q62656;F1LMY3;Q62656-2",-0.346379885683228,13.6768421243309,0.0359421532017107,0.84963500166161,0.998404653174941,"Q62656-3;Q62656;F1LMY3;Q62656-2","Receptor-type tyrosine-protein phosphatase zeta;Protein-tyrosine-phosphatase","Ptprz1","sp|Q62656-3|PTPRZ_RAT Isoform 3 of Receptor-type tyrosine-protein phosphatase zeta OS=Rattus norvegicus OX=10116 GN=Ptprz1;sp|Q62656|PTPRZ_RAT Receptor-type tyrosine-protein phosphatase zeta OS=Rattus norvegicus OX=10116 GN=Ptprz1 PE=1 SV=1;tr|F1LMY3|F1LMY",175.84,5185300000,632890000,869120000,261130000,526330000,431430000,350120000,241320000,639430000,629290000,604240000,11720000,16095000,4835800,9746900,7989500,6483700,4469000,11841000,11653000,11190000,510460000,515860000,461270000,494690000,508510000,455100000,452210000,423080000,471160000,477690000,30,27,36,31,30,25,17,31,37,30
"Q65ZS7;A0A0G2K151;P02650;Q6PAH0",-0.593006547197211,16.029303884704,0.104863462722359,0.746069555161298,0.998404653174941,"Q65ZS7;A0A0G2K151;P02650;Q6PAH0","Apolipoprotein E","Apoe","tr|Q65ZS7|Q65ZS7_RAT Rat apolipoprotein E protein OS=Rattus norvegicus OX=10116 PE=3 SV=1;tr|A0A0G2K151|A0A0G2K151_RAT Apolipoprotein E OS=Rattus norvegicus OX=10116 GN=Apoe PE=1 SV=1;sp|P02650|APOE_RAT Apolipoprotein E OS=Rattus norvegicus OX=10116 GN=Apo",38.325,2.8116e+10,3487800000,6736700000,2184400000,2387200000,1825700000,2104200000,1741800000,2512900000,2544700000,2590300000,217990000,421040000,136520000,149200000,114100000,131510000,108860000,157060000,159040000,161890000,2850300000,3327900000,2443400000,2533500000,2547600000,2110800000,2287400000,1971200000,2039600000,2118500000,84,60,77,82,68,90,56,53,63,53
"Q6P7A4;P10960;F7EPE0",2.24238695954794,11.7487576718796,1.37867169871417,0.240327534970076,0.998404653174941,"Q6P7A4;P10960;F7EPE0","Sulfated glycoprotein 1","Psap","tr|Q6P7A4|Q6P7A4_RAT Prosaposin OS=Rattus norvegicus OX=10116 GN=Psap PE=2 SV=1;sp|P10960|SAP_RAT Prosaposin OS=Rattus norvegicus OX=10116 GN=Psap PE=1 SV=1;tr|F7EPE0|F7EPE0_RAT Prosaposin OS=Rattus norvegicus OX=10116 GN=Psap PE=1 SV=2",61.039,1463400000,26625000,159210000,2799800,2483100,13682000,141990000,129470000,398770000,287550000,300800000,887490,5307100,93325,82770,456060,4732900,4315800,13292000,9585200,10027000,52033000,121410000,0,0,35117000,179040000,178730000,277960000,241120000,255770000,3,12,1,2,2,13,14,25,19,20
"Q6P7A8;G3V7X5;P24054",0.125939007051022,12.6231565760157,0.00476125901556892,0.944988125513024,0.998404653174941,"Q6P7A8;G3V7X5;P24054","SPARC-like protein 1","Sparcl1","tr|Q6P7A8|Q6P7A8_RAT SPARC-like 1 (Hevin) OS=Rattus norvegicus OX=10116 GN=Sparcl1 PE=2 SV=1;tr|G3V7X5|G3V7X5_RAT SPARC-like 1 (Mast9, hevin), isoform CRA_a OS=Rattus norvegicus OX=10116 GN=Sparcl1 PE=1 SV=1;sp|P24054|SPRL1_RAT SPARC-like protein 1 OS=Ratt",70.611,2617600000,255060000,492960000,79744000,190100000,78886000,72837000,178420000,375680000,410080000,483850000,7085000,13693000,2215100,5280600,2191300,2023200,4956000,10435000,11391000,13440000,252400000,241830000,129210000,276980000,149150000,140560000,219550000,308750000,300950000,350510000,27,24,21,19,18,19,17,32,35,37
"Q6P7S6;G3V836;P05371",1.95956384439603,14.0272081244379,1.07401168038891,0.300041057151635,0.998404653174941,"Q6P7S6;G3V836;P05371;O35510;A0A0G2KB42;Q9ERD1","Clusterin;Clusterin;Clusterin beta chain;Clusterin alpha chain","Clu","tr|Q6P7S6|Q6P7S6_RAT Clusterin OS=Rattus norvegicus OX=10116 GN=Clu PE=2 SV=1;tr|G3V836|G3V836_RAT Clusterin OS=Rattus norvegicus OX=10116 GN=Clu PE=1 SV=1;sp|P05371|CLUS_RAT Clusterin OS=Rattus norvegicus OX=10116 GN=Clu PE=1 SV=2",51.464,6983600000,218890000,307150000,107380000,129320000,123870000,909300000,884170000,1508500000,1398800000,1396300000,11521000,16166000,5651600,6806300,6519400,47858000,46535000,79394000,73620000,73488000,281260000,219360000,234200000,210020000,214240000,953480000,971290000,1102100000,1122500000,1118400000,17,14,13,11,9,53,61,36,53,47
"Q7TP46;F8WG88;Q62632",1.22096115784948,11.2317429478564,0.43490010449316,0.509594284999706,0.998404653174941,"Q7TP46;F8WG88;Q62632","Follistatin-related protein 1","Fstl1","tr|Q7TP46|Q7TP46_RAT Ab2-379 OS=Rattus norvegicus OX=10116 PE=2 SV=1;tr|F8WG88|F8WG88_RAT Follistatin-related protein 1 OS=Rattus norvegicus OX=10116 GN=Fstl1 PE=4 SV=3;sp|Q62632|FSTL1_RAT Follistatin-related protein 1 OS=Rattus norvegicus OX=10116 GN=Fstl",60.706,995220000,64759000,157390000,14434000,19295000,16604000,70402000,78892000,197300000,169710000,206440000,2233100,5427100,497720,665330,572560,2427700,2720400,6803500,5852200,7118500,79310000,51802000,38371000,37555000,40293000,117260000,85208000,156500000,145720000,166350000,9,7,5,7,4,17,7,15,16,22
