Protein IDs,Majority protein IDs,Protein names,Gene names,Fasta headers,Mol. weight [kDa],Intensity,Intensity C1,Intensity C2,Intensity C3,Intensity C4,Intensity C5,Intensity R1,Intensity R2,Intensity R3,Intensity R4,Intensity R5,iBAQ C1,iBAQ C2,iBAQ C3,iBAQ C4,iBAQ C5,iBAQ R1,iBAQ R2,iBAQ R3,iBAQ R4,iBAQ R5,LFQ intensity C1,LFQ intensity C2,LFQ intensity C3,LFQ intensity C4,LFQ intensity C5,LFQ intensity R1,LFQ intensity R2,LFQ intensity R3,LFQ intensity R4,LFQ intensity R5,MS/MS count C1,MS/MS count C2,MS/MS count C3,MS/MS count C4,MS/MS count C5,MS/MS count R1,MS/MS count R2,MS/MS count R3,MS/MS count R4,MS/MS count R5
P12346;Q7TMC7;A0A0G2QC06;Q7TP24;P12346-2,P12346;Q7TMC7;A0A0G2QC06;Q7TP24;P12346-2,Serotransferrin,Tf;Srprb,sp|P12346|TRFE_RAT Serotransferrin OS=Rattus norvegicus OX=10116 GN=Tf PE=1 SV=3;tr|Q7TMC7|Q7TMC7_RAT Ab2-417 OS=Rattus norvegicus OX=10116 PE=2 SV=1;tr|A0A0G2QC06|A0A0G2QC06_RAT Serotransferrin OS=Rattus norvegicus OX=10116 GN=Tf PE=1 SV=1;tr|Q7TP24|Q7TP2,76.394,2.3112E+11,18191000000,58517000000,12936000000,15171000000,15033000000,19451000000,20073000000,22092000000,24523000000,25137000000,478700000,1539900000,340420000,399240000,395590000,511860000,528250000,581360000,645340000,661510000,16585000000,29966000000,17358000000,16830000000,18407000000,22008000000,24120000000,18899000000,21176000000,21464000000,73,86,81,85,98,312,294,276,272,268
Q65ZS7;A0A0G2K151;P02650;Q6PAH0,Q65ZS7;A0A0G2K151;P02650;Q6PAH0,Apolipoprotein E,Apoe,tr|Q65ZS7|Q65ZS7_RAT Rat apolipoprotein E protein OS=Rattus norvegicus OX=10116 PE=3 SV=1;tr|A0A0G2K151|A0A0G2K151_RAT Apolipoprotein E OS=Rattus norvegicus OX=10116 GN=Apoe PE=1 SV=1;sp|P02650|APOE_RAT Apolipoprotein E OS=Rattus norvegicus OX=10116 GN=Apo,38.325,28116000000,3487800000,6736700000,2184400000,2387200000,1825700000,2104200000,1741800000,2512900000,2544700000,2590300000,217990000,421040000,136520000,149200000,114100000,131510000,108860000,157060000,159040000,161890000,2850300000,3327900000,2443400000,2533500000,2547600000,2110800000,2287400000,1971200000,2039600000,2118500000,84,60,77,82,68,90,56,53,63,53
P14841,P14841,Cystatin-C,Cst3,sp|P14841|CYTC_RAT Cystatin-C OS=Rattus norvegicus OX=10116 GN=Cst3 PE=1 SV=2,15.437,28066000000,3033900000,7876000000,2637000000,2907800000,2631200000,1643100000,2102900000,1637700000,1648700000,1947800000,379230000,984500000,329620000,363470000,328900000,205390000,262860000,204720000,206090000,243470000,2257300000,3886000000,3106000000,2450600000,2780800000,1665600000,2067600000,1171700000,1281100000,1471700000,60,52,65,60,60,42,54,35,40,37
P63259,P63259,"Actin, cytoplasmic 2;Actin, cytoplasmic 2, N-terminally processed",Actg1,"sp|P63259|ACTG_RAT Actin, cytoplasmic 2 OS=Rattus norvegicus OX=10116 GN=Actg1 PE=1 SV=1",41.792,12463000000,1127300000,2259900000,601620000,637190000,661880000,996940000,1124100000,1858400000,1627100000,1568600000,56364000,112990000,30081000,31860000,33094000,49847000,56206000,92920000,81357000,78430000,1054900000,1012700000,953450000,912630000,906040000,1274700000,1235800000,1300400000,1285200000,1274300000,45,37,43,40,40,62,60,58,49,60
P20059,P20059,Hemopexin,Hpx,sp|P20059|HEMO_RAT Hemopexin OS=Rattus norvegicus OX=10116 GN=Hpx PE=1 SV=3,51.35,13427000000,1616100000,2397500000,1247400000,1469000000,895270000,1325100000,726220000,1354300000,1146900000,1249500000,64642000,95900000,49897000,58762000,35811000,53006000,29049000,54171000,45875000,49981000,970580000,1156500000,1098100000,1105200000,1052000000,1067100000,949800000,1074200000,942400000,1100900000,54,16,51,48,46,36,38,24,31,29
P12843;Q6LDG0;Q6LDF9,P12843;Q6LDG0,Insulin-like growth factor-binding protein 2,Igfbp2,sp|P12843|IBP2_RAT Insulin-like growth factor-binding protein 2 OS=Rattus norvegicus OX=10116 GN=Igfbp2 PE=1 SV=3;tr|Q6LDG0|Q6LDG0_RAT Insulin-like growth factor binding protein 2 (Fragment) OS=Rattus norvegicus OX=10116 PE=4 SV=1,32.854,4368400000,611180000,915190000,437160000,454570000,417380000,165760000,160020000,356190000,372490000,478430000,40745000,61013000,29144000,30305000,27826000,11051000,10668000,23746000,24833000,31895000,532580000,577440000,587740000,531180000,485740000,292030000,409610000,234950000,267090000,316560000,21,23,17,20,22,14,11,17,27,23
P16975,P16975,SPARC,Sparc,sp|P16975|SPRC_RAT SPARC OS=Rattus norvegicus OX=10116 GN=Sparc PE=1 SV=4,34.296,7937600000,513550000,1061100000,273580000,653350000,329290000,709100000,788600000,1238400000,1004500000,1366200000,39504000,81620000,21044000,50257000,25330000,54546000,60662000,95262000,77273000,105090000,518860000,658340000,516420000,609250000,485490000,752230000,850490000,880850000,810100000,921260000,35,29,26,48,31,58,47,44,46,45
Q62656-3;Q62656;F1LMY3;Q62656-2,Q62656-3;Q62656;F1LMY3;Q62656-2,Receptor-type tyrosine-protein phosphatase zeta;Protein-tyrosine-phosphatase,Ptprz1,sp|Q62656-3|PTPRZ_RAT Isoform 3 of Receptor-type tyrosine-protein phosphatase zeta OS=Rattus norvegicus OX=10116 GN=Ptprz1;sp|Q62656|PTPRZ_RAT Receptor-type tyrosine-protein phosphatase zeta OS=Rattus norvegicus OX=10116 GN=Ptprz1 PE=1 SV=1;tr|F1LMY3|F1LMY,175.84,5185300000,632890000,869120000,261130000,526330000,431430000,350120000,241320000,639430000,629290000,604240000,11720000,16095000,4835800,9746900,7989500,6483700,4469000,11841000,11653000,11190000,510460000,515860000,461270000,494690000,508510000,455100000,452210000,423080000,471160000,477690000,30,27,36,31,30,25,17,31,37,30
G3V8R2;P55067;A0A0G2K4R4;O70474,G3V8R2;P55067,Neurocan core protein;150 kDa adult core glycoprotein,Ncan,tr|G3V8R2|G3V8R2_RAT Neurocan core protein OS=Rattus norvegicus OX=10116 GN=Ncan PE=1 SV=1;sp|P55067|NCAN_RAT Neurocan core protein OS=Rattus norvegicus OX=10116 GN=Ncan PE=1 SV=1,136.25,4676500000,447110000,912790000,234410000,335030000,317200000,325560000,344570000,513510000,666290000,579990000,10905000,22263000,5717400,8171500,7736700,7940500,8404100,12525000,16251000,14146000,458360000,485040000,499970000,527720000,454890000,433380000,485510000,347560000,438420000,393990000,40,44,29,38,24,35,31,36,57,41
Q5M7T7,Q5M7T7,,Pla2g7,tr|Q5M7T7|Q5M7T7_RAT Platelet-activating factor acetylhydrolase OS=Rattus norvegicus OX=10116 GN=Pla2g7 PE=2 SV=1,49.49,2740900000,399420000,641240000,158550000,206760000,187810000,79038000,75272000,329610000,315160000,348080000,19020000,30535000,7550000,9845700,8943100,3763700,3584400,15696000,15008000,16575000,331230000,344730000,300740000,310490000,260690000,119170000,163240000,225150000,211910000,228100000,28,19,14,24,13,11,12,22,25,27
P07335,P07335,Creatine kinase B-type,Ckb,sp|P07335|KCRB_RAT Creatine kinase B-type OS=Rattus norvegicus OX=10116 GN=Ckb PE=1 SV=2,42.725,4204100000,353860000,780410000,174750000,316860000,200020000,304910000,291390000,608870000,593320000,579730000,19659000,43356000,9708200,17603000,11112000,16939000,16188000,33826000,32962000,32207000,321280000,408920000,299180000,319060000,317170000,352460000,372900000,439440000,415550000,436500000,32,28,21,27,26,31,33,37,39,33
Q6P7S6;G3V836;P05371;O35510;A0A0G2KB42;Q9ERD1,Q6P7S6;G3V836;P05371,Clusterin;Clusterin;Clusterin beta chain;Clusterin alpha chain,Clu,tr|Q6P7S6|Q6P7S6_RAT Clusterin OS=Rattus norvegicus OX=10116 GN=Clu PE=2 SV=1;tr|G3V836|G3V836_RAT Clusterin OS=Rattus norvegicus OX=10116 GN=Clu PE=1 SV=1;sp|P05371|CLUS_RAT Clusterin OS=Rattus norvegicus OX=10116 GN=Clu PE=1 SV=2,51.464,6983600000,218890000,307150000,107380000,129320000,123870000,909300000,884170000,1508500000,1398800000,1396300000,11521000,16166000,5651600,6806300,6519400,47858000,46535000,79394000,73620000,73488000,281260000,219360000,234200000,210020000,214240000,953480000,971290000,1102100000,1122500000,1118400000,17,14,13,11,9,53,61,36,53,47
Q6P7A8;G3V7X5;P24054,Q6P7A8;G3V7X5;P24054,SPARC-like protein 1,Sparcl1,"tr|Q6P7A8|Q6P7A8_RAT SPARC-like 1 (Hevin) OS=Rattus norvegicus OX=10116 GN=Sparcl1 PE=2 SV=1;tr|G3V7X5|G3V7X5_RAT SPARC-like 1 (Mast9, hevin), isoform CRA_a OS=Rattus norvegicus OX=10116 GN=Sparcl1 PE=1 SV=1;sp|P24054|SPRL1_RAT SPARC-like protein 1 OS=Ratt",70.611,2617600000,255060000,492960000,79744000,190100000,78886000,72837000,178420000,375680000,410080000,483850000,7085000,13693000,2215100,5280600,2191300,2023200,4956000,10435000,11391000,13440000,252400000,241830000,129210000,276980000,149150000,140560000,219550000,308750000,300950000,350510000,27,24,21,19,18,19,17,32,35,37
P15087;Q5U322;D4A8X4,P15087;Q5U322;D4A8X4,Carboxypeptidase E,Cpe,sp|P15087|CBPE_RAT Carboxypeptidase E OS=Rattus norvegicus OX=10116 GN=Cpe PE=1 SV=1;tr|Q5U322|Q5U322_RAT Carboxypeptidase E OS=Rattus norvegicus OX=10116 GN=Cpe PE=2 SV=1;tr|D4A8X4|D4A8X4_RAT Carboxypeptidase E OS=Rattus norvegicus OX=10116 GN=Cpe PE=1 SV,53.308,2546100000,237100000,394670000,134770000,231970000,124110000,16162000,179260000,363450000,474210000,390440000,9879300,16445000,5615300,9665300,5171100,673430,7469200,15144000,19759000,16269000,245450000,297820000,274790000,293020000,243120000,0,278050000,257540000,261060000,270990000,17,17,13,21,10,6,15,24,25,27
G3V8C3;P31000;Q6P725;P48675;G3V712;CON__Q9DCV7;Q496Z5;CON__Q3KNV1;CON__P08729;F1M7P4;CON__P05787;CON__Q9H552;G3V8Q2;CON__Q9NSB2;CON__Q6ISB0;G3V7S2;F1LRZ7;Q6IG12;P21807;Q10758;P23565;P19527;P12839;P16884,G3V8C3;P31000,Vimentin,Vim,tr|G3V8C3|G3V8C3_RAT Vimentin OS=Rattus norvegicus OX=10116 GN=Vim PE=1 SV=1;sp|P31000|VIME_RAT Vimentin OS=Rattus norvegicus OX=10116 GN=Vim PE=1 SV=2,53.7,2577500000,268720000,482520000,57800000,163230000,120550000,221820000,150860000,403140000,284680000,424220000,7903500,14192000,1700000,4801000,3545700,6524100,4437000,11857000,8373000,12477000,230310000,265720000,150710000,230610000,223630000,261210000,254060000,271530000,233450000,290160000,20,22,9,15,13,20,13,23,23,30
P55051,P55051,"Fatty acid-binding protein, brain",Fabp7,"sp|P55051|FABP7_RAT Fatty acid-binding protein, brain OS=Rattus norvegicus OX=10116 GN=Fabp7 PE=1 SV=2",14.864,867550000,167250000,0,18007000,17160000,14009000,21852000,119480000,173810000,182320000,153660000,23893000,0,2572400,2451500,2001300,3121700,17069000,24830000,26046000,21951000,153570000,0,0,0,0,109750000,165110000,111250000,127280000,135390000,9,2,3,3,6,7,5,7,11,8
D4ACV3;M0RDM4;Q6I8Q6;M0RCL5;K7S2S2;K7R8M0;G3V9C0;D3ZVK7;A9UMV8;Q64598;Q4FZT6;Q00728;P0CC09;P0C170;P0C169;P02262;D3ZXP3;A0A0A0MXW3;D4AEC0;P0C0S7;M0R6X5;D3ZWE0,D4ACV3;M0RDM4;Q6I8Q6;M0RCL5;K7S2S2;K7R8M0;G3V9C0;D3ZVK7;A9UMV8;Q64598;Q4FZT6;Q00728;P0CC09;P0C170;P0C169;P02262;D3ZXP3;A0A0A0MXW3;D4AEC0;P0C0S7,Histone H2A;Histone H2A.J;Histone H2A type 1-F;Histone H2A type 3;Histone H2A type 4;Histone H2A type 2-A;Histone H2A type 1-E;Histone H2A type 1-C;Histone H2A type 1;Histone H2A.Z,Hist2h2ac;LOC680322;Hist1h2af;LOC100910554;Hist2h2aa2;Hist1h2ao;Hist1h2ac;Hist1h2ak;H2afj;Hist2h2aa3;H2afx;H2afz;H2afv,tr|D4ACV3|D4ACV3_RAT Histone H2A OS=Rattus norvegicus OX=10116 GN=Hist2h2ac PE=3 SV=2;tr|M0RDM4|M0RDM4_RAT Histone H2A OS=Rattus norvegicus OX=10116 GN=LOC680322 PE=3 SV=1;tr|Q6I8Q6|Q6I8Q6_RAT Histone H2A OS=Rattus norvegicus OX=10116 GN=Hist1h2af PE=3 SV=,13.645,2486500000,128930000,239810000,52888000,95208000,119220000,288180000,236020000,441630000,436890000,447740000,25786000,47961000,10578000,19042000,23843000,57636000,47204000,88325000,87378000,89548000,142370000,140160000,101550000,121740000,175490000,284010000,290420000,323530000,363670000,364410000,3,5,3,3,8,14,11,5,10,7
F1LM84;P08460,F1LM84,,Nid1,tr|F1LM84|F1LM84_RAT Nidogen-1 OS=Rattus norvegicus OX=10116 GN=Nid1 PE=1 SV=1,137.04,1540900000,104500000,454990000,16949000,70387000,49443000,56727000,46272000,232030000,277760000,231860000,2009500,8749800,325940,1353600,950830,1090900,889840,4462200,5341500,4458800,132430000,252910000,0,80593000,64691000,68341000,70744000,187070000,236620000,200760000,13,31,9,12,6,8,8,30,33,32
P63090,P63090,Pleiotrophin,Ptn,sp|P63090|PTN_RAT Pleiotrophin OS=Rattus norvegicus OX=10116 GN=Ptn PE=1 SV=1,18.869,1095000000,153010000,215170000,106670000,122910000,117870000,62318000,33991000,69051000,107950000,106030000,25501000,35862000,17778000,20486000,19645000,10386000,5665200,11509000,17991000,17671000,117380000,159740000,166190000,138990000,134020000,84383000,85372000,54522000,90262000,80960000,8,5,13,10,11,9,5,6,9,6
P30120;Q91ZP7,P30120;Q91ZP7,Metalloproteinase inhibitor 1,Timp1,sp|P30120|TIMP1_RAT Metalloproteinase inhibitor 1 OS=Rattus norvegicus OX=10116 GN=Timp1 PE=1 SV=2;tr|Q91ZP7|Q91ZP7_RAT Tissue inhibitor of metalloproteinase 1 (Fragment) OS=Rattus norvegicus OX=10116 PE=2 SV=1,23.793,2079200000,73999000,197450000,91011000,86105000,118890000,155970000,211900000,394500000,417670000,331660000,6727200,17950000,8273800,7827700,10808000,14179000,19264000,35864000,37970000,30150000,100550000,144760000,149530000,127520000,122730000,248940000,249840000,233280000,245450000,250510000,10,13,12,11,13,22,27,24,26,18
G3V803,G3V803,,Cdh2,tr|G3V803|G3V803_RAT Cadherin-2 OS=Rattus norvegicus OX=10116 GN=Cdh2 PE=1 SV=1,99.667,932750000,74034000,123160000,16747000,11948000,13324000,92759000,60866000,180030000,132120000,227760000,2056500,3421200,465190,331880,370110,2576600,1690700,5000900,3670000,6326600,96566000,109010000,0,0,0,148590000,115860000,114310000,102830000,127060000,8,10,4,3,5,8,7,14,10,20
P10111;A0A0G2K1P0;A0A0G2K2E4;M0RCZ9,P10111;A0A0G2K1P0;A0A0G2K2E4,"Peptidyl-prolyl cis-trans isomerase A;Peptidyl-prolyl cis-trans isomerase A, N-terminally processed",Ppia,sp|P10111|PPIA_RAT Peptidyl-prolyl cis-trans isomerase A OS=Rattus norvegicus OX=10116 GN=Ppia PE=1 SV=2;tr|A0A0G2K1P0|A0A0G2K1P0_RAT Peptidyl-prolyl cis-trans isomerase OS=Rattus norvegicus OX=10116 GN=Ppia PE=1 SV=1;tr|A0A0G2K2E4|A0A0G2K2E4_RAT Peptidyl-,17.874,818260000,77247000,117100000,19011000,29903000,30652000,53165000,14341000,163870000,146720000,166260000,7724700,11710000,1901100,2990300,3065200,5316500,1434100,16387000,14672000,16626000,91607000,75693000,0,0,70789000,105110000,0,110880000,98059000,115570000,5,6,1,1,4,5,2,15,12,13
P45592;M0R6D6;A0A0G2KA35,P45592,Cofilin-1,Cfl1,sp|P45592|COF1_RAT Cofilin-1 OS=Rattus norvegicus OX=10116 GN=Cfl1 PE=1 SV=3,18.532,623640000,77880000,75775000,10914000,14175000,9781600,39403000,72532000,89130000,106920000,127130000,7788000,7577500,1091400,1417500,978160,3940300,7253200,8913000,10692000,12713000,90588000,64659000,0,0,0,68468000,89111000,61277000,73313000,81576000,8,5,3,2,2,9,10,11,12,15
M0R4L7;G3V9C7;G3V8B3;D3ZWM5;D3ZLY9;A0A0G2JXE0;D3ZNH4;A0A0G2JXI9;Q00715;A0A0G2K7R1;M0RBQ5;D4A817;D3ZNZ9;Q00729,M0R4L7;G3V9C7;G3V8B3;D3ZWM5;D3ZLY9;A0A0G2JXE0;D3ZNH4;A0A0G2JXI9;Q00715;A0A0G2K7R1;M0RBQ5;D4A817;D3ZNZ9,Histone H2B;Histone H2B type 1,Hist1h2bl;Hist1h2bk;LOC100910200;Hist1h2bb;Hist1h2bh;Hist1h2bo;Hist3h2bb;LOC100912338;Hist3h2ba,tr|M0R4L7|M0R4L7_RAT Histone H2B OS=Rattus norvegicus OX=10116 GN=Hist1h2bl PE=3 SV=1;tr|G3V9C7|G3V9C7_RAT Histone H2B OS=Rattus norvegicus OX=10116 GN=Hist1h2bk PE=3 SV=1;tr|G3V8B3|G3V8B3_RAT Histone H2B OS=Rattus norvegicus OX=10116 GN=Hist1h2bq PE=3 SV=,13.91,1062600000,63503000,23038000,18995000,0,14710000,38213000,30217000,283050000,285200000,305650000,9071800,3291200,2713500,0,2101400,5459000,4316800,40435000,40743000,43664000,87782000,0,0,0,0,0,0,213190000,218420000,218100000,4,4,2,3,2,7,5,8,11,9
G3V8G4;P55068;A0A0G2JYH8;P55068-2,G3V8G4;P55068;A0A0G2JYH8;P55068-2,Brevican core protein,Bcan,tr|G3V8G4|G3V8G4_RAT Brevican core protein OS=Rattus norvegicus OX=10116 GN=Bcan PE=1 SV=1;sp|P55068|PGCB_RAT Brevican core protein OS=Rattus norvegicus OX=10116 GN=Bcan PE=1 SV=2;tr|A0A0G2JYH8|A0A0G2JYH8_RAT Brevican core protein OS=Rattus norvegicus OX=1,96,541910000,82016000,192690000,38536000,51647000,16447000,0,0,38035000,81597000,40944000,2000400,4699800,939910,1259700,401160,0,0,927680,1990200,998630,80484000,83494000,70007000,83877000,0,0,0,40038000,48063000,43918000,10,15,5,5,3,1,0,4,12,7
F1M8K0;D9IFS3,F1M8K0;D9IFS3,,Dag1,tr|F1M8K0|F1M8K0_RAT Dystroglycan 1 OS=Rattus norvegicus OX=10116 GN=Dag1 PE=1 SV=1;tr|D9IFS3|D9IFS3_RAT Alpha-dystroglycan (Fragment) OS=Rattus norvegicus OX=10116 PE=4 SV=1,96.705,647050000,36013000,111330000,6480200,4622400,5494200,7923100,5065600,166820000,145970000,157330000,923420,2854500,166160,118520,140880,203160,129890,4277400,3742800,4034200,79486000,114130000,0,0,0,0,0,105390000,110710000,100710000,7,5,3,6,2,5,7,12,12,14
Q7TP46;F8WG88;Q62632,Q7TP46;F8WG88;Q62632,Follistatin-related protein 1,Fstl1,tr|Q7TP46|Q7TP46_RAT Ab2-379 OS=Rattus norvegicus OX=10116 PE=2 SV=1;tr|F8WG88|F8WG88_RAT Follistatin-related protein 1 OS=Rattus norvegicus OX=10116 GN=Fstl1 PE=4 SV=3;sp|Q62632|FSTL1_RAT Follistatin-related protein 1 OS=Rattus norvegicus OX=10116 GN=Fstl,60.706,995220000,64759000,157390000,14434000,19295000,16604000,70402000,78892000,197300000,169710000,206440000,2233100,5427100,497720,665330,572560,2427700,2720400,6803500,5852200,7118500,79310000,51802000,38371000,37555000,40293000,117260000,85208000,156500000,145720000,166350000,9,7,5,7,4,17,7,15,16,22
P62804;Q5BM22;P62804-2,P62804,Histone H4;Osteogenic growth peptide,Hist1h4b,sp|P62804|H4_RAT Histone H4 OS=Rattus norvegicus OX=10116 GN=H4c2 PE=1 SV=2,11.367,1916400000,42981000,259480000,19011000,40366000,54493000,90318000,39208000,386130000,495840000,488550000,7163400,43246000,3168400,6727700,9082100,15053000,6534700,64356000,82640000,81424000,76559000,90340000,0,137350000,204080000,211250000,0,198740000,374530000,324660000,5,4,1,3,6,8,4,10,11,12
P30009;F1LMW7,P30009;F1LMW7,Myristoylated alanine-rich C-kinase substrate,Marcks,sp|P30009|MARCS_RAT Myristoylated alanine-rich C-kinase substrate OS=Rattus norvegicus OX=10116 GN=Marcks PE=1 SV=2;tr|F1LMW7|F1LMW7_RAT Myristoylated alanine-rich C-kinase substrate OS=Rattus norvegicus OX=10116 GN=Marcks PE=1 SV=3,29.794,675800000,57534000,98188000,11134000,26700000,28141000,10297000,27274000,154740000,131550000,130240000,4109600,7013400,795280,1907100,2010100,735470,1948100,11053000,9396200,9303200,70030000,62778000,24568000,47487000,52994000,0,0,111340000,100930000,94476000,8,11,4,5,5,3,5,17,16,14
Q3KRE8;P85108,Q3KRE8;P85108,Tubulin beta-2B chain;Tubulin beta-2A chain,Tubb2b;Tubb2a,sp|Q3KRE8|TBB2B_RAT Tubulin beta-2B chain OS=Rattus norvegicus OX=10116 GN=Tubb2b PE=1 SV=1;sp|P85108|TBB2A_RAT Tubulin beta-2A chain OS=Rattus norvegicus OX=10116 GN=Tubb2a PE=1 SV=1,49.953,972940000,43356000,150280000,16112000,15164000,13399000,58245000,79971000,208180000,153770000,234470000,2167800,7513900,805600,758220,669970,2912200,3998600,10409000,7688500,11723000,64038000,89572000,0,0,0,93416000,114010000,145530000,146400000,162070000,6,13,2,4,4,6,11,16,16,20
B6DYQ7;P04906;Q7TP35,B6DYQ7;P04906,Glutathione S-transferase P,Gstp1,tr|B6DYQ7|B6DYQ7_RAT Glutathione S-transferase pi OS=Rattus norvegicus OX=10116 GN=Gstp1 PE=2 SV=1;sp|P04906|GSTP1_RAT Glutathione S-transferase P OS=Rattus norvegicus OX=10116 GN=Gstp1 PE=1 SV=2,23.439,570960000,70570000,121210000,14173000,34085000,24130000,39175000,40544000,66619000,70924000,89532000,5880800,10101000,1181100,2840400,2010800,3264600,3378600,5551600,5910300,7461000,61788000,61239000,0,61262000,49616000,50934000,52788000,56555000,56064000,56763000,9,5,6,6,9,5,8,6,10,7
A0A096P6L8;P04937;P04937-3;F1LST1;P04937-2;P04937-4;Q6LC76;P97624;Q9Z1G8,A0A096P6L8;P04937;P04937-3;F1LST1;P04937-2;P04937-4,Fibronectin;Anastellin,Fn1,tr|A0A096P6L8|A0A096P6L8_RAT Fibronectin OS=Rattus norvegicus OX=10116 GN=Fn1 PE=1 SV=2;sp|P04937|FINC_RAT Fibronectin OS=Rattus norvegicus OX=10116 GN=Fn1 PE=1 SV=2;sp|P04937-3|FINC_RAT Isoform 3 of Fibronectin OS=Rattus norvegicus OX=10116 GN=Fn1;tr|F1LS,272.44,1438200000,55434000,174660000,17673000,7576200,7985500,101200000,65834000,271740000,409160000,326910000,513280,1617200,163640,70150,73940,937060,609580,2516100,3788600,3026900,59396000,81525000,25935000,0,0,140250000,108090000,205410000,353640000,303980000,13,17,5,2,3,20,17,44,59,44
Q5BJ93;M0R5J4;P04764;Q5EB49;P15429;P07323;F1M9V3,Q5BJ93;M0R5J4;P04764;Q5EB49,Alpha-enolase,Eno1,"tr|Q5BJ93|Q5BJ93_RAT Enolase 1, (Alpha) OS=Rattus norvegicus OX=10116 GN=Eno1 PE=2 SV=2;tr|M0R5J4|M0R5J4_RAT Uncharacterized protein OS=Rattus norvegicus OX=10116 PE=3 SV=1;sp|P04764|ENOA_RAT Alpha-enolase OS=Rattus norvegicus OX=10116 GN=Eno1 PE=1 SV=4;tr",47.127,762120000,45947000,164060000,17681000,32249000,19658000,39373000,26117000,142440000,127650000,146950000,2088500,7457100,803700,1465900,893540,1789700,1187200,6474600,5802400,6679400,58751000,80211000,36019000,54667000,36428000,59614000,49959000,92405000,92257000,118930000,9,11,7,6,4,9,8,18,14,19
Q3B7D6;P35446,Q3B7D6;P35446,Spondin-1,Spon1,"tr|Q3B7D6|Q3B7D6_RAT RCG39552, isoform CRA_a OS=Rattus norvegicus OX=10116 GN=Spon1 PE=1 SV=1;sp|P35446|SPON1_RAT Spondin-1 OS=Rattus norvegicus OX=10116 GN=Spon1 PE=1 SV=1",90.756,470130000,58743000,198810000,6441300,9069200,10482000,5057400,0,68447000,53167000,59915000,1587700,5373200,174090,245110,283300,136690,0,1849900,1437000,1619300,58698000,61462000,0,48598000,0,0,0,55096000,53478000,60268000,5,14,1,1,2,2,0,7,7,10
Q6P7A4;P10960;F7EPE0,Q6P7A4;P10960;F7EPE0,Sulfated glycoprotein 1,Psap,tr|Q6P7A4|Q6P7A4_RAT Prosaposin OS=Rattus norvegicus OX=10116 GN=Psap PE=2 SV=1;sp|P10960|SAP_RAT Prosaposin OS=Rattus norvegicus OX=10116 GN=Psap PE=1 SV=1;tr|F7EPE0|F7EPE0_RAT Prosaposin OS=Rattus norvegicus OX=10116 GN=Psap PE=1 SV=2,61.039,1463400000,26625000,159210000,2799800,2483100,13682000,141990000,129470000,398770000,287550000,300800000,887490,5307100,93325,82770,456060,4732900,4315800,13292000,9585200,10027000,52033000,121410000,0,0,35117000,179040000,178730000,277960000,241120000,255770000,3,12,1,2,2,13,14,25,19,20
M0R757;P62630;F1M6C2;P62632,M0R757;P62630;F1M6C2,Elongation factor 1-alpha;Elongation factor 1-alpha 1,LOC100360413;Eef1a1;LOC100360150,tr|M0R757|M0R757_RAT Elongation factor 1-alpha OS=Rattus norvegicus OX=10116 GN=LOC100360413 PE=3 SV=1;sp|P62630|EF1A1_RAT Elongation factor 1-alpha 1 OS=Rattus norvegicus OX=10116 GN=Eef1a1 PE=2 SV=1;tr|F1M6C2|F1M6C2_RAT Tr-type G domain-containing protei,50.107,765500000,35012000,57702000,0,0,13267000,72859000,66664000,183160000,164380000,172460000,1667200,2747700,0,0,631740,3469500,3174500,8721700,7827800,8212400,46074000,46023000,0,0,0,87453000,82023000,134890000,156940000,152790000,4,10,0,0,3,6,6,14,15,14
A0A0G2K793;P34058;D3ZXC7,A0A0G2K793;P34058,Heat shock protein HSP 90-beta,Hsp90ab1,tr|A0A0G2K793|A0A0G2K793_RAT Heat shock protein HSP 90-beta OS=Rattus norvegicus OX=10116 GN=Hsp90ab1 PE=1 SV=1;sp|P34058|HS90B_RAT Heat shock protein HSP 90-beta OS=Rattus norvegicus OX=10116 GN=Hsp90ab1 PE=1 SV=4,80.021,789700000,38330000,160740000,0,18481000,24266000,27393000,20366000,132660000,181840000,185620000,1161500,4870900,0,560030,735340,830090,617160,4020100,5510300,5625000,45643000,87459000,0,0,0,0,0,129700000,132190000,173310000,4,10,2,4,2,2,4,16,21,20
A0A0G2K506;Q1PBJ1;P70490,A0A0G2K506;Q1PBJ1;P70490,Lactadherin,Mfge8,tr|A0A0G2K506|A0A0G2K506_RAT Lactadherin OS=Rattus norvegicus OX=10116 GN=Mfge8 PE=1 SV=1;tr|Q1PBJ1|Q1PBJ1_RAT Lactadherin OS=Rattus norvegicus OX=10116 GN=Mfge8 PE=1 SV=1;sp|P70490|MFGM_RAT Lactadherin OS=Rattus norvegicus OX=10116 GN=Mfge8 PE=2 SV=1,51.143,359660000,35406000,128930000,19974000,26426000,6964200,14629000,12943000,37876000,54461000,22051000,1686000,6139600,951140,1258400,331630,696600,616340,1803600,2593400,1050100,45012000,64265000,42212000,44954000,0,0,0,21636000,28221000,22404000,8,14,7,3,4,1,2,5,7,5
P62260,P62260,14-3-3 protein epsilon,Ywhae,sp|P62260|1433E_RAT 14-3-3 protein epsilon OS=Rattus norvegicus OX=10116 GN=Ywhae PE=1 SV=1,29.174,589570000,38897000,97032000,6460800,18247000,20917000,25228000,9431200,112290000,125050000,136020000,2288000,5707800,380050,1073300,1230400,1484000,554780,6605000,7355800,8001200,43605000,56748000,0,37960000,49289000,46857000,0,83171000,93407000,91939000,6,9,3,4,3,5,2,7,12,8
G3V7Z4;P07092;O88772,G3V7Z4;P07092,Glia-derived nexin,Serpine2,tr|G3V7Z4|G3V7Z4_RAT Glia-derived nexin OS=Rattus norvegicus OX=10116 GN=Serpine2 PE=3 SV=1;sp|P07092|GDN_RAT Glia-derived nexin OS=Rattus norvegicus OX=10116 GN=Serpine2 PE=1 SV=1,44.049,868190000,39379000,142780000,21630000,8174700,11598000,44449000,62059000,167560000,204280000,166280000,1875200,6799000,1030000,389270,552260,2116600,2955200,7979200,9727400,7918100,40739000,73051000,48340000,0,31802000,84596000,90712000,139600000,142940000,104580000,8,10,5,3,4,10,14,17,14,12
A0A0G2JV65;P63102,A0A0G2JV65;P63102,14-3-3 protein zeta/delta,Ywhaz,tr|A0A0G2JV65|A0A0G2JV65_RAT 14-3-3 protein zeta/delta OS=Rattus norvegicus OX=10116 GN=Ywhaz PE=1 SV=1;sp|P63102|1433Z_RAT 14-3-3 protein zeta/delta OS=Rattus norvegicus OX=10116 GN=Ywhaz PE=1 SV=1,28.988,325590000,22666000,51094000,7843900,14259000,11909000,13783000,21811000,55995000,74379000,51854000,1511000,3406300,522930,950570,793930,918890,1454100,3733000,4958600,3456900,37991000,36808000,0,0,0,0,40266000,41867000,45087000,39791000,2,5,1,3,2,3,5,4,9,4
D3ZJ08,D3ZJ08,Histone H3,Hist2h3c2,tr|D3ZJ08|D3ZJ08_RAT Histone H3 OS=Rattus norvegicus OX=10116 GN=Hist2h3c2 PE=1 SV=1,15.388,951310000,30925000,51060000,39287000,17169000,49583000,70419000,67114000,201280000,215280000,209190000,7731200,12765000,9821800,4292300,12396000,17605000,16778000,50321000,53821000,52297000,36621000,38823000,58319000,0,66007000,95127000,88085000,140230000,162220000,150270000,3,8,6,3,9,14,13,9,10,11
P05065;Q6AY07,P05065;Q6AY07,Fructose-bisphosphate aldolase A;Fructose-bisphosphate aldolase,Aldoa;Aldoart2,sp|P05065|ALDOA_RAT Fructose-bisphosphate aldolase A OS=Rattus norvegicus OX=10116 GN=Aldoa PE=1 SV=2;tr|Q6AY07|Q6AY07_RAT Fructose-bisphosphate aldolase OS=Rattus norvegicus OX=10116 GN=Aldoart2 PE=2 SV=1,39.351,203880000,23817000,39553000,0,5825900,0,21535000,7937900,35530000,33088000,36598000,1035500,1719700,0,253300,0,936300,345130,1544800,1438600,1591200,35487000,30688000,0,0,0,31350000,0,20974000,22035000,24009000,2,5,0,1,0,5,1,7,6,9
Q3KR76;P29598,Q3KR76;P29598,Urokinase-type plasminogen activator;Urokinase-type plasminogen activator long chain A;Urokinase-type plasminogen activator short chain A;Urokinase-type plasminogen activator chain B,Plau,"tr|Q3KR76|Q3KR76_RAT Plasminogen activator, urokinase OS=Rattus norvegicus OX=10116 GN=Plau PE=2 SV=1;sp|P29598|UROK_RAT Urokinase-type plasminogen activator OS=Rattus norvegicus OX=10116 GN=Plau PE=1 SV=1",47.908,192370000,37333000,52694000,6557000,14443000,6397100,8381900,6943000,29543000,7204200,22874000,1696900,2395200,298050,656480,290780,381000,315590,1342900,327460,1039700,30742000,30072000,0,20147000,0,0,0,18630000,17504000,18520000,6,9,2,2,1,2,1,5,2,5
P68370;A0A0H2UHM7;Q6AYZ1;Q68FR8;Q6AY56;F1LUM5,P68370;A0A0H2UHM7;Q6AYZ1;Q68FR8,Tubulin alpha-1A chain;Tubulin alpha-1C chain;Tubulin alpha-3 chain,Tuba1a;Tuba1c;Tuba3a,sp|P68370|TBA1A_RAT Tubulin alpha-1A chain OS=Rattus norvegicus OX=10116 GN=Tuba1a PE=1 SV=1;tr|A0A0H2UHM7|A0A0H2UHM7_RAT Tubulin alpha chain OS=Rattus norvegicus OX=10116 GN=LOC100909441 PE=3 SV=1;sp|Q6AYZ1|TBA1C_RAT Tubulin alpha-1C chain OS=Rattus norve,50.135,981890000,26867000,138150000,12137000,15503000,14590000,19973000,73808000,213890000,245390000,221580000,1279400,6578400,577930,738220,694770,951080,3514600,10185000,11685000,10551000,30672000,81089000,0,0,0,0,121000000,173670000,185030000,189390000,4,9,1,3,2,4,8,21,26,17
G3V6X1,G3V6X1,,Fbln2,tr|G3V6X1|G3V6X1_RAT Fibulin 2 OS=Rattus norvegicus OX=10116 GN=Fbln2 PE=1 SV=1,131.3,162060000,19203000,54492000,4537700,9165100,4726000,4556600,2232700,21459000,18289000,23395000,400070,1135200,94536,190940,98458,94930,46515,447060,381010,487390,28587000,23272000,0,16914000,0,0,0,17477000,14304000,15122000,2,9,4,6,3,1,2,5,4,5
G3V6K1;Q9R0D6,G3V6K1;Q9R0D6,Transcobalamin-2,Tcn2,"tr|G3V6K1|G3V6K1_RAT Transcobalamin 2, isoform CRA_a OS=Rattus norvegicus OX=10116 GN=Tcn2 PE=4 SV=1;sp|Q9R0D6|TCO2_RAT Transcobalamin-2 OS=Rattus norvegicus OX=10116 GN=Tcn2 PE=2 SV=1",47.516,112760000,14197000,47838000,0,6880900,5753100,0,0,16056000,13084000,8949900,591530,1993200,0,286710,239710,0,0,669010,545170,372910,17962000,18656000,0,0,0,0,0,12806000,11757000,12515000,2,7,0,2,2,0,0,5,2,2
P05197;Q8K1G4,P05197;Q8K1G4,Elongation factor 2,Eef2,sp|P05197|EF2_RAT Elongation factor 2 OS=Rattus norvegicus OX=10116 GN=Eef2 PE=1 SV=4;tr|Q8K1G4|Q8K1G4_RAT Elongation factor-2 (Fragment) OS=Rattus norvegicus OX=10116 GN=Ef-2 PE=4 SV=1,95.283,89776000,12190000,17129000,3326700,0,0,5019900,0,15963000,23006000,13143000,270880,380640,73927,0,0,111550,0,354720,511240,292060,14352000,0,0,0,0,0,0,16116000,15921000,11939000,2,4,0,1,0,1,1,4,7,7
Q5XI73,Q5XI73,Rho GDP-dissociation inhibitor 1,Arhgdia,sp|Q5XI73|GDIR1_RAT Rho GDP-dissociation inhibitor 1 OS=Rattus norvegicus OX=10116 GN=Arhgdia PE=1 SV=1,23.407,107120000,13661000,16094000,0,0,0,10320000,11563000,12651000,21384000,21447000,1517900,1788200,0,0,0,1146700,1284700,1405600,2376000,2383000,13307000,0,0,0,0,0,0,0,19745000,19057000,3,3,0,0,0,1,3,1,2,5
F2Z3T9,F2Z3T9,,U2af2,tr|F2Z3T9|F2Z3T9_RAT U2 snRNP auxiliary factor large subunit OS=Rattus norvegicus OX=10116 GN=U2af2 PE=1 SV=2,53.12,6663800,0,0,0,0,0,0,0,0,1575700,5088100,0,0,0,0,0,0,0,0,105040,339210,0,0,0,0,0,0,0,0,0,4502400,0,0,0,0,0,0,0,0,1,2
A0A0G2K588;D4A917,A0A0G2K588;D4A917,,Ltbp4,tr|A0A0G2K588|A0A0G2K588_RAT Latent-transforming growth factor beta-binding protein 4 OS=Rattus norvegicus OX=10116 GN=Ltbp4 PE=1 SV=1;tr|D4A917|D4A917_RAT Latent-transforming growth factor beta-binding protein 4 OS=Rattus norvegicus OX=10116 GN=Ltbp4 PE=1,154.01,8705100,0,0,0,0,0,0,0,2424300,0,6280900,0,0,0,0,0,0,0,36183,0,93744,0,0,0,0,0,0,0,0,0,5557900,0,0,0,0,0,0,0,1,0,2
Q5PQW8;Q63663,Q5PQW8;Q63663,Interferon-induced guanylate-binding protein 2,Gbp2,tr|Q5PQW8|Q5PQW8_RAT Guanylate binding protein 2 OS=Rattus norvegicus OX=10116 GN=Gbp2 PE=1 SV=1;sp|Q63663|GBP2_RAT Guanylate-binding protein 1 OS=Rattus norvegicus OX=10116 GN=Gbp2 PE=1 SV=2,67.355,11676000,0,0,0,0,0,0,0,4891600,3381600,3402600,0,0,0,0,0,0,0,212680,147030,147940,0,0,0,0,0,0,0,0,0,3010900,0,0,0,0,0,0,0,1,1,1
B2LYI9;A0A0G2K1L0;Q62701,B2LYI9;A0A0G2K1L0,,Tnc,tr|B2LYI9|B2LYI9_RAT Tenascin C OS=Rattus norvegicus OX=10116 GN=Tnc PE=2 SV=1;tr|A0A0G2K1L0|A0A0G2K1L0_RAT Tenascin C OS=Rattus norvegicus OX=10116 GN=Tnc PE=1 SV=1,221.42,12213000,0,0,0,0,0,0,0,0,2321700,9891300,0,0,0,0,0,0,0,0,26383,112400,0,0,0,0,0,0,0,0,2114000,0,0,0,0,0,0,0,0,0,1,2
P07943,P07943,Aldose reductase,Akr1b1,sp|P07943|ALDR_RAT Aldo-keto reductase family 1 member B1 OS=Rattus norvegicus OX=10116 GN=Akr1b1 PE=1 SV=3,35.797,12410000,0,0,0,0,0,0,0,0,5267900,7141700,0,0,0,0,0,0,0,0,277260,375880,0,0,0,0,0,0,0,0,0,6319700,0,0,0,0,0,0,0,0,1,2
Q9JI04,Q9JI04,,Col5a3,tr|Q9JI04|Q9JI04_RAT Alpha 4 type V collagen OS=Rattus norvegicus OX=10116 GN=Col5a3 PE=2 SV=1,171.57,14000000,0,0,0,0,0,0,0,4644800,0,9355400,0,0,0,0,0,0,0,59549,0,119940,0,0,0,0,0,0,0,0,0,8278500,0,0,0,0,0,0,0,1,0,2
Q6IUU3-2;Q6IUU3-3;Q6IUU3,Q6IUU3-2;Q6IUU3-3;Q6IUU3,Sulfhydryl oxidase 1,Qsox1,sp|Q6IUU3-2|QSOX1_RAT Isoform 2 of Sulfhydryl oxidase 1 OS=Rattus norvegicus OX=10116 GN=Qsox1;sp|Q6IUU3-3|QSOX1_RAT Isoform 3 of Sulfhydryl oxidase 1 OS=Rattus norvegicus OX=10116 GN=Qsox1;sp|Q6IUU3|QSOX1_RAT Sulfhydryl oxidase 1 OS=Rattus norvegicus OX=1,62.882,16785000,0,0,0,0,0,0,0,3681500,1450800,11653000,0,0,0,0,0,0,0,99499,39211,314940,0,0,0,0,0,0,0,0,0,10312000,0,0,0,0,0,0,0,1,1,1
D4A8L9,D4A8L9,,Btbd17,tr|D4A8L9|D4A8L9_RAT BTB domain-containing 17 OS=Rattus norvegicus OX=10116 GN=Btbd17 PE=1 SV=1,55.406,19924000,0,14723000,0,0,0,0,0,0,0,5200900,0,566280,0,0,0,0,0,0,0,200030,0,0,0,0,0,0,0,0,0,4602200,0,1,0,0,0,0,0,0,0,2
Q5M7T5,Q5M7T5,,Serpinc1,"tr|Q5M7T5|Q5M7T5_RAT Serine (Or cysteine) peptidase inhibitor, clade C (Antithrombin), member 1 OS=Rattus norvegicus OX=10116 GN=Serpinc1 PE=1 SV=1",52.233,31134000,0,0,0,0,0,0,0,0,18599000,12535000,0,0,0,0,0,0,0,0,619950,417840,0,0,0,0,0,0,0,0,0,11092000,0,0,0,0,0,0,0,1,1,1
B0BMV1;A0A0G2JSU3;D3ZC07;Q63945-2;Q63945,B0BMV1;A0A0G2JSU3;D3ZC07;Q63945-2;Q63945,Protein SET,Set;Pkn3,tr|B0BMV1|B0BMV1_RAT Set protein OS=Rattus norvegicus OX=10116 GN=Set PE=2 SV=1;tr|A0A0G2JSU3|A0A0G2JSU3_RAT Protein SET OS=Rattus norvegicus OX=10116 GN=Set PE=1 SV=1;tr|D3ZC07|D3ZC07_RAT Protein kinase N3 OS=Rattus norvegicus OX=10116 GN=Pkn3 PE=1 SV=3;s,33.405,49035000,0,0,0,0,0,0,0,20562000,14682000,13791000,0,0,0,0,0,0,0,2284700,1631300,1532400,0,0,0,0,0,0,0,0,0,12204000,0,0,0,0,0,0,0,1,1,1
A0A3B0J380;P31720,A0A3B0J380;P31720,Complement C1q subcomponent subunit A,C1qa,tr|A0A3B0J380|A0A3B0J380_RAT Adiponectin c OS=Rattus norvegicus OX=10116 GN=Adic PE=4 SV=1;sp|P31720|C1QA_RAT Complement C1q subcomponent subunit A OS=Rattus norvegicus OX=10116 GN=C1qa PE=1 SV=2,27.201,338170000,0,0,0,0,0,0,0,99265000,81155000,157750000,0,0,0,0,0,0,0,6204100,5072200,9859200,0,0,0,0,0,0,0,0,0,139590000,0,0,0,0,0,0,0,2,1,0
R9PXU6;A0A0G2K8V2;P85972,R9PXU6;A0A0G2K8V2;P85972,Vinculin,Vcl,tr|R9PXU6|R9PXU6_RAT Vinculin OS=Rattus norvegicus OX=10116 GN=Vcl PE=1 SV=1;tr|A0A0G2K8V2|A0A0G2K8V2_RAT Vinculin OS=Rattus norvegicus OX=10116 GN=Vcl PE=1 SV=1;sp|P85972|VINC_RAT Vinculin OS=Rattus norvegicus OX=10116 GN=Vcl PE=1 SV=1,116.57,9628200,0,5601900,0,0,0,0,0,0,0,4026300,0,74692,0,0,0,0,0,0,0,53685,0,0,0,0,0,0,0,0,0,3562900,0,2,0,0,0,0,0,0,0,2
P85973,P85973,Purine nucleoside phosphorylase,Pnp,sp|P85973|PNPH_RAT Purine nucleoside phosphorylase OS=Rattus norvegicus OX=10116 GN=Pnp PE=1 SV=1,32.302,10301000,0,0,0,0,0,0,0,4907100,2272800,3121400,0,0,0,0,0,0,0,306700,142050,195090,0,0,0,0,0,0,0,0,0,2762100,0,0,0,0,0,0,0,1,1,2
Q68FQ0,Q68FQ0,T-complex protein 1 subunit epsilon,Cct5,sp|Q68FQ0|TCPE_RAT T-complex protein 1 subunit epsilon OS=Rattus norvegicus OX=10116 GN=Cct5 PE=1 SV=1,59.536,10834000,0,0,0,0,0,0,0,3663000,3276100,3894800,0,0,0,0,0,0,0,111000,99276,118020,0,0,0,0,0,0,0,0,0,3446500,0,1,0,0,0,0,0,1,1,1
P21744,P21744,Insulin-like growth factor-binding protein 4,Igfbp4,sp|P21744|IBP4_RAT Insulin-like growth factor-binding protein 4 OS=Rattus norvegicus OX=10116 GN=Igfbp4 PE=1 SV=2,27.745,12931000,0,11275000,0,0,0,0,1656000,0,0,0,0,867300,0,0,0,0,127380,0,0,0,0,0,0,0,0,0,2290600,0,0,0,0,3,0,0,0,0,1,0,0,0
Q9EQS0,Q9EQS0,Transaldolase,Taldo1,sp|Q9EQS0|TALDO_RAT Transaldolase OS=Rattus norvegicus OX=10116 GN=Taldo1 PE=1 SV=2,37.46,14050000,0,8042600,0,0,0,0,0,0,0,6007800,0,473090,0,0,0,0,0,0,0,353400,0,0,0,0,0,0,0,0,0,5316300,0,2,0,0,0,0,0,0,0,2
A0A0H2UHL6;A0A0G2K8H6;P00786,A0A0H2UHL6;A0A0G2K8H6;P00786,Pro-cathepsin H;Cathepsin H mini chain;Cathepsin H;Cathepsin H heavy chain;Cathepsin H light chain,Ctsh,tr|A0A0H2UHL6|A0A0H2UHL6_RAT Pro-cathepsin H OS=Rattus norvegicus OX=10116 GN=Ctsh PE=1 SV=1;tr|A0A0G2K8H6|A0A0G2K8H6_RAT Pro-cathepsin H OS=Rattus norvegicus OX=10116 GN=Ctsh PE=1 SV=1;sp|P00786|CATH_RAT Pro-cathepsin H OS=Rattus norvegicus OX=10116 GN=Ct,32.967,18888000,0,0,0,0,0,0,0,6925400,5359300,6602900,0,0,0,0,0,0,0,532730,412250,507910,0,0,0,0,0,0,0,0,0,5842800,0,0,0,0,0,0,0,1,2,1
B5DEN5;Q7TPK5,B5DEN5;Q7TPK5,,Eef1b2;Eef1b2l,tr|B5DEN5|B5DEN5_RAT Eukaryotic translation elongation factor 1 beta 2 OS=Rattus norvegicus OX=10116 GN=Eef1b2 PE=1 SV=1;tr|Q7TPK5|Q7TPK5_RAT Ac2-067 OS=Rattus norvegicus OX=10116 PE=2 SV=1,24.675,32881000,0,9660700,0,0,0,0,0,7503500,6779900,8937000,0,805060,0,0,0,0,0,625290,564990,744750,0,0,0,0,0,0,0,0,0,7908300,0,1,0,0,0,0,0,1,0,2
Q6LED0,Q6LED0,Histone H3.1,,sp|Q6LED0|H31_RAT Histone H3.1 OS=Rattus norvegicus OX=10116 PE=1 SV=3,15.404,35688000,0,0,0,0,0,4043400,0,8864900,11335000,11444000,0,0,0,0,0,1010900,0,2216200,2833800,2861100,0,0,0,0,0,0,0,0,0,10127000,0,0,0,0,0,1,0,1,1,1
Q4QQV0,Q4QQV0,,Tubb6,tr|Q4QQV0|Q4QQV0_RAT Tubulin beta chain OS=Rattus norvegicus OX=10116 GN=Tubb6 PE=1 SV=1,50.059,39091000,0,0,0,0,0,0,0,15417000,10978000,12696000,0,0,0,0,0,0,0,770830,548920,634810,0,0,0,0,0,0,0,0,0,11235000,0,0,0,0,0,0,0,1,2,1
O70513,O70513,Galectin-3-binding protein,Lgals3bp,sp|O70513|LG3BP_RAT Galectin-3-binding protein OS=Rattus norvegicus OX=10116 GN=Lgals3bp PE=1 SV=2,63.742,4034800,0,0,0,0,0,0,0,0,0,4034800,0,0,0,0,0,0,0,0,0,183400,0,0,0,0,0,0,0,0,0,3570400,0,0,0,0,0,0,0,2,1,2
A0A1L1WKG3;Q0QER8;P41562,A0A1L1WKG3;Q0QER8;P41562,Isocitrate dehydrogenase [NADP] cytoplasmic,Idh1,tr|A0A1L1WKG3|A0A1L1WKG3_RAT Isocitrate dehydrogenase 1 (Fragment) OS=Rattus norvegicus OX=10116 PE=2 SV=1;tr|Q0QER8|Q0QER8_RAT Isocitrate dehydrogenase 1 (Fragment) OS=Rattus norvegicus OX=10116 GN=IDH1 PE=2 SV=1;sp|P41562|IDHC_RAT Isocitrate dehydrogenas,39.248,9929600,0,1800600,0,0,0,0,0,3145200,2448000,2535700,0,90028,0,0,0,0,0,157260,122400,126790,0,0,0,0,0,0,0,0,0,2243900,1,1,0,0,0,0,0,1,1,1
Q05175,Q05175,Brain acid soluble protein 1,Basp1,sp|Q05175|BASP1_RAT Brain acid soluble protein 1 OS=Rattus norvegicus OX=10116 GN=Basp1 PE=1 SV=2,21.79,16141000,0,4908200,0,0,0,0,0,5434000,0,5799100,0,490820,0,0,0,0,0,543400,0,579910,0,0,0,0,0,0,0,0,0,5131600,0,1,0,0,0,0,0,2,1,1
P04785,P04785,Protein disulfide-isomerase,P4hb,sp|P04785|PDIA1_RAT Protein disulfide-isomerase OS=Rattus norvegicus OX=10116 GN=P4hb PE=1 SV=2,56.951,17255000,0,0,0,0,0,0,0,6182700,6395300,4676800,0,0,0,0,0,0,0,193210,199850,146150,0,0,0,0,0,0,0,5252300,0,0,0,0,0,0,0,0,0,2,1,2
D3ZT94,D3ZT94,,Ptx3,tr|D3ZT94|D3ZT94_RAT Pentraxin 3 OS=Rattus norvegicus OX=10116 GN=Ptx3 PE=4 SV=1,42.05,21975000,0,0,0,0,0,0,0,0,15525000,6449800,0,0,0,0,0,0,0,0,739280,307130,0,0,0,0,0,0,0,0,14136000,0,0,0,0,0,0,0,0,0,4,1
P47942,P47942,Dihydropyrimidinase-related protein 2,Dpysl2,sp|P47942|DPYL2_RAT Dihydropyrimidinase-related protein 2 OS=Rattus norvegicus OX=10116 GN=Dpysl2 PE=1 SV=1,62.277,23510000,0,0,0,0,0,0,0,11595000,11914000,0,0,0,0,0,0,0,0,374040,384330,0,0,0,0,0,0,0,0,0,10848000,0,0,1,0,0,0,0,0,2,2,0
P11232,P11232,Thioredoxin,Txn,sp|P11232|THIO_RAT Thioredoxin OS=Rattus norvegicus OX=10116 GN=Txn PE=1 SV=2,11.673,29535000,0,0,0,0,0,0,0,15988000,13547000,0,0,0,0,0,0,0,0,2284000,1935300,0,0,0,0,0,0,0,0,0,12335000,0,1,1,0,0,0,0,0,2,1,0
Q66H12,Q66H12,Alpha-N-acetylgalactosaminidase,Naga,sp|Q66H12|NAGAB_RAT Alpha-N-acetylgalactosaminidase OS=Rattus norvegicus OX=10116 GN=Naga PE=2 SV=1,46.871,32426000,0,0,0,0,0,0,0,9359900,8993700,14072000,0,0,0,0,0,0,0,406950,391030,611840,0,0,0,0,0,0,0,0,0,12452000,0,0,0,0,0,0,0,1,1,3
P11030;Q6TXF3,P11030;Q6TXF3,Acyl-CoA-binding protein;Triakontatetraneuropeptide;Octadecaneuropeptide,Dbi,sp|P11030|ACBP_RAT Acyl-CoA-binding protein OS=Rattus norvegicus OX=10116 GN=Dbi PE=1 SV=3;tr|Q6TXF3|Q6TXF3_RAT Acyl-CoA-binding protein OS=Rattus norvegicus OX=10116 GN=Dbi PE=1 SV=1,10.027,45981000,0,0,0,0,0,0,0,0,18695000,27286000,0,0,0,0,0,0,0,0,4673900,6821400,0,0,0,0,0,0,0,0,0,24145000,0,1,0,0,0,0,0,1,2,1
Q6AXS4,Q6AXS4,Renin receptor,Atp6ap2,sp|Q6AXS4|RENR_RAT Renin receptor OS=Rattus norvegicus OX=10116 GN=Atp6ap2 PE=1 SV=1,39.081,7619200,0,0,0,0,0,0,0,2876200,2212600,2530400,0,0,0,0,0,0,0,191750,147510,168690,0,0,0,0,0,0,0,0,0,2239100,0,0,0,0,0,0,0,2,2,2
Q642B0,Q642B0,,Gpc4,tr|Q642B0|Q642B0_RAT Glypican 4 OS=Rattus norvegicus OX=10116 GN=Gpc4 PE=1 SV=1,62.561,12420000,0,0,0,0,0,0,0,4852400,3769400,3798300,0,0,0,0,0,0,0,173300,134620,135650,0,0,0,0,0,0,0,0,0,3361100,0,0,0,0,0,0,0,1,1,4
P07895,P07895,"Superoxide dismutase [Mn], mitochondrial",Sod2,"sp|P07895|SODM_RAT Superoxide dismutase [Mn], mitochondrial OS=Rattus norvegicus OX=10116 GN=Sod2 PE=1 SV=2",24.674,15904000,0,0,0,0,0,0,2537700,4726900,4103400,4536300,0,0,0,0,0,0,230700,429720,373030,412390,0,0,0,0,0,0,0,0,0,4014100,0,0,0,0,0,0,1,3,1,1
A0A0G2KAI7;Q5XI84;A0A0G2K2R5,A0A0G2KAI7;Q5XI84;A0A0G2K2R5,,Efemp2,tr|A0A0G2KAI7|A0A0G2KAI7_RAT EGF-containing fibulin extracellular matrix protein 2 OS=Rattus norvegicus OX=10116 GN=Efemp2 PE=1 SV=1;tr|Q5XI84|Q5XI84_RAT EGF-containing fibulin extracellular matrix protein 2 OS=Rattus norvegicus OX=10116 GN=Efemp2 PE=1 SV=,37.533,17880000,0,0,0,0,0,0,0,6495000,5656200,5728900,0,0,0,0,0,0,0,360830,314230,318270,0,0,0,0,0,0,0,0,0,5069500,0,0,0,0,0,0,0,3,2,1
A0A0G2K1L8,A0A0G2K1L8,,,tr|A0A0G2K1L8|A0A0G2K1L8_RAT Brain acid soluble protein 1 OS=Rattus norvegicus OX=10116 GN=Basp1 PE=1 SV=1,21.719,24170000,0,8595000,0,0,0,0,2909500,4844500,3646700,4174000,0,859500,0,0,0,0,290950,484450,364670,417400,0,0,0,0,0,0,0,0,0,3693600,0,1,0,0,0,0,2,1,1,1
Q5BKC3;O88767,Q5BKC3;O88767,Protein deglycase DJ-1,Park7,tr|Q5BKC3|Q5BKC3_RAT Park7 protein OS=Rattus norvegicus OX=10116 GN=Park7 PE=1 SV=1;sp|O88767|PARK7_RAT Parkinson disease protein 7 homolog OS=Rattus norvegicus OX=10116 GN=Park7 PE=1 SV=1,22.503,24764000,4044200,5721500,0,0,0,0,0,5694800,4006000,5297000,311090,440120,0,0,0,0,0,438060,308150,407460,0,0,0,0,0,0,0,0,0,4687300,1,2,0,0,0,1,0,1,1,0
M0RBH9,M0RBH9,,Gas1,tr|M0RBH9|M0RBH9_RAT Growth arrest-specific 1 OS=Rattus norvegicus OX=10116 GN=Gas1 PE=4 SV=1,40.217,32610000,0,0,0,0,0,0,0,10741000,10826000,11043000,0,0,0,0,0,0,0,537070,541310,552140,0,0,0,0,0,0,0,0,0,9771700,0,2,0,0,0,0,0,1,1,2
D3ZK97;B0BMY8;P84245;M0RBX6;A0A0G2K0N8;A0A0G2K5X7;A0A0G2K9I5,D3ZK97;B0BMY8;P84245;M0RBX6,Histone H3;Histone H3.3,H3f3c;H3f3b;Hist1h3e,tr|D3ZK97|D3ZK97_RAT Histone H3 OS=Rattus norvegicus OX=10116 GN=H3f3c PE=3 SV=1;tr|B0BMY8|B0BMY8_RAT Histone H3 OS=Rattus norvegicus OX=10116 GN=H3f3b PE=2 SV=1;sp|P84245|H33_RAT Histone H3.3 OS=Rattus norvegicus OX=10116 GN=H3-3b PE=1 SV=2;tr|M0RBX6|M0RB,15.358,39777000,0,0,0,0,0,5806600,0,8320200,12964000,12686000,0,0,0,0,0,1451600,0,2080100,3241000,3171600,0,0,0,0,0,0,0,0,0,8052900,0,0,0,0,0,1,0,1,2,2
Q924T4,Q924T4,"Beta-1,3-N-acetylglucosaminyltransferase lunatic fringe",Lfng,"sp|Q924T4|LFNG_RAT Beta-1,3-N-acetylglucosaminyltransferase lunatic fringe OS=Rattus norvegicus OX=10116 GN=Lfng PE=2 SV=1",41.958,52547000,0,16847000,0,0,0,0,0,7781200,18729000,9190400,0,842340,0,0,0,0,0,389060,936450,459520,0,0,0,0,0,0,0,0,17053000,0,0,1,0,0,0,0,0,1,3,1
Q64361,Q64361,Latexin,Lxn,sp|Q64361|LXN_RAT Latexin OS=Rattus norvegicus OX=10116 GN=Lxn PE=1 SV=1,25.58,59092000,9968500,15535000,0,0,0,0,0,12422000,6364400,14802000,1107600,1726100,0,0,0,0,0,1380200,707160,1644700,0,0,0,0,0,0,0,0,0,13098000,1,1,0,0,0,0,0,1,1,2
P29534;A0A0G2K127,P29534;A0A0G2K127,Vascular cell adhesion protein 1,Vcam1,sp|P29534|VCAM1_RAT Vascular cell adhesion protein 1 OS=Rattus norvegicus OX=10116 GN=Vcam1 PE=1 SV=1;tr|A0A0G2K127|A0A0G2K127_RAT Vascular cell adhesion protein 1 OS=Rattus norvegicus OX=10116 GN=Vcam1 PE=1 SV=1,81.245,9926800,0,0,0,0,0,1071200,0,6234900,0,2620700,0,0,0,0,0,27468,0,159870,0,67196,0,0,0,0,0,0,0,5296800,0,0,0,0,0,0,0,1,0,3,0,3
A0A0G2K3Q6;P09117,A0A0G2K3Q6;P09117,Fructose-bisphosphate aldolase C,Aldoc,tr|A0A0G2K3Q6|A0A0G2K3Q6_RAT Fructose-bisphosphate aldolase OS=Rattus norvegicus OX=10116 GN=Aldoc PE=1 SV=1;sp|P09117|ALDOC_RAT Fructose-bisphosphate aldolase C OS=Rattus norvegicus OX=10116 GN=Aldoc PE=1 SV=3,40.484,11652000,0,3075600,0,0,0,0,0,3217500,3098700,2260200,0,133720,0,0,0,0,0,139890,134720,98270,0,0,0,0,0,0,0,0,2821400,0,0,1,0,0,0,0,0,2,3,1
Q6P9V9;Q5XIF6,Q6P9V9;Q5XIF6,Tubulin alpha-1B chain;Tubulin alpha-4A chain,Tuba1b;Tuba4a,sp|Q6P9V9|TBA1B_RAT Tubulin alpha-1B chain OS=Rattus norvegicus OX=10116 GN=Tuba1b PE=1 SV=1;sp|Q5XIF6|TBA4A_RAT Tubulin alpha-4A chain OS=Rattus norvegicus OX=10116 GN=Tuba4a PE=1 SV=1,50.151,11672000,0,0,0,0,0,0,0,0,5725100,5946600,0,0,0,0,0,0,0,0,272630,283170,0,0,0,0,0,0,0,0,0,5262100,0,1,1,0,0,1,0,0,3,1
A0A0G2K7X0;Q5PPH9;F7EL36;P49911,A0A0G2K7X0;Q5PPH9;F7EL36;P49911,Acidic leucine-rich nuclear phosphoprotein 32 family member A,Anp32a,"tr|A0A0G2K7X0|A0A0G2K7X0_RAT Acidic leucine-rich nuclear phosphoprotein 32 family member A OS=Rattus norvegicus OX=10116 GN=Anp32a PE=1 SV=1;tr|Q5PPH9|Q5PPH9_RAT Acidic (Leucine-rich) nuclear phosphoprotein 32 family, member A OS=Rattus norvegicus OX=10116",26.316,19086000,0,5777300,0,0,0,0,2473000,3195900,3934700,3704700,0,641920,0,0,0,0,274780,355100,437180,411630,0,0,0,0,0,0,0,0,0,3278200,1,1,0,1,0,0,1,1,1,1
Q6AYQ9,Q6AYQ9,Peptidyl-prolyl cis-trans isomerase,Ppic,tr|Q6AYQ9|Q6AYQ9_RAT Peptidyl-prolyl cis-trans isomerase OS=Rattus norvegicus OX=10116 GN=Ppic PE=1 SV=1,23.009,26141000,0,0,0,0,0,0,0,8115200,10497000,7529200,0,0,0,0,0,0,0,737740,954250,684470,0,0,0,0,0,0,0,0,0,6662500,0,1,0,0,0,0,0,3,1,2
M0R4B6;B2RYU2;A0A140TAC5;P23358;D3ZJE2;D4A8N3,M0R4B6;B2RYU2;A0A140TAC5;P23358;D3ZJE2;D4A8N3,60S ribosomal protein L12,Rpl12;Rpl12-ps1;RGD1563956,"tr|M0R4B6|M0R4B6_RAT RCG64424 OS=Rattus norvegicus OX=10116 GN=LOC102555453 PE=3 SV=1;tr|B2RYU2|B2RYU2_RAT RCG45615, isoform CRA_a OS=Rattus norvegicus OX=10116 GN=Rpl12 PE=2 SV=1;tr|A0A140TAC5|A0A140TAC5_RAT 60S ribosomal protein L12 OS=Rattus norvegicus ",17.865,32282000,0,5131300,0,0,0,0,0,4168000,10529000,12454000,0,570150,0,0,0,0,0,463110,1169900,1383700,0,0,0,0,0,0,0,0,9800200,10807000,0,1,0,0,0,0,0,2,2,2
P63029,P63029,Translationally-controlled tumor protein,Tpt1,sp|P63029|TCTP_RAT Translationally-controlled tumor protein OS=Rattus norvegicus OX=10116 GN=Tpt1 PE=1 SV=1,19.462,12180000,0,7655500,0,0,0,0,0,4524400,0,0,0,1275900,0,0,0,0,0,754070,0,0,0,0,0,0,0,0,0,3843600,0,0,1,1,0,0,0,0,0,2,2,2
P38983,P38983,40S ribosomal protein SA,Rpsa,sp|P38983|RSSA_RAT 40S ribosomal protein SA OS=Rattus norvegicus OX=10116 GN=Rpsa PE=1 SV=3,32.824,16255000,0,0,0,0,0,0,0,7885200,4164000,4205700,0,0,0,0,0,0,0,606560,320300,323520,0,0,0,0,0,0,0,6698700,0,0,0,1,0,0,0,0,0,4,1,2
E9PSP1,E9PSP1,,Pltp,tr|E9PSP1|E9PSP1_RAT Phospholipid transfer protein OS=Rattus norvegicus OX=10116 GN=Pltp PE=1 SV=1,54.45,17285000,0,0,0,0,0,0,0,3643600,7025300,6616200,0,0,0,0,0,0,0,165620,319330,300740,0,0,0,0,0,0,0,0,6459500,5791800,0,0,0,0,0,0,0,1,4,3
F1LTJ5,F1LTJ5,,Hspg2,tr|F1LTJ5|F1LTJ5_RAT Uncharacterized protein OS=Rattus norvegicus OX=10116 PE=1 SV=3,263.11,23567000,0,0,0,0,0,0,0,4760700,9973900,8832100,0,0,0,0,0,0,0,45340,94989,84115,0,0,0,0,0,0,0,0,9081300,0,0,0,0,0,0,0,0,1,3,4
D4A4D5;D3ZN03;P02401,D4A4D5;D3ZN03;P02401,60S acidic ribosomal protein P2,LOC498555;LOC100362751;Rplp2,tr|D4A4D5|D4A4D5_RAT Similar to 60S acidic ribosomal protein P2 OS=Rattus norvegicus OX=10116 GN=LOC498555 PE=3 SV=1;tr|D3ZN03|D3ZN03_RAT Ribosomal protein P2-like OS=Rattus norvegicus OX=10116 GN=LOC100362751 PE=1 SV=1;sp|P02401|RLA2_RAT 60S acidic riboso,11.706,24751000,0,0,0,0,0,0,0,3720100,3517200,17514000,0,0,0,0,0,0,0,744030,703440,3502700,0,0,0,0,0,0,0,0,0,15498000,0,1,0,0,0,0,0,2,2,3
A0A0G2K013;A0A0G2K5U9;Q9QXQ0;Q99MI8;Q6GMN8;Q62744;Q6T487;Q9Z1P2,A0A0G2K013;A0A0G2K5U9;Q9QXQ0;Q99MI8;Q6GMN8;Q62744;Q6T487;Q9Z1P2,Alpha-actinin-4;Alpha-actinin-1,Actn4;Actn1,tr|A0A0G2K013|A0A0G2K013_RAT Alpha-actinin-4 OS=Rattus norvegicus OX=10116 GN=Actn4 PE=1 SV=1;tr|A0A0G2K5U9|A0A0G2K5U9_RAT Alpha-actinin-4 OS=Rattus norvegicus OX=10116 GN=Actn4 PE=1 SV=1;sp|Q9QXQ0|ACTN4_RAT Alpha-actinin-4 OS=Rattus norvegicus OX=10116 GN,102.97,38004000,0,0,0,0,0,0,0,17404000,10443000,10157000,0,0,0,0,0,0,0,316440,189870,184670,0,0,0,0,0,0,0,13677000,9317900,10287000,0,0,0,0,0,0,0,2,4,2
Q6AYE5,Q6AYE5,Out at first protein homolog,Oaf,sp|Q6AYE5|OAF_RAT Out at first protein homolog OS=Rattus norvegicus OX=10116 GN=Oaf PE=2 SV=1,31.775,40598000,0,0,0,0,0,0,0,10089000,6369600,24139000,0,0,0,0,0,0,0,720630,454970,1724200,0,0,0,0,0,0,0,0,0,21361000,0,0,0,0,0,0,0,2,2,4
Q8CJH4;Q6IN37,Q8CJH4;Q6IN37,,Gm2a,tr|Q8CJH4|Q8CJH4_RAT GM2 activator protein OS=Rattus norvegicus OX=10116 GN=rGM2AP PE=2 SV=1;tr|Q6IN37|Q6IN37_RAT GM2 ganglioside activator OS=Rattus norvegicus OX=10116 GN=Gm2a PE=1 SV=1,21.521,61839000,0,0,0,0,0,8077700,6822800,17567000,15550000,13821000,0,0,0,0,0,1009700,852850,2195900,1943700,1727600,0,0,0,0,0,0,0,0,0,12230000,1,0,0,0,0,1,1,3,1,1
P62963;CON__P02584,P62963;CON__P02584,Profilin-1,Pfn1,sp|P62963|PROF1_RAT Profilin-1 OS=Rattus norvegicus OX=10116 GN=Pfn1 PE=1 SV=2;,14.957,62637000,0,17838000,0,0,0,0,0,16469000,13530000,14800000,0,1982000,0,0,0,0,0,1829900,1503300,1644400,0,0,0,0,0,0,0,13941000,12354000,13112000,0,1,0,0,0,0,0,2,2,3
Q8CHN5;F7FJQ3,Q8CHN5;F7FJQ3,,Npc2,tr|Q8CHN5|Q8CHN5_RAT Epididymal secretory protein 1 OS=Rattus norvegicus OX=10116 GN=re1 PE=2 SV=1;tr|F7FJQ3|F7FJQ3_RAT NPC intracellular cholesterol transporter 2 OS=Rattus norvegicus OX=10116 GN=Npc2 PE=1 SV=1,16.364,96232000,0,16650000,0,0,0,0,6913100,26444000,3736800,42488000,0,2775000,0,0,0,0,1152200,4407300,622810,7081400,0,0,0,0,0,0,0,27527000,0,32535000,0,1,0,0,0,0,1,2,1,3
A4LA56,A4LA56,,Chi3l1,tr|A4LA56|A4LA56_RAT Chitinase 3-like 1 protein (Fragment) OS=Rattus norvegicus OX=10116 GN=Chi3l1 PE=2 SV=1,40.372,102310000,0,0,0,0,0,16222000,17468000,24879000,21491000,22246000,0,0,0,0,0,811080,873410,1243900,1074600,1112300,0,0,0,0,0,0,0,0,0,19685000,0,0,0,0,0,2,2,1,1,2
P85845;A0A0G2KAM4;Q80X10,P85845;A0A0G2KAM4,Fascin,Fscn1,sp|P85845|FSCN1_RAT Fascin OS=Rattus norvegicus OX=10116 GN=Fscn1 PE=1 SV=2;tr|A0A0G2KAM4|A0A0G2KAM4_RAT Fascin OS=Rattus norvegicus OX=10116 GN=Fscn1 PE=3 SV=1,54.49,18754000,0,3234400,0,0,0,0,0,3881600,6065200,5572600,0,111530,0,0,0,0,0,133850,209140,192160,0,0,0,0,0,0,0,0,0,4931200,0,3,0,0,0,0,0,3,1,2
P19945,P19945,60S acidic ribosomal protein P0,Rplp0,sp|P19945|RLA0_RAT 60S acidic ribosomal protein P0 OS=Rattus norvegicus OX=10116 GN=Rplp0 PE=1 SV=2,34.215,39774000,0,5011200,0,0,0,2554800,6283200,5357700,11638000,8929800,0,385470,0,0,0,196530,483330,412130,895200,686910,0,0,0,0,0,0,0,0,9091000,9407000,0,1,0,0,0,1,1,1,3,2
Q5U328;P13383;C1KE06;Q9QZX1,Q5U328;P13383;C1KE06;Q9QZX1,Nucleolin,Ncl;NRP,tr|Q5U328|Q5U328_RAT Nucleolin OS=Rattus norvegicus OX=10116 GN=Ncl PE=1 SV=1;sp|P13383|NUCL_RAT Nucleolin OS=Rattus norvegicus OX=10116 GN=Ncl PE=1 SV=3;tr|C1KE06|C1KE06_RAT Nucleolin-like protein OS=Rattus norvegicus OX=10116 PE=2 SV=1;tr|Q9QZX1|Q9QZX1_R,77.276,53282000,0,0,0,0,0,0,0,23260000,6984600,23038000,0,0,0,0,0,0,0,664570,199560,658220,0,0,0,0,0,0,0,19691000,0,20455000,0,1,0,0,0,0,0,3,2,3
F1LVL2,F1LVL2,,Icoslg,tr|F1LVL2|F1LVL2_RAT Inducible T-cell co-stimulator ligand OS=Rattus norvegicus OX=10116 GN=Icoslg PE=1 SV=3,34.848,56087000,0,0,0,0,0,0,6874800,18189000,12138000,18886000,0,0,0,0,0,0,404400,1069900,713990,1110900,0,0,0,0,0,0,0,15286000,0,16877000,0,0,0,0,0,2,1,2,2,2
P13084;P13084-2;D3ZXI2;D3ZP59;Q7TP95;F7FKF2,P13084;P13084-2,Nucleophosmin,Npm1,sp|P13084|NPM_RAT Nucleophosmin OS=Rattus norvegicus OX=10116 GN=Npm1 PE=1 SV=1;sp|P13084-2|NPM_RAT Isoform B23.2 of Nucleophosmin OS=Rattus norvegicus OX=10116 GN=Npm1,32.56,61327000,0,0,0,0,0,0,0,24925000,28795000,7607500,0,0,0,0,0,0,0,2077100,2399600,633960,0,0,0,0,0,0,0,21174000,0,0,0,0,0,0,0,0,0,2,4,3
P25113;P16290,P25113,Phosphoglycerate mutase 1,Pgam1,sp|P25113|PGAM1_RAT Phosphoglycerate mutase 1 OS=Rattus norvegicus OX=10116 GN=Pgam1 PE=1 SV=4,28.832,68206000,0,16029000,0,0,1597600,0,0,19008000,13149000,18423000,0,1233000,0,0,122890,0,0,1462100,1011500,1417200,0,0,0,0,0,0,0,15391000,0,17059000,0,1,0,0,1,0,0,2,2,3
G3V6A9;D4A7W8;Q497C9,G3V6A9;D4A7W8;Q497C9,,LOC100911714;Mfap4,tr|G3V6A9|G3V6A9_RAT Microfibril-associated protein 4 OS=Rattus norvegicus OX=10116 GN=Mfap4 PE=1 SV=2;tr|D4A7W8|D4A7W8_RAT Microfibril associated protein 4 OS=Rattus norvegicus OX=10116 GN=LOC102553715 PE=1 SV=3;tr|Q497C9|Q497C9_RAT Microfibrillar-associa,28.805,102640000,13591000,46539000,0,0,0,0,0,15816000,9366400,17326000,1941600,6648400,0,0,0,0,0,2259500,1338100,2475100,0,26250000,0,0,0,0,0,12895000,0,14940000,1,3,0,0,0,0,0,2,1,2
D3ZAP7,D3ZAP7,,Chd7,tr|D3ZAP7|D3ZAP7_RAT Chromodomain helicase DNA-binding protein 7 OS=Rattus norvegicus OX=10116 GN=Chd7 PE=1 SV=2,333.79,923690000,72865000,0,177870000,283650000,86139000,0,37277000,50089000,180440000,35368000,552010,0,1347500,2148900,652570,0,282400,379460,1366900,267940,0,0,0,0,0,0,0,0,0,31297000,1,0,1,0,0,0,1,1,2,3
F1MAP4,F1MAP4,,Megf10,tr|F1MAP4|F1MAP4_RAT Multiple EGF-like domains 10 OS=Rattus norvegicus OX=10116 GN=Megf10 PE=4 SV=1,122.8,54380000,0,21711000,0,0,0,0,0,4418900,15442000,12807000,0,542780,0,0,0,0,0,110470,386060,320180,0,13831000,0,0,0,0,0,0,13063000,10311000,0,2,0,0,0,0,0,1,3,4
Q6P9V1;Q62745,Q6P9V1;Q62745,Tetraspanin;CD81 antigen,Cd81,tr|Q6P9V1|Q6P9V1_RAT Tetraspanin OS=Rattus norvegicus OX=10116 GN=Cd81 PE=1 SV=1;sp|Q62745|CD81_RAT CD81 antigen OS=Rattus norvegicus OX=10116 GN=Cd81 PE=1 SV=1,25.904,55672000,0,22850000,0,0,0,0,0,5954100,18339000,8529000,0,2856200,0,0,0,0,0,744260,2292400,1066100,0,12367000,0,0,0,0,0,0,16762000,0,0,5,0,0,0,0,1,1,2,1
Q6AYS3,Q6AYS3,,Ctsa,tr|Q6AYS3|Q6AYS3_RAT Carboxypeptidase OS=Rattus norvegicus OX=10116 GN=Ctsa PE=1 SV=1,51.215,28072000,0,0,0,0,0,0,0,4535200,15234000,8303100,0,0,0,0,0,0,0,238690,801780,437000,0,0,0,0,0,0,0,0,13871000,0,0,0,0,0,0,0,0,2,6,3
Q9JI92,Q9JI92,Syntenin-1,Sdcbp,sp|Q9JI92|SDCB1_RAT Syntenin-1 OS=Rattus norvegicus OX=10116 GN=Sdcbp PE=1 SV=1,32.423,33743000,0,0,0,0,0,0,0,11132000,9053500,13557000,0,0,0,0,0,0,0,1236900,1005900,1506300,0,0,0,0,0,0,0,9314000,8386600,0,0,1,0,0,0,0,0,2,3,5
P35213-2;P35213;A0A0G2K2B8;P68511,P35213-2;P35213;A0A0G2K2B8;P68511,"14-3-3 protein beta/alpha;14-3-3 protein beta/alpha, N-terminally processed;14-3-3 protein eta",Ywhab;Ywhah,sp|P35213-2|1433B_RAT Isoform Short of 14-3-3 protein beta/alpha OS=Rattus norvegicus OX=10116 GN=Ywhab;sp|P35213|1433B_RAT 14-3-3 protein beta/alpha OS=Rattus norvegicus OX=10116 GN=Ywhab PE=1 SV=3;tr|A0A0G2K2B8|A0A0G2K2B8_RAT 14-3-3 protein eta OS=Rattus,27.822,34744000,2799000,7179000,3561500,0,0,0,0,8483700,8169400,4551600,199930,512780,254390,0,0,0,0,605980,583530,325110,0,0,0,0,0,0,0,8381500,6263900,0,1,2,1,0,0,0,0,3,3,1
Q4KLZ0,Q4KLZ0,,Vnn1,tr|Q4KLZ0|Q4KLZ0_RAT Vanin 1 OS=Rattus norvegicus OX=10116 GN=Vnn1 PE=1 SV=1,57.013,133140000,0,0,0,0,0,23778000,0,35483000,38870000,35008000,0,0,0,0,0,1251500,0,1867500,2045800,1842500,0,0,0,0,0,0,0,0,0,30978000,1,1,0,0,1,1,0,2,3,2
Q6P6T6;P24268,Q6P6T6;P24268,Cathepsin D;Cathepsin D 12 kDa light chain;Cathepsin D 9 kDa light chain;Cathepsin D 34 kDa heavy chain;Cathepsin D 30 kDa heavy chain,Ctsd,tr|Q6P6T6|Q6P6T6_RAT Cathepsin D OS=Rattus norvegicus OX=10116 GN=Ctsd PE=1 SV=1;sp|P24268|CATD_RAT Cathepsin D OS=Rattus norvegicus OX=10116 GN=Ctsd PE=1 SV=1,44.622,163620000,0,0,0,0,0,0,24512000,13635000,66425000,59046000,0,0,0,0,0,0,1361800,757470,3690300,3280300,0,0,0,0,0,0,0,0,52324000,60406000,0,0,0,0,0,0,1,3,3,4
P16617;M0R6Y8;Q5XIV1,P16617;M0R6Y8,Phosphoglycerate kinase 1;Phosphoglycerate kinase,Pgk1;RGD1560402,sp|P16617|PGK1_RAT Phosphoglycerate kinase 1 OS=Rattus norvegicus OX=10116 GN=Pgk1 PE=1 SV=2;tr|M0R6Y8|M0R6Y8_RAT Phosphoglycerate kinase OS=Rattus norvegicus OX=10116 GN=RGD1560402 PE=3 SV=1,44.538,15953000,0,0,0,0,0,0,5217500,0,4494900,6240500,0,0,0,0,0,0,200670,0,172880,240020,0,0,0,0,0,0,0,0,0,5522100,0,0,0,1,0,0,1,2,3,5
Q68FP1-2;Q68FP1,Q68FP1-2;Q68FP1,Gelsolin,Gsn,sp|Q68FP1-2|GELS_RAT Isoform 2 of Gelsolin OS=Rattus norvegicus OX=10116 GN=Gsn;sp|Q68FP1|GELS_RAT Gelsolin OS=Rattus norvegicus OX=10116 GN=Gsn PE=1 SV=1,80.928,43771000,11490000,16235000,8786700,0,0,0,0,7258900,0,0,359080,507340,274590,0,0,0,0,226840,0,0,0,8832200,0,0,0,0,0,0,0,0,4,3,1,1,0,1,0,2,0,0
F1LM82;F1LNF1;A7VJC2-3;A7VJC2-4;A7VJC2-2;A7VJC2;B2GV69,F1LM82;F1LNF1;A7VJC2-3;A7VJC2-4;A7VJC2-2;A7VJC2,Heterogeneous nuclear ribonucleoproteins A2/B1,Hnrnpa2b1,tr|F1LM82|F1LM82_RAT Heterogeneous nuclear ribonucleoproteins A2/B1 OS=Rattus norvegicus OX=10116 GN=Hnrnpa2b1 PE=1 SV=3;tr|F1LNF1|F1LNF1_RAT Heterogeneous nuclear ribonucleoproteins A2/B1 OS=Rattus norvegicus OX=10116 GN=Hnrnpa2b1 PE=1 SV=1;sp|A7VJC2-3|RO,32.468,63901000,0,6574400,0,0,0,0,0,15693000,18724000,22910000,0,365250,0,0,0,0,0,871820,1040200,1272800,0,0,0,0,0,0,0,17214000,14738000,18701000,0,2,0,0,0,1,0,3,3,3
Q6P7S0;A0A0G2JVG3;P11980-2;M0RD14;P11980,Q6P7S0;A0A0G2JVG3;P11980-2;M0RD14;P11980,Pyruvate kinase;Pyruvate kinase PKM,Pkm,tr|Q6P7S0|Q6P7S0_RAT Pyruvate kinase OS=Rattus norvegicus OX=10116 PE=2 SV=1;tr|A0A0G2JVG3|A0A0G2JVG3_RAT Pyruvate kinase OS=Rattus norvegicus OX=10116 GN=Pkm PE=1 SV=1;sp|P11980-2|KPYM_RAT Isoform M2 of Pyruvate kinase PKM OS=Rattus norvegicus OX=10116 GN,52.936,67198000,0,29467000,0,0,0,0,0,22011000,7648000,8072800,0,982230,0,0,0,0,0,733690,254930,269090,0,16031000,0,0,0,0,0,0,0,0,0,4,0,0,0,0,0,2,3,3
Q6LDS4;Q6PEC5;P07632,Q6LDS4;Q6PEC5;P07632,Superoxide dismutase [Cu-Zn],Sod1,tr|Q6LDS4|Q6LDS4_RAT Superoxide dismutase [Cu-Zn] OS=Rattus norvegicus OX=10116 PE=2 SV=1;tr|Q6PEC5|Q6PEC5_RAT Sod_Cu domain-containing protein (Fragment) OS=Rattus norvegicus OX=10116 PE=2 SV=1;sp|P07632|SODC_RAT Superoxide dismutase [Cu-Zn] OS=Rattus nor,15.709,89823000,0,0,0,0,0,0,0,41587000,16858000,31378000,0,0,0,0,0,0,0,4620800,1873100,3486400,0,0,0,0,0,0,0,32054000,22915000,23477000,0,0,0,0,0,0,0,4,3,5
P46462,P46462,Transitional endoplasmic reticulum ATPase,Vcp,sp|P46462|TERA_RAT Transitional endoplasmic reticulum ATPase OS=Rattus norvegicus OX=10116 GN=Vcp PE=1 SV=3,89.348,32121000,0,7331900,0,0,0,0,0,3989500,15073000,5726900,0,162930,0,0,0,0,0,88655,334950,127260,0,0,0,0,0,0,0,0,13724000,0,0,3,0,0,0,0,0,1,6,3
G3V7C6;Q6P9T8;B4F7C2,G3V7C6;Q6P9T8;B4F7C2,Tubulin beta-4B chain,Tubb4b;Tubb4a,tr|G3V7C6|G3V7C6_RAT Tubulin beta chain OS=Rattus norvegicus OX=10116 GN=Tubb4b PE=1 SV=2;sp|Q6P9T8|TBB4B_RAT Tubulin beta-4B chain OS=Rattus norvegicus OX=10116 GN=Tubb4b PE=1 SV=1;tr|B4F7C2|B4F7C2_RAT Tubulin beta chain OS=Rattus norvegicus OX=10116 GN=T,61.186,45141000,0,7078800,0,0,0,0,0,5074400,8437300,24551000,0,337080,0,0,0,0,0,241640,401770,1169100,0,0,0,0,0,0,0,0,13637000,15770000,0,2,0,0,0,0,0,2,4,5
B5DEN4;P04642;Q6P9U7,B5DEN4;P04642;Q6P9U7,L-lactate dehydrogenase;L-lactate dehydrogenase A chain,Ldha,tr|B5DEN4|B5DEN4_RAT L-lactate dehydrogenase OS=Rattus norvegicus OX=10116 GN=Ldha PE=1 SV=1;sp|P04642|LDHA_RAT L-lactate dehydrogenase A chain OS=Rattus norvegicus OX=10116 GN=Ldha PE=1 SV=1;tr|Q6P9U7|Q6P9U7_RAT L-lactate dehydrogenase OS=Rattus norvegicu,36.45,70789000,0,8279200,0,0,0,0,0,30882000,13489000,18139000,0,459950,0,0,0,0,0,1715700,749390,1007700,0,8225100,0,0,0,0,0,21300000,12970000,16577000,0,2,0,0,0,0,0,4,3,4
P60711;A0A0G2K3K2;A1Z0K8;Q99NC6;A0A068F1Y2;Q9JLX9;Q63030,P60711;A0A0G2K3K2;A1Z0K8,"Actin, cytoplasmic 1;Actin, cytoplasmic 1, N-terminally processed",Actb,"sp|P60711|ACTB_RAT Actin, cytoplasmic 1 OS=Rattus norvegicus OX=10116 GN=Actb PE=1 SV=1;tr|A0A0G2K3K2|A0A0G2K3K2_RAT Actin, cytoplasmic 1 OS=Rattus norvegicus OX=10116 GN=Actb PE=1 SV=1;tr|A1Z0K8|A1Z0K8_RAT Beta-actin (Fragment) OS=Rattus norvegicus OX=101",41.736,80114000,13614000,5188600,0,0,0,0,0,26185000,13331000,21795000,680720,259430,0,0,0,0,0,1309200,666540,1089800,0,0,0,0,0,0,0,0,0,15511000,1,1,0,0,0,0,2,2,3,4
P19944,P19944,60S acidic ribosomal protein P1,Rplp1,sp|P19944|RLA1_RAT 60S acidic ribosomal protein P1 OS=Rattus norvegicus OX=10116 GN=Rplp1 PE=3 SV=1,11.498,119950000,8165300,14521000,0,0,6241100,11380000,8647000,22142000,21547000,27308000,2721800,4840200,0,0,2080400,3793300,2882300,7380700,7182300,9102600,0,0,0,0,0,0,0,0,19870000,23913000,1,2,0,0,1,2,2,1,2,2
Q5BK42;E9PTK4,Q5BK42;E9PTK4,,Thnsl1,tr|Q5BK42|Q5BK42_RAT Threonine synthase-like 1 (S. cerevisiae) OS=Rattus norvegicus OX=10116 GN=Thnsl1 PE=2 SV=1;tr|E9PTK4|E9PTK4_RAT Threonine synthase-like 1 OS=Rattus norvegicus OX=10116 GN=Thnsl1 PE=1 SV=1,82.693,1524500000,68054000,710630000,38325000,50354000,0,227030000,47781000,82753000,216410000,83123000,1890400,19740000,1064600,1398700,0,6306500,1327200,2298700,6011400,2309000,0,387980000,0,0,0,278130000,0,0,0,0,1,3,1,2,0,1,1,1,1,2
P82995;Q6B437,P82995,Heat shock protein HSP 90-alpha,Hsp90aa1,sp|P82995|HS90A_RAT Heat shock protein HSP 90-alpha OS=Rattus norvegicus OX=10116 GN=Hsp90aa1 PE=1 SV=3,84.814,56110000,0,17089000,0,0,0,0,0,7975300,11944000,19103000,0,517840,0,0,0,0,0,241680,361930,578870,0,11107000,0,0,0,0,0,10407000,11371000,10966000,0,2,0,0,0,0,0,3,3,6
A0A0G2K3Z9;Q63716,A0A0G2K3Z9;Q63716,Peroxiredoxin-1,Prdx1,tr|A0A0G2K3Z9|A0A0G2K3Z9_RAT Peroxiredoxin OS=Rattus norvegicus OX=10116 PE=3 SV=1;sp|Q63716|PRDX1_RAT Peroxiredoxin-1 OS=Rattus norvegicus OX=10116 GN=Prdx1 PE=1 SV=1,22.164,105620000,16054000,0,0,0,0,20500000,15991000,7217200,13168000,32685000,1003400,0,0,0,0,1281200,999430,451080,822980,2042800,0,0,0,0,0,0,0,0,23021000,17891000,2,0,0,0,0,1,1,1,5,4
M0RDR2;F1LP80;P20156,M0RDR2;F1LP80;P20156,Neurosecretory protein VGF;VGF(24-63);VGF(180-194);VGF(375-407);Neuroendocrine regulatory peptide-1;Neuroendocrine regulatory peptide-2;TLQP-11;TLQP-21;TLQP-30;TLQP-62;HFHH-10;AQEE-30;LQEQ-19,LOC100909521;Vgf,tr|M0RDR2|M0RDR2_RAT Uncharacterized protein OS=Rattus norvegicus OX=10116 PE=4 SV=1;tr|F1LP80|F1LP80_RAT Neurosecretory protein VGF OS=Rattus norvegicus OX=10116 GN=Vgf PE=4 SV=2;sp|P20156|VGF_RAT Neurosecretory protein VGF OS=Rattus norvegicus OX=10116 G,60.86,53251000,0,0,0,0,0,0,0,19140000,10547000,23564000,0,0,0,0,0,0,0,580000,319620,714050,0,0,0,0,0,0,0,14483000,14398000,17833000,0,0,0,0,0,0,0,5,2,8
P68255,P68255,14-3-3 protein theta,Ywhaq,sp|P68255|1433T_RAT 14-3-3 protein theta OS=Rattus norvegicus OX=10116 GN=Ywhaq PE=1 SV=1,27.778,53725000,0,0,0,0,0,0,0,13288000,9386100,31051000,0,0,0,0,0,0,0,949140,670440,2217900,0,0,0,0,0,0,0,20083000,0,18682000,1,2,0,0,0,0,0,4,3,5
Q5U367,Q5U367,"Procollagen-lysine,2-oxoglutarate 5-dioxygenase 3",Plod3,sp|Q5U367|PLOD3_RAT Multifunctional procollagen lysine hydroxylase and glycosyltransferase LH3 OS=Rattus norvegicus OX=10116 GN=Plod3 PE=1 SV=1,85.059,60632000,0,4388800,0,0,0,0,0,23057000,16153000,17033000,0,115490,0,0,0,0,0,606760,425090,448230,0,0,0,0,0,0,0,18146000,16440000,14781000,0,1,0,0,0,0,0,4,6,4
G3V826;P50137,G3V826;P50137,Transketolase,Tkt,tr|G3V826|G3V826_RAT Transketolase OS=Rattus norvegicus OX=10116 GN=Tkt PE=1 SV=1;sp|P50137|TKT_RAT Transketolase OS=Rattus norvegicus OX=10116 GN=Tkt PE=1 SV=1,71.158,129830000,8346500,69335000,0,0,0,0,0,31978000,11050000,9123000,298090,2476200,0,0,0,0,0,1142100,394650,325820,0,32819000,0,0,0,0,0,32068000,0,0,1,5,0,0,0,0,1,4,2,2
P68136;P68035;A0A0G2K4M6;B0BMT0;P63269;P62738,P68136;P68035;A0A0G2K4M6;B0BMT0;P63269;P62738,"Actin, alpha skeletal muscle;Actin, alpha cardiac muscle 1;Actin, gamma-enteric smooth muscle;Actin, aortic smooth muscle",Acta1;Actc1;Acta2;Actg2,"sp|P68136|ACTS_RAT Actin, alpha skeletal muscle OS=Rattus norvegicus OX=10116 GN=Acta1 PE=1 SV=1;sp|P68035|ACTC_RAT Actin, alpha cardiac muscle 1 OS=Rattus norvegicus OX=10116 GN=Actc1 PE=2 SV=1;tr|A0A0G2K4M6|A0A0G2K4M6_RAT Actin, aortic smooth muscle OS=R",42.051,412870000,45273000,0,0,0,93026000,17613000,0,107210000,43812000,105940000,2263700,0,0,0,4651300,880640,0,5360700,2190600,5296800,0,0,0,0,125500000,0,0,87942000,0,96960000,3,0,0,0,2,0,1,4,1,4
P04797;Q0QEU1;M0R590;D3ZGY4;M0R660;E9PTN6;E9PTV9;A0A0G2K8S2;D3ZEN2;F1M2N4;D3ZME3;F1M4G6;D3ZWV2;A0A0G2K7M1;A0A0G2JYY8;Q498M9;B1WBQ8;Q9ESV6,P04797;Q0QEU1;M0R590;D3ZGY4;M0R660;E9PTN6;E9PTV9,Glyceraldehyde-3-phosphate dehydrogenase,Gapdh;GAPDH;LOC685186;Gapdh-ps2;RGD1565368;RGD1564688;RGD1562758,sp|P04797|G3P_RAT Glyceraldehyde-3-phosphate dehydrogenase OS=Rattus norvegicus OX=10116 GN=Gapdh PE=1 SV=3;tr|Q0QEU1|Q0QEU1_RAT Glyceraldehyde-3-phosphate dehydrogenase (Fragment) OS=Rattus norvegicus OX=10116 GN=GAPDH PE=2 SV=1;tr|M0R590|M0R590_RAT Glyce,35.828,95424000,4703700,8508800,0,0,0,11347000,0,19132000,34598000,17134000,293980,531800,0,0,0,709200,0,1195800,2162300,1070900,0,0,0,0,0,20080000,0,16258000,20440000,20109000,1,1,0,0,0,2,0,3,6,3
P31044;P30086,P31044,Phosphatidylethanolamine-binding protein 1;Hippocampal cholinergic neurostimulating peptide,Pebp1,sp|P31044|PEBP1_RAT Phosphatidylethanolamine-binding protein 1 OS=Rattus norvegicus OX=10116 GN=Pebp1 PE=1 SV=3,20.801,102520000,8221900,0,0,0,0,0,10683000,46893000,8908700,27811000,822190,0,0,0,0,0,1068300,4689300,890870,2781100,0,0,0,0,0,0,0,36645000,0,27802000,1,0,0,1,0,0,2,6,4,2
P06302;Q63453;Q63452,P06302;Q63453;Q63452,"Prothymosin alpha;Prothymosin alpha, N-terminally processed;Thymosin alpha",Ptma;LOC100359583,sp|P06302|PTMA_RAT Prothymosin alpha OS=Rattus norvegicus OX=10116 GN=Ptma PE=1 SV=2;tr|Q63453|Q63453_RAT Prothymosin-alpha (Fragment) OS=Rattus norvegicus OX=10116 PE=2 SV=1;tr|Q63452|Q63452_RAT Prothymosin-alpha (Fragment) OS=Rattus norvegicus OX=10116 P,12.382,47465000,3329400,9208600,3483900,0,0,0,0,17850000,4727900,8865100,1109800,3069500,1161300,0,0,0,0,5950100,1576000,2955000,0,6827500,0,0,0,0,0,9620400,0,11571000,1,5,2,0,0,0,0,3,3,3
P42123,P42123,L-lactate dehydrogenase B chain,Ldhb,sp|P42123|LDHB_RAT L-lactate dehydrogenase B chain OS=Rattus norvegicus OX=10116 GN=Ldhb PE=1 SV=2,36.612,80050000,0,32508000,0,0,0,0,0,16808000,11764000,18970000,0,1912200,0,0,0,0,0,988700,691990,1115900,0,0,0,0,0,0,0,14769000,15510000,11497000,0,4,0,0,0,0,0,4,4,5
A0A0H2UHM3;P06866;P06866-2,A0A0H2UHM3;P06866;P06866-2,Haptoglobin;Haptoglobin alpha chain;Haptoglobin beta chain,Hp,tr|A0A0H2UHM3|A0A0H2UHM3_RAT Haptoglobin OS=Rattus norvegicus OX=10116 GN=Hp PE=1 SV=1;sp|P06866|HPT_RAT Haptoglobin OS=Rattus norvegicus OX=10116 GN=Hp PE=1 SV=3;sp|P06866-2|HPT_RAT Isoform 2 of Haptoglobin OS=Rattus norvegicus OX=10116 GN=Hp,38.432,339110000,53951000,62840000,29383000,0,39177000,0,32208000,44581000,33369000,43599000,2697500,3142000,1469100,0,1958800,0,1610400,2229000,1668500,2179900,0,0,0,0,0,0,0,0,0,38580000,2,3,2,0,2,1,3,2,1,1
P33436;E9PSM5,P33436;E9PSM5,72 kDa type IV collagenase;PEX,Mmp2,sp|P33436|MMP2_RAT 72 kDa type IV collagenase OS=Rattus norvegicus OX=10116 GN=Mmp2 PE=1 SV=2;tr|E9PSM5|E9PSM5_RAT 72 kDa type IV collagenase OS=Rattus norvegicus OX=10116 GN=Mmp2 PE=1 SV=3,74.149,52608000,0,12117000,0,0,0,0,0,4250000,16150000,20091000,0,390870,0,0,0,0,0,137100,520960,648110,0,0,0,0,0,0,0,0,20286000,12197000,3,2,0,1,1,0,0,2,4,6
Q6IN22;P00787,Q6IN22;P00787,Cathepsin B;Cathepsin B light chain;Cathepsin B heavy chain,Ctsb,tr|Q6IN22|Q6IN22_RAT Cathepsin B OS=Rattus norvegicus OX=10116 GN=Ctsb PE=1 SV=1;sp|P00787|CATB_RAT Cathepsin B OS=Rattus norvegicus OX=10116 GN=Ctsb PE=1 SV=2,37.544,86094000,0,0,0,0,0,0,8288700,21554000,19428000,36823000,0,0,0,0,0,0,436250,1134400,1022500,1938100,0,0,0,0,0,0,0,25202000,21189000,22194000,0,1,0,0,0,0,2,3,4,9
P30121,P30121,Metalloproteinase inhibitor 2,Timp2,sp|P30121|TIMP2_RAT Metalloproteinase inhibitor 2 OS=Rattus norvegicus OX=10116 GN=Timp2 PE=1 SV=3,24.356,135710000,0,36817000,0,0,0,0,0,28350000,31360000,39185000,0,3347000,0,0,0,0,0,2577300,2850900,3562200,0,24942000,0,0,0,0,0,27428000,26834000,28138000,0,3,0,0,0,0,0,5,6,6
P62329;A0A0G2K021;M0R7Y9,P62329;A0A0G2K021;M0R7Y9,Thymosin beta-4;Hematopoietic system regulatory peptide,Tmsb4x,sp|P62329|TYB4_RAT Thymosin beta-4 OS=Rattus norvegicus OX=10116 GN=Tmsb4x PE=1 SV=2;tr|A0A0G2K021|A0A0G2K021_RAT Thymosin beta OS=Rattus norvegicus OX=10116 PE=3 SV=1;tr|M0R7Y9|M0R7Y9_RAT Thymosin beta OS=Rattus norvegicus OX=10116 PE=3 SV=2,5.0526,129430000,14625000,16273000,4526000,11551000,9104400,6476100,17625000,17444000,11087000,20715000,7312400,8136700,2263000,5775600,4552200,3238000,8812500,8721900,5543700,10358000,0,0,0,0,0,0,0,13976000,0,19173000,3,1,2,3,2,3,2,2,1,2
Q9QXY8,Q9QXY8,C-C motif chemokine 7,Ccl7,sp|Q9QXY8|CCL7_RAT C-C motif chemokine 7 OS=Rattus norvegicus OX=10116 GN=Ccl7 PE=3 SV=1,10.906,171040000,0,0,0,0,0,12674000,23992000,43107000,39489000,51782000,0,0,0,0,0,4224500,7997200,14369000,13163000,17261000,0,0,0,0,0,43318000,0,18875000,35681000,36128000,0,0,0,0,0,3,2,4,6,6
P50399,P50399,Rab GDP dissociation inhibitor beta,Gdi2,sp|P50399|GDIB_RAT Rab GDP dissociation inhibitor beta OS=Rattus norvegicus OX=10116 GN=Gdi2 PE=1 SV=2,50.537,75876000,0,7966800,0,0,0,0,0,24174000,25467000,18268000,0,284530,0,0,0,0,0,863360,909540,652440,0,0,0,0,0,0,0,18787000,20870000,20234000,1,2,0,0,0,0,1,7,6,5
P48500;Q6SA19;A0A0G2JWU1;A0A0G2JWJ4,P48500;Q6SA19;A0A0G2JWU1;A0A0G2JWJ4,Triosephosphate isomerase,Tpi1;LOC500959,sp|P48500|TPIS_RAT Triosephosphate isomerase OS=Rattus norvegicus OX=10116 GN=Tpi1 PE=1 SV=2;tr|Q6SA19|Q6SA19_RAT Triosephosphate isomerase OS=Rattus norvegicus OX=10116 GN=LOC500959 PE=2 SV=1;tr|A0A0G2JWU1|A0A0G2JWU1_RAT Triosephosphate isomerase OS=Rattu,26.849,78701000,7285500,11134000,0,0,0,0,7529100,10132000,19790000,22830000,428560,654910,0,0,0,0,442890,596020,1164100,1342900,0,0,0,0,0,0,0,0,17938000,20283000,2,2,0,0,0,1,1,7,4,5
A0A0G2JSH9;P35704,A0A0G2JSH9;P35704,Peroxiredoxin-2,Prdx2,tr|A0A0G2JSH9|A0A0G2JSH9_RAT Peroxiredoxin OS=Rattus norvegicus OX=10116 GN=Prdx2 PE=1 SV=1;sp|P35704|PRDX2_RAT Peroxiredoxin-2 OS=Rattus norvegicus OX=10116 GN=Prdx2 PE=1 SV=3,21.797,154610000,20484000,26730000,0,0,0,0,0,33973000,42260000,31160000,1575700,2056200,0,0,0,0,0,2613300,3250800,2397000,0,22497000,0,0,0,0,0,31079000,29907000,25972000,1,2,0,0,0,0,0,5,7,7
D4ACH9,D4ACH9,,Cidea,tr|D4ACH9|D4ACH9_RAT Cell death-inducing DFFA-like effector a OS=Rattus norvegicus OX=10116 GN=Cidea PE=4 SV=3,20.757,79796000,62887000,0,0,0,0,0,16909000,0,0,0,6987400,0,0,0,0,0,1878800,0,0,0,0,0,0,0,0,0,23389000,0,0,0,5,1,3,4,2,4,1,1,2,0
P14844,P14844,C-C motif chemokine 2,Ccl2,sp|P14844|CCL2_RAT C-C motif chemokine 2 OS=Rattus norvegicus OX=10116 GN=Ccl2 PE=2 SV=1,16.46,620910000,0,0,0,0,0,140370000,54933000,131870000,109000000,184740000,0,0,0,0,0,23395000,9155400,21978000,18167000,30789000,0,0,0,0,0,182460000,0,108690000,101210000,155200000,0,0,0,0,0,4,4,3,6,6
A0A1W2Q6E9;A0A096MK30;O35763;T1SRT4;A0A0G2K095;Q5WQV5;Q5PQK5;E9PT65;A0A0G2K890;P31977,A0A1W2Q6E9;A0A096MK30;O35763,Moesin,Msn,tr|A0A1W2Q6E9|A0A1W2Q6E9_RAT Moesin OS=Rattus norvegicus OX=10116 GN=Msn PE=1 SV=1;tr|A0A096MK30|A0A096MK30_RAT Moesin OS=Rattus norvegicus OX=10116 GN=Msn PE=1 SV=1;sp|O35763|MOES_RAT Moesin OS=Rattus norvegicus OX=10116 GN=Msn PE=1 SV=3,67.651,62946000,0,12386000,0,0,0,8148300,0,11949000,4852100,25610000,0,375340,0,0,0,246920,0,362080,147030,776080,0,11015000,0,0,0,0,0,12696000,0,15841000,1,3,0,0,0,3,1,4,5,7
Q6P7Q2;P35053,Q6P7Q2;P35053,Glypican-1;Secreted glypican-1,Gpc1,tr|Q6P7Q2|Q6P7Q2_RAT Glypican-1 OS=Rattus norvegicus OX=10116 GN=Gpc1 PE=2 SV=1;sp|P35053|GPC1_RAT Glypican-1 OS=Rattus norvegicus OX=10116 GN=Gpc1 PE=1 SV=1,61.628,82867000,0,19880000,0,0,0,0,0,20409000,22924000,19655000,0,710000,0,0,0,0,0,728890,818700,701950,0,16772000,0,0,0,0,0,15528000,15776000,18342000,2,6,0,0,0,0,0,4,5,7
A0A0H2UHI5;E0A3N4;A0A0G2KB85;A0A0G2K9B1;P09006;A0A0G2K1T8,A0A0H2UHI5;E0A3N4;A0A0G2KB85;A0A0G2K9B1;P09006;A0A0G2K1T8,Serine protease inhibitor A3N,Serpina3n,tr|A0A0H2UHI5|A0A0H2UHI5_RAT Serine protease inhibitor A3N OS=Rattus norvegicus OX=10116 GN=Serpina3n PE=1 SV=1;tr|E0A3N4|E0A3N4_RAT Serpina3n-like protein OS=Rattus norvegicus OX=10116 PE=2 SV=1;tr|A0A0G2KB85|A0A0G2KB85_RAT Serine protease inhibitor A3N O,45.481,132250000,0,0,0,0,0,16928000,0,27875000,39380000,48063000,0,0,0,0,0,677120,0,1115000,1575200,1922500,0,0,0,0,0,0,0,28767000,30533000,42767000,0,0,0,0,0,4,0,7,6,8
Q6Q0N0,Q6Q0N0,Calsyntenin-1;Soluble Alc-alpha;CTF1-alpha,Clstn1,sp|Q6Q0N0|CSTN1_RAT Calsyntenin-1 OS=Rattus norvegicus OX=10116 GN=Clstn1 PE=1 SV=1,106.26,117810000,0,5134900,0,0,0,0,0,33032000,39633000,40013000,0,138780,0,0,0,0,0,892760,1071100,1081400,0,0,0,0,0,0,0,33490000,31168000,34896000,0,3,0,0,0,1,3,6,7,10
A0A0G2JSH5;P02770,A0A0G2JSH5;P02770,Serum albumin,Alb,tr|A0A0G2JSH5|A0A0G2JSH5_RAT Serum albumin OS=Rattus norvegicus OX=10116 GN=Alb PE=1 SV=1;sp|P02770|ALBU_RAT Albumin OS=Rattus norvegicus OX=10116 GN=Alb PE=1 SV=2,68.758,1619400000,265610000,394470000,168530000,141860000,113080000,23258000,235910000,101440000,79346000,95920000,6989900,10381000,4434900,3733300,2975800,612060,6208200,2669400,2088100,2524200,0,0,0,0,0,0,326320000,0,0,0,5,2,7,3,3,1,2,3,2,2
D3ZCR3;A0A0G2K6P4;B4F758;P63159;D3ZXR5;D3ZLG3;D3ZIU9;D4A6A9;F1M6B2;D3ZC69;D3ZGW6;M0R7R5;F1LNG6;Q7TPK9,D3ZCR3;A0A0G2K6P4;B4F758;P63159;D3ZXR5;D3ZLG3;D3ZIU9,High mobility group protein B1,Hmg1l1;Hmgb1;RGD1560584,tr|D3ZCR3|D3ZCR3_RAT High mobility group protein B1 pseudogene OS=Rattus norvegicus OX=10116 GN=LOC108349189 PE=4 SV=2;tr|A0A0G2K6P4|A0A0G2K6P4_RAT High-mobility group (nonhistone chromosomal) protein 1-like 1 OS=Rattus norvegicus OX=10116 GN=Hmg1l1 PE=4 S,24.677,238380000,0,93927000,0,0,0,0,0,33199000,54326000,56929000,0,15655000,0,0,0,0,0,5533200,9054400,9488100,0,51454000,0,0,0,0,0,34051000,41072000,52566000,2,7,0,0,1,0,2,4,9,6
Q63654;Q6P7R7;F1LU69;Q6PED0;Q5FWT0;F1LML2;P62986;P62982;P0CG51;Q63429;F1M927,Q63654;Q6P7R7;F1LU69;Q6PED0;Q5FWT0;F1LML2;P62986;P62982;P0CG51;Q63429,Ubiquitin-60S ribosomal protein L40;Ubiquitin;60S ribosomal protein L40;Ubiquitin-40S ribosomal protein S27a;Ubiquitin;40S ribosomal protein S27a;Polyubiquitin-B;Ubiquitin;Polyubiquitin-C;Ubiquitin;Ubiquitin-related,Ubb;Uba52;Rps27l3;Rps27a;LOC100360548;Ubc,tr|Q63654|Q63654_RAT Polyubiquitin (Fragment) OS=Rattus norvegicus OX=10116 GN=UBC PE=2 SV=1;tr|Q6P7R7|Q6P7R7_RAT Ubiquitin A-52 residue ribosomal protein fusion product 1 OS=Rattus norvegicus OX=10116 GN=Uba52 PE=2 SV=1;tr|F1LU69|F1LU69_RAT Ubiquitin-like,11.241,635930000,43541000,125180000,42086000,42687000,0,32743000,31821000,100050000,99183000,118640000,7256900,20864000,7014300,7114500,0,5457200,5303500,16675000,16530000,19773000,0,0,0,0,0,0,0,84204000,90517000,105560000,2,5,3,3,0,1,1,6,4,6
Q6GMN4;A0A0G2K4Q6;Q8JZQ0,Q6GMN4;A0A0G2K4Q6;Q8JZQ0,Macrophage colony-stimulating factor 1;Processed macrophage colony-stimulating factor 1,Csf1,tr|Q6GMN4|Q6GMN4_RAT Macrophage colony-stimulating factor 1 OS=Rattus norvegicus OX=10116 GN=Csf1 PE=2 SV=1;tr|A0A0G2K4Q6|A0A0G2K4Q6_RAT Macrophage colony-stimulating factor 1 OS=Rattus norvegicus OX=10116 GN=Csf1 PE=4 SV=1;sp|Q8JZQ0|CSF1_RAT Macrophage co,62.152,233930000,0,0,0,0,0,35431000,17643000,65948000,52273000,62634000,0,0,0,0,0,1265400,630090,2355300,1866900,2236900,0,0,0,0,0,56446000,0,51427000,43009000,51784000,0,0,0,0,0,7,3,9,8,6
P19804;Q05982;Q9QWQ4;Q6LCQ4,P19804;Q05982,Nucleoside diphosphate kinase B;Nucleoside diphosphate kinase A,Nme2;Nme1,sp|P19804|NDKB_RAT Nucleoside diphosphate kinase B OS=Rattus norvegicus OX=10116 GN=Nme2 PE=1 SV=1;sp|Q05982|NDKA_RAT Nucleoside diphosphate kinase A OS=Rattus norvegicus OX=10116 GN=Nme1 PE=1 SV=1,17.283,269090000,8066400,13030000,4721800,0,7930300,10076000,9115900,89540000,49477000,77136000,733310,1184600,429250,0,720940,915990,828720,8140000,4497900,7012400,0,0,0,0,0,0,0,58688000,60180000,70506000,2,3,1,0,1,2,3,8,5,9
P07151,P07151,Beta-2-microglobulin,B2m,sp|P07151|B2MG_RAT Beta-2-microglobulin OS=Rattus norvegicus OX=10116 GN=B2m PE=1 SV=1,13.72,583940000,29011000,97431000,0,14595000,16354000,26191000,37349000,90485000,113970000,158550000,4835200,16239000,0,2432500,2725600,4365200,6224800,15081000,18995000,26425000,0,55045000,0,0,0,0,0,95885000,107020000,110960000,1,4,1,2,1,2,4,4,5,10
P11762,P11762,Galectin-1,Lgals1,sp|P11762|LEG1_RAT Galectin-1 OS=Rattus norvegicus OX=10116 GN=Lgals1 PE=1 SV=2,14.857,304020000,22744000,45262000,0,23586000,16187000,28005000,41373000,36215000,41733000,48913000,2527100,5029100,0,2620600,1798600,3111700,4597000,4023900,4637000,5434800,0,0,0,0,0,0,52302000,40848000,28835000,47289000,3,3,1,3,1,3,6,3,7,5
F1M9B2;Q5RJM3,F1M9B2;Q5RJM3,,Igfbp7,"tr|F1M9B2|F1M9B2_RAT Insulin-like growth factor binding protein 7, isoform CRA_b OS=Rattus norvegicus OX=10116 GN=Igfbp7 PE=1 SV=2;tr|Q5RJM3|Q5RJM3_RAT Insulin-like growth factor binding protein 7 OS=Rattus norvegicus OX=10116 GN=Igfbp7 PE=2 SV=1",28.949,261300000,0,0,0,0,0,4931100,6430000,83208000,70763000,95972000,0,0,0,0,0,328740,428670,5547200,4717500,6398100,0,0,0,0,0,0,0,64104000,77099000,78841000,0,0,0,0,0,2,1,11,9,13
F1M7L6;P47868,F1M7L6;P47868,Secretogranin-3,Scg3,"tr|F1M7L6|F1M7L6_RAT Secretogranin III, isoform CRA_a OS=Rattus norvegicus OX=10116 GN=Scg3 PE=1 SV=2;sp|P47868|SCG3_RAT Secretogranin-3 OS=Rattus norvegicus OX=10116 GN=Scg3 PE=1 SV=1",53.252,309640000,18091000,63893000,0,13822000,12460000,10569000,8319200,55396000,59537000,67552000,695820,2457400,0,531620,479240,406500,319970,2130600,2289900,2598100,0,44094000,0,0,0,0,0,50869000,45786000,55056000,2,6,0,2,2,3,2,6,6,7
G3V7N9;P31721,G3V7N9;P31721,Complement C1q subcomponent subunit B,C1qb,tr|G3V7N9|G3V7N9_RAT Adiponectin a OS=Rattus norvegicus OX=10116 GN=C1qb PE=1 SV=1;sp|P31721|C1QB_RAT Complement C1q subcomponent subunit B OS=Rattus norvegicus OX=10116 GN=C1qb PE=1 SV=2,26.647,803990000,0,0,0,0,0,148650000,123680000,163670000,185020000,182970000,0,0,0,0,0,11434000,9513800,12590000,14232000,14074000,0,0,0,0,0,189050000,161340000,140390000,168780000,163950000,0,0,0,0,0,7,9,6,9,7
Q6MG74;G3V615;A0A0U1RRP9;Q7TP05,Q6MG74;G3V615;A0A0U1RRP9;Q7TP05,,Cfb;C2,"tr|Q6MG74|Q6MG74_RAT B-factor, properdin OS=Rattus norvegicus OX=10116 GN=Cfb PE=2 SV=1;tr|G3V615|G3V615_RAT Complement factor B OS=Rattus norvegicus OX=10116 GN=Cfb PE=1 SV=1;tr|A0A0U1RRP9|A0A0U1RRP9_RAT Complement factor B OS=Rattus norvegicus OX=10116 G",85.12,211160000,0,0,0,0,0,0,0,67168000,66942000,77046000,0,0,0,0,0,0,0,1865800,1859500,2140200,0,0,0,0,0,0,0,59649000,71067000,55474000,0,0,0,0,0,0,1,14,11,14
Q63083;Q6P6Q3,Q63083,Nucleobindin-1,Nucb1,sp|Q63083|NUCB1_RAT Nucleobindin-1 OS=Rattus norvegicus OX=10116 GN=Nucb1 PE=1 SV=1,53.506,212480000,0,0,0,0,0,10163000,9887900,73590000,39940000,78897000,0,0,0,0,0,376420,366220,2725600,1479300,2922100,0,0,0,0,0,22010000,19300000,54116000,35560000,63902000,0,0,0,0,0,3,2,12,11,13
F1LM16;P20961,F1LM16;P20961,Plasminogen activator inhibitor 1,Serpine1,tr|F1LM16|F1LM16_RAT Plasminogen activator inhibitor 1 OS=Rattus norvegicus OX=10116 GN=Serpine1 PE=3 SV=1;sp|P20961|PAI1_RAT Plasminogen activator inhibitor 1 OS=Rattus norvegicus OX=10116 GN=Serpine1 PE=2 SV=1,45.041,199630000,0,0,0,0,0,11828000,5718200,59207000,55344000,67537000,0,0,0,0,0,537650,259920,2691200,2515600,3069900,0,0,0,0,0,26381000,0,52850000,45655000,50129000,0,0,0,0,0,4,4,9,11,16
P15473;A0A0G2K4Q9;A1A5Q9,P15473;A0A0G2K4Q9,Insulin-like growth factor-binding protein 3,Igfbp3,sp|P15473|IBP3_RAT Insulin-like growth factor-binding protein 3 OS=Rattus norvegicus OX=10116 GN=Igfbp3 PE=1 SV=2;tr|A0A0G2K4Q9|A0A0G2K4Q9_RAT Insulin-like growth factor-binding protein 3 OS=Rattus norvegicus OX=10116 GN=Igfbp3 PE=1 SV=1,31.68,380680000,0,17553000,0,0,0,56386000,14323000,64072000,90030000,138310000,0,1097100,0,0,0,3524200,895180,4004500,5626900,8644700,0,0,0,0,0,90510000,0,88856000,63148000,85704000,1,3,0,0,0,11,5,9,6,12
B5DEH7;D4A1T6;Q4G030,B5DEH7;D4A1T6;Q4G030,,C1r,tr|B5DEH7|B5DEH7_RAT C1r protein OS=Rattus norvegicus OX=10116 GN=C1r PE=1 SV=1;tr|D4A1T6|D4A1T6_RAT Complement C1r OS=Rattus norvegicus OX=10116 GN=C1r PE=1 SV=3;tr|Q4G030|Q4G030_RAT C1r protein (Fragment) OS=Rattus norvegicus OX=10116 GN=C1r PE=2 SV=1,80.424,422240000,0,0,0,0,0,52809000,30473000,118040000,112490000,108430000,0,0,0,0,0,1320200,761820,2951000,2812200,2710800,0,0,0,0,0,89629000,61249000,86037000,89927000,78976000,0,0,0,0,0,8,7,12,11,13
F1LTR0,F1LTR0,,Greb1l,tr|F1LTR0|F1LTR0_RAT GREB1-like retinoic acid receptor coactivator OS=Rattus norvegicus OX=10116 GN=Greb1l PE=4 SV=3,164.01,4211500000,387350000,937900000,344360000,262590000,138980000,604610000,269520000,411280000,345950000,508930000,5379900,13026000,4782800,3647100,1930200,8397400,3743400,5712200,4804800,7068400,0,0,0,0,0,0,0,224730000,0,309390000,3,3,6,6,4,8,7,6,4,4
F1LZJ4,F1LZJ4,Hydroxypyruvate isomerase,Hyi,tr|F1LZJ4|F1LZJ4_RAT Putative hydroxypyruvate isomerase OS=Rattus norvegicus OX=10116 GN=Hyi PE=1 SV=2,30.589,1293500000,190770000,131370000,286410000,94500000,121810000,83001000,0,63059000,200300000,122270000,15897000,10948000,23867000,7875000,10151000,6916700,0,5254900,16691000,10189000,0,0,0,0,0,0,0,0,0,86426000,9,3,8,8,9,4,0,2,7,5
Q6P6Q5;P08592;P08592-2,Q6P6Q5;P08592;P08592-2,Amyloid beta A4 protein;N-APP;Soluble APP-alpha;Soluble APP-beta;C99;Beta-amyloid protein 42;Beta-amyloid protein 40;C83;P3(42);P3(40);C80;Gamma-secretase C-terminal fragment 59;Gamma-secretase C-terminal fragment 57;Gamma-secretase C-terminal fragment 50;C31,App,tr|Q6P6Q5|Q6P6Q5_RAT Amyloid-beta A4 protein OS=Rattus norvegicus OX=10116 GN=App PE=1 SV=1;sp|P08592|A4_RAT Amyloid-beta A4 protein OS=Rattus norvegicus OX=10116 GN=App PE=1 SV=2;sp|P08592-2|A4_RAT Isoform APP695 of Amyloid-beta A4 protein OS=Rattus norve,82.797,353490000,0,43281000,0,0,0,6127600,30526000,96852000,70775000,105930000,0,1352500,0,0,0,191490,953930,3026600,2211700,3310300,0,0,0,0,0,0,64245000,74528000,64659000,79249000,1,2,0,1,0,3,7,15,10,17
D4A4S3;P63018;M0RCB1;M0R8M9;F1LZI1;A0A0G2JVI3;A0A0G2JUT0;P14659;P55063;P0DMW1;P0DMW0;P06761;Q7M081;A0A1Y2AMY3,D4A4S3;P63018;M0RCB1;M0R8M9;F1LZI1;A0A0G2JVI3,Heat shock cognate 71 kDa protein,Hspa8;LOC102549957;LOC680121,tr|D4A4S3|D4A4S3_RAT Heat shock cognate 71 kDa protein OS=Rattus norvegicus OX=10116 GN=Hspa8 PE=3 SV=3;sp|P63018|HSP7C_RAT Heat shock cognate 71 kDa protein OS=Rattus norvegicus OX=10116 GN=Hspa8 PE=1 SV=1;tr|M0RCB1|M0RCB1_RAT Uncharacterized protein OS=R,70.726,403750000,13705000,77399000,0,0,0,0,0,126980000,94045000,91612000,415310,2345400,0,0,0,0,0,3848000,2849800,2776100,0,50515000,0,0,0,0,0,98708000,84689000,82768000,2,8,1,0,1,5,2,17,11,13
G3V7L3;D4A1S0;Q6P6T1,G3V7L3;D4A1S0;Q6P6T1,Complement C1s subcomponent;Complement C1s subcomponent heavy chain;Complement C1s subcomponent light chain,C1s,tr|G3V7L3|G3V7L3_RAT Complement C1s subcomponent OS=Rattus norvegicus OX=10116 GN=C1s PE=1 SV=1;tr|D4A1S0|D4A1S0_RAT Complement C1s subcomponent OS=Rattus norvegicus OX=10116 GN=C1s PE=1 SV=3;sp|Q6P6T1|C1S_RAT Complement C1s subcomponent OS=Rattus norvegic,77.712,637360000,0,0,0,0,0,17885000,72579000,192360000,134270000,220270000,0,0,0,0,0,812950,3299000,8743600,6103300,10012000,0,0,0,0,0,0,126960000,156990000,142400000,154630000,0,0,0,0,0,8,9,17,15,19
P30152,P30152,Neutrophil gelatinase-associated lipocalin,Lcn2,sp|P30152|NGAL_RAT Neutrophil gelatinase-associated lipocalin OS=Rattus norvegicus OX=10116 GN=Lcn2 PE=1 SV=2,22.475,2732100000,0,0,0,0,0,570830000,425860000,624270000,543640000,567460000,0,0,0,0,0,114170000,85171000,124850000,108730000,113490000,0,0,0,0,0,535400000,437280000,485000000,483580000,495290000,0,0,0,0,0,25,21,18,14,17
P06238;Q5D178;Q5FX35;Q5D1M8;Q63335;D4AA52;A0A0G2K926;P14046;Q6LDG8;Q9JMK6,P06238,Alpha-2-macroglobulin,A2m,sp|P06238|A2MG_RAT Alpha-2-macroglobulin OS=Rattus norvegicus OX=10116 GN=A2m PE=2 SV=2,163.78,757980000,4128300,45901000,0,0,0,8823000,59430000,226350000,198100000,215250000,53614,596120,0,0,0,114580,771810,2939600,2572800,2795500,0,41294000,0,0,0,0,125220000,181540000,159610000,162650000,1,6,0,0,0,5,13,29,37,30
Q6P734,Q6P734,Plasma protease C1 inhibitor,Serping1,sp|Q6P734|IC1_RAT Plasma protease C1 inhibitor OS=Rattus norvegicus OX=10116 GN=Serping1 PE=2 SV=1,55.611,1924300000,0,0,0,0,0,254700000,313580000,394250000,483090000,478710000,0,0,0,0,0,10188000,12543000,15770000,19324000,19148000,0,0,0,0,0,350390000,436160000,363520000,382110000,394320000,0,0,0,0,0,29,36,25,30,30
Q9WTV1,Q9WTV1,Chitinase-3-like protein 1,Chi3l1,sp|Q9WTV1|CH3L1_RAT Chitinase-3-like protein 1 OS=Rattus norvegicus OX=10116 GN=Chi3l1 PE=2 SV=3,42.392,2591300000,0,0,0,0,0,380510000,300400000,626060000,686060000,598280000,0,0,0,0,0,18119000,14305000,29812000,32670000,28490000,0,0,0,0,0,471890000,522720000,490000000,553320000,480240000,0,0,0,0,0,33,34,37,38,32
G3V7K3;A0A0G2K9I6;Q9JL97;P13635;CON__ENSEMBL:ENSBTAP00000031900,G3V7K3;A0A0G2K9I6;Q9JL97;P13635,Ceruloplasmin,Cp,tr|G3V7K3|G3V7K3_RAT Ceruloplasmin OS=Rattus norvegicus OX=10116 GN=Cp PE=1 SV=1;tr|A0A0G2K9I6|A0A0G2K9I6_RAT Ceruloplasmin OS=Rattus norvegicus OX=10116 GN=Cp PE=1 SV=1;tr|Q9JL97|Q9JL97_RAT GPI-anchored ceruloplasmin OS=Rattus norvegicus OX=10116 PE=2 SV=,120.66,3148700000,0,0,0,0,0,409460000,425870000,823320000,715580000,774510000,0,0,0,0,0,8530500,8872400,17152000,14908000,16136000,0,0,0,0,0,625750000,643730000,606450000,564170000,574690000,0,0,0,0,0,40,38,57,52,54
M0RBF1;M0RBJ7;P01026,M0RBF1;M0RBJ7;P01026,Complement C3;Complement C3 beta chain;C3-beta-c;Complement C3 alpha chain;C3a anaphylatoxin;Acylation stimulating protein;Complement C3b alpha chain;Complement C3c alpha chain fragment 1;Complement C3dg fragment;Complement C3g fragment;Complement C3d fragment;Complement C3f fragment;Complement C3c alpha chain fragment 2,C3,tr|M0RBF1|M0RBF1_RAT Complement C3 OS=Rattus norvegicus OX=10116 GN=C3 PE=1 SV=1;tr|M0RBJ7|M0RBJ7_RAT Complement C3 OS=Rattus norvegicus OX=10116 GN=C3 PE=1 SV=1;sp|P01026|CO3_RAT Complement C3 OS=Rattus norvegicus OX=10116 GN=C3 PE=1 SV=3,186.32,13964000000,36067000,78186000,14702000,31697000,24722000,1807200000,1861400000,3526800000,3357000000,3226200000,357100,774110,145560,313830,244770,17893000,18430000,34919000,33238000,31942000,0,44242000,0,0,0,2193800000,2558600000,2695400000,2578700000,2610600000,5,3,3,3,3,164,157,161,170,172
