lipid,logFC,logCPM,LR,PValue,FDR,Transition,type,C1-Media_r1,C1-Media_r2,C1-Media_r3,C2-Media_r1,C2-Media_r2,C2-Media_r3,C3-Media_r1,C3-Media_r2,C3-Media_r3,R1-Media_r1,R1-Media_r2,R1-Media_r3,R2-Media_r1,R2-Media_r2,R2-Media_r3,R3-Media_r1,R3-Media_r2,R3-Media_r3,blank
C20:3,-0.8152824459216841,12.642489537059511,156.10404452904027,8.033994633442796e-36,1.7192748515567584e-33,305.3 -> 305.3,FFA,45279.0429954569,44541.6430931017,42147.2830123906,50002.9033622611,54964.9240799166,51368.2235756063,65858.5248412868,75047.2851562339,75783.7851333373,84706.3659439036,95668.4066848675,99818.926857031,76551.6655578451,86832.686111413,85767.506088252,88467.4263458255,103902.327102672,102499.846961965,18531.941375734
C24:6,-0.5831863521636218,13.052280765784097,80.41611703887543,3.033111655106262e-19,3.2454294709637e-17,355.3 -> 355.3,FFA,71560.244888294,69007.2846832491,67930.624649039,82459.545783995,79349.5457916539,80373.8855895685,98926.886901832,93648.5867538529,94933.0066070344,126612.969070435,123748.308982832,127581.609184242,107903.587776189,105740.646774279,105358.707313529,116484.568084706,108761.207870452,105081.787696843,33288.402328494
PC (40:0),0.5599207671336996,8.038042513594835,71.58391218332086,2.6571432391182762e-17,1.8954288439043703e-15,846.7 -> 184.1,PC,3203.0602340698,3270.340255737,3776.8202514647,4192.9802856445,4477.6803169243,5007.8203582767,3162.3802375784,3215.0402412408,3505.7002639774,3236.9202308652,2663.1001777661,2687.8201560985,1880.8401451113,1874.9801292417,2297.6001434324,1911.1801261892,2646.5801963816,2032.5801506036,1443.9400939939
Lyso_PC(18:1),-0.45427180578367693,8.24470225508711,47.43252787662944,5.693011758127773e-12,3.0457612905983585e-10,522.3481 -> 184.1,PC,2579.6802024843,3714.18025589,3298.4602661142,3067.2002410886,3209.4202041612,3107.9402503962,2836.320201873,2658.2201728833,2321.1601791373,4125.2002410872,3310.1202087415,3995.1002502432,4219.3802719117,3487.2002830495,4499.1602973934,3535.5802307129,3325.4002532955,3644.6002578742,3729.0402374264
C15:1,-0.39604805293981293,13.857611889335377,37.240339206029915,1.0443105518484493e-9,4.199200619723636e-8,239.3 -> 239.3,FFA,123377.369812015,138751.969985951,178808.132728595,146236.38983154,147458.190551735,159212.031272907,161169.430694566,165556.071807879,179538.591079715,151155.789962757,166166.811462392,190416.554336562,172547.131896955,180616.911972062,198708.412429805,165488.291351286,215802.195724511,266690.27923584,37924.2226715055
PC (32:2),0.3985425785275495,8.991282269105996,37.00652495943639,1.1773459681468138e-9,4.199200619723636e-8,730.5 -> 184.1,PC,7562.5405807485,7534.1605567915,7321.9804878234,6816.1404953,7134.6204566877,7220.4204483036,5770.1604194656,5796.4604797376,5318.8203849799,4927.7603225706,4326.5003852847,4634.4402999874,4520.7603569034,4647.9603805554,4595.4803466792,4672.3803291325,5613.5404510497,4587.7603301996,6489.4604911808
C22:1,0.34508304833589154,12.378952335071581,28.26128008833075,1.0599513869265564e-7,3.2404228114611868e-6,337.3 -> 337.3,FFA,71803.4052505351,66900.304405205,70559.5050506423,78338.0059890926,76199.6651840395,75694.2855987807,69673.565116851,69354.8446960725,71246.8648757976,54902.9039230174,53683.803600307,55638.6439857693,56041.4234466573,56769.223945611,58151.8039932399,47720.3033027708,46072.9432601966,47084.603363047,16971.0611953724
SM (d18:1/18:0),0.3367078857259401,9.093319040231856,26.452039664325177,2.701630607056354e-7,7.226861873875748e-6,731.6 -> 184.1,PC,7591.6405296313,8482.9604415861,7938.5606117218,6722.1403923038,6620.6204185533,7238.8204917938,5127.0603332516,5469.260364531,5593.0803375242,5211.3803634644,4680.0603790279,4969.5202636706,4857.8803520196,4326.9403190612,5653.3803787243,5409.7003669739,4662.5403404224,4893.620365144,12491.0408744635
PC (38:7),-0.33444149554683245,8.714081250793482,26.009408827122805,3.397575024975061e-7,8.078678392718479e-6,804.6 -> 184.1,PC,4030.9402580246,3163.0002212524,3569.4602699277,6073.9204483036,5280.6003112796,5723.5003776543,4718.2603263848,3941.8003082281,3936.3003005951,4852.1803817761,4162.4402809151,4389.6203002916,5450.7603912375,5307.2803878789,5423.0604095467,5626.2003631593,6626.68050003,5425.7204589813,1529.9600982671
SM (d18:1/16:0),0.3281879517230599,9.880705183882757,25.30952031913975,4.882927180416625e-7,1.0449464166091576e-5,703.6 -> 184.1,PC,13569.7209510619,13008.4208068823,13587.2210349873,10411.9006843593,10843.3405876117,10877.0407486004,7402.9406662011,8094.1605758665,8631.0406188934,8040.180591581,7449.9804306,8350.6806754991,8582.1406669686,8441.6006545985,7543.740547186,7917.6206016595,7455.42056274,7543.400596615,37158.8032455607
C17:0,0.2963194532578145,14.012872322092726,20.876769540626213,4.897988220098576e-6,9.528813446373594e-5,269.3 -> 269.3,FFA,219423.555435126,206880.37605283,199108.973983766,241709.358078034,240758.896553047,241984.056472752,213819.856262214,216374.035736095,213070.594894424,165572.511550893,165469.211112954,161028.452117925,183650.492889427,191763.953826883,188036.173553472,166406.231384267,151410.670288096,137929.070510892,40828.862838747
C20:1,0.2857576086970798,12.244661947887158,19.390582234111434,1.0653111417205034e-5,1.7536660332937516e-4,309.3 -> 309.3,FFA,59931.8441924863,57630.4040374589,58890.9241791005,74962.0853271239,75313.3451232927,68339.7647171138,61759.904472345,62567.5246200684,61521.9645309319,48023.9429130444,47586.5035476608,48309.0436515619,55958.2837104573,56694.4438552727,56321.8442382845,44483.5032615603,43764.9431991666,42710.8430214033,16399.5211181652
PC (30:2),0.2937615792272122,7.398399470502681,19.393103019315852,1.0639058992190977e-5,1.7536660332937516e-4,702.5 -> 184.1,PC,2322.8601455695,2467.720161439,2286.5801658638,2041.6001548771,2391.0401802074,2476.3001289369,1787.6801261909,1781.5801353461,1933.3201293939,1529.2801170341,1282.120098114,1836.3401489258,1763.3201065056,1656.6201171867,1720.4601097099,1714.8401107781,1575.0401115406,1681.9601135252,1994.9601326001
C24:0,0.27004168806568496,13.888820127513632,17.342483260549173,3.121303779414826e-5,4.7711357771055196e-4,367.3 -> 367.3,FFA,204488.335159308,183272.832366957,174348.972839346,225013.395431519,222387.754745507,216904.435043365,199599.413742066,193589.934219381,192387.893447872,154722.250999435,148700.59008789,149923.270626094,177777.592132518,178770.512077345,174660.272190117,144832.490997317,135881.109367365,134375.829467767,41301.702835082
C22:0,0.26786424115705487,13.64374286596529,17.06229316373947,3.617344482050771e-5,5.160744794392435e-4,339.3 -> 339.3,FFA,164797.431686413,159085.911331148,147442.70970154,185419.713119485,183027.493743899,180376.451889049,171635.972351097,163455.812065114,164018.891113264,135372.829833997,129809.509231603,127886.009048475,152796.370803843,147376.370170614,145087.570053088,120192.508453356,112101.568008403,105137.287567142,51079.543594373
Lyso_PC(16:1),-0.26993314754378633,8.612829541733332,16.925366433782884,3.887855584226812e-5,5.20000684390336e-4,494.3168 -> 184.1,PC,5102.880332947,5631.9803314214,4325.0202407838,4022.3002891548,4261.6603050234,4513.2803306574,3196.0402069096,3628.2202339179,3486.4202804559,5598.2803459181,4428.7202758787,5649.2004165663,4501.1802787775,4492.00033951,4664.8202819834,4666.7803459169,4121.6203308101,4580.5202980051,2524.0202026366
Lyso_PC(20:1),-0.25866280681252296,6.845033260768102,14.675912972547664,0.00012766738802207815,0.0016071071198073368,550.3794 -> 184.1,PC,1275.2000846863,1366.7400894166,1180.9000854494,1180.0400772089,1213.9400825501,1236.1800804136,1134.6200828549,1251.6400871272,1172.4800834655,1314.6600914007,1239.5800895691,1445.8801002511,1644.3201141354,1329.6600875852,1455.1201019287,1325.3200950624,1317.4400787352,1184.9400825498,1257.3800964357
C18:4,0.24195663104193105,10.910514828025637,13.866144205013908,1.9630304443496072e-4,0.0023338250838378666,275.3 -> 275.3,FFA,25852.1618614198,25298.7416801441,23923.781841278,25477.2217712376,26182.6216812088,24906.321804044,24585.9217910709,23390.7818298329,24682.1015968278,20550.2814178447,21829.401561732,19890.1413650531,21332.1815490752,20617.4413833631,20008.6414375294,18104.8413124101,16715.6211700431,17394.8412551887,12110.1808624252
C18:2,0.23074775132807668,11.131503993889801,12.621442973240448,3.81346841819736e-4,0.004295169692074921,279.3 -> 279.3,FFA,30830.442100531,27684.3219718975,27887.2419433557,27719.6820907641,26607.1618957447,25450.8018493659,33122.7422790515,31769.2221527066,29135.7821083054,22948.3416214032,22697.5417327869,22586.9615631127,26749.2420005806,25386.8617286687,23982.0417861948,21780.8815765389,20356.5214347818,20181.4814910889,14117.1009483347
PC (38:6),-0.22678560893339136,7.366592064759734,11.565562151490512,6.718457533095469e-4,0.007188749560412152,806.6 -> 184.1,PC,1764.940124511,2081.2001342775998,1780.2001380912,1635.9001235969,2026.0201568606,1952.66015625,1833.0401344293,1718.9801139827,1351.5400886538,1925.6001243589,1790.3201141361,1858.6601257314,2141.4601478559,2193.1601600636,1837.1001358025,1943.7201232909,1945.2201423646,1918.6801261901,1498.7001228325
PC (40:9),-0.21583010286128032,6.698189715564825,10.11902123660806,0.0014674690804700739,0.014274471964572535,828.6 -> 184.1,PC,1042.3800811766,1162.8800888059,1099.4000816343,1105.2800827026,1135.100082397,1136.080078125,1058.1400718688,1085.9200782775,1077.0200805663,1190.8000793453,1037.7000617981,1064.9400749205,1361.1000785824,1228.2400932307,1182.4200859067,1203.9200859067,1211.5800971985,1206.240077972,1595.4801292429
SM (d18:1/18:1)9Z)),0.21172234740120696,7.6032299300015795,10.153907360986,0.0014399571515701485,0.014274471964572535,729.6 -> 184.1,PC,2886.0001945493,2588.1801681534,2824.44017792,2428.6801795962,2059.4201583868,2487.6801757825,2165.4401626584,2054.1001663202,2176.0401535045,1577.0201072695,1827.9601325974,2073.7801475539,2197.7201614373,2134.5401420597,2131.8201675418,1686.1201133734,1983.4601325981,1796.9601440423,2693.7602157585
PC (38:4),-0.2019496606522886,8.08559527128508,9.362401590065751,0.002214817546751642,0.020607432826297886,810.6 -> 184.1,PC,3422.1402587878,2947.3402137749,2794.1601829534,2934.4001922631,2915.4202117901,2787.7002143866,2616.280212402,2792.5601768497,2437.520179748,2590.6601982112,2750.7401924132,3610.0402412416,3005.4602317805,3052.6202201846,3362.1801986684,2797.0202140812,2868.600177765,3365.160278321,5126.9003601079
C15:0,0.19589136147015287,13.902665192865754,9.13236887982248,0.002511263493020017,0.02184405057782168,241.3 -> 241.3,FFA,198229.773132313,183067.973060645,182522.312744145,219440.576637244,223894.194656371,219104.096115131,186283.43374633,184655.51191705,191244.792739828,158076.472885158,155583.330902093,153753.110290538,180966.471778884,188164.292274453,182597.013313336,144527.789817768,148226.2107849,141828.190231311,39058.582794191
Lyso_PC(19:3),0.19985155389391712,7.744866499432075,9.103022141722818,0.0025518750675025325,0.02184405057782168,532.3325 -> 184.1,PC,2703.9602050773,3337.9002532962,3188.9202270507,2640.9001655601,2612.1401824948,2503.4801597594,2210.9401550305,2959.9202156061,2494.1001892069,2686.4602088933,2666.2201766982,2500.1001892072,2022.4201583869,2370.2001495375,1852.5401268007,1855.8401412962,2030.580142976,1954.2401313785,1310.0600967409
Lyso_PC(3:0),-0.1998241782710638,6.991913786246234,8.83130012367435,0.0029610735500259894,0.024371913065598525,314.129 -> 184.1,PC,1292.240081787,1176.8200874326,1485.4800987247,1676.3801078796,1515.9401206969,1268.0400962828,1305.1000938411,1349.700084686,1421.7000808713,1484.6000976568,1266.6000785829,1338.7400894164,1643.0001029973,1364.6200904844,1327.8400878908,1601.1801109309,1588.2801322937,1693.5001220708,1325.3201065063
PC (32:3),0.19679899008086685,7.270801661864411,8.671242001815514,0.0032327079464207448,0.02562220372348294,728.5 -> 184.1,PC,2135.7201423645,1818.1801261901,1986.6401557931,1931.7801437363,2063.240127563,2110.900157928,1685.2801132203,1610.460132599,1988.240161896,1525.0001068117,1420.9600944523,1607.0601043702,2119.1601524358,1530.4800987238,1606.9401092522,1460.1001091013,1446.4200935369,1352.8600959775,1750.7001152051
C18:0,0.1880232558548899,18.48833937114708,8.418964800817776,0.003713271539627574,0.028380003910010748,283.3 -> 283.3,FFA,4707847.67617906,4347261.2802136,3979889.77865345,5139337.90579325,5199455.63000383,5110384.54614382,4868906.12866166,4952942.1990357,4862965.45593305,4018594.56942825,4048427.17044212,3931451.63141037,4232421.95692424,4318189.48324555,4183034.40991167,3793666.22518897,3530186.67648328,3216711.25469832,238026.458847061
Lyso_PC(22:1),-0.1939578608633713,6.77931973515013,8.223794406662398,0.004134466244379401,0.030509509527489376,578.4107 -> 184.1,PC,1156.7800903318,1205.2000885007,1183.680084229,1195.3000793452,1052.1000785828,1171.3200759892,1223.1200942993,1303.6201019282,1240.3200912467,1299.1000938418,1269.7600975033,1132.8000869751,1218.4400787348,1370.8800926201,1198.0400886537,1301.5000991824,1389.1000900268,1223.5800743112,1289.4400978087
PC (30:1),0.18583485228009627,9.567110611102661,8.11292768715549,0.004395068670182456,0.03135148984730152,704.5 -> 184.1,PC,10571.1008224474,10982.6008186339,10666.2807006798,9119.020591737,9353.1407470697,9297.2806854177,6113.3403816183,7511.1204910295,6397.9604187006,7898.9006004318,7345.0006675775,7578.2006149265,7235.6805572491,6955.9604187049,7158.0205116215,7050.9204673723,7332.3204879723,6701.1204528752,18346.8410759066
Lyso_PC(22:5),0.18469158881547834,8.042818110229817,7.8378456253972715,0.005116354663790146,0.035319351550035204,570.3481 -> 184.1,PC,3247.1202392566,2134.9001617425,2618.4601821903,3486.7202720649,3744.6202735899,3592.7202377314,3483.9202690119,3742.3602600087,4036.0803184522,2274.6001777664,2218.5001487732,2098.0801696775,3461.2202262894,3445.0202178956,2914.0401802061,2690.0201683057,2798.9402008046,2757.3401870725,1769.9401206975
Lyso_PC(8:0),0.18517448616419524,7.04035275815006,7.600039653281117,0.0058367017141368275,0.03903294271329003,384.2073 -> 184.1,PC,1320.0000839229,1844.7201118475,1557.280136109,1568.9400939949,1685.26013565,1740.8601264955,1443.7001113892,1856.8401412957,1735.2201194765,1245.8000793458,1241.2400894166,1264.6800956727,1354.3001098631,1260.2400970466,1492.9801101675,1396.7600975036,1433.3001060491,1360.1400947568,1392.8801002503
C26:0,0.17347409371889264,12.78187048893085,7.157749781538277,0.007464077664068186,0.04840341273062399,395.3 -> 395.3,FFA,89701.4459914908,85482.5258865414,81624.4461212128,95647.3269271568,95532.526557911,93575.3467483445,92340.9668273673,89033.1660690272,87980.7064704929,74204.4650802533,73884.8454742387,73362.885406491,82743.866233808,82642.5253219734,80825.6662139839,73105.465423566,64634.8444442489,64118.984703039,28102.9420165958
C17:1,0.16777384464830575,11.818151287233508,6.686812142388135,0.00971287367470402,0.05978889459467226,267.3 -> 267.3,FFA,45900.3036308281,44319.5630798424,40593.6429519655,48624.8035354704,49458.4232406574,46288.9432029828,47237.8434791444,45332.1630935516,47611.0235214289,37102.5427284254,35606.8425407372,36785.702606198996,43740.1230468683,44880.3629951339,43379.6432762023,36911.4427146916,33744.3623161311,32431.5223083517,13673.1409568842
Lyso_PC(20:5),-0.1747817450109474,6.768273385911379,6.674798339837895,0.009778557527166025,0.05978889459467226,542.3168 -> 184.1,PC,1107.700077057,1153.5600776669,1210.2000694278,1269.7000885011,1165.3400878904,1270.4800910944,1151.7600822449,1135.6400756836,1252.0200920103,1197.3200950625,1258.1800918575,1157.2400779724,1320.0200996399,1453.7600936889,1288.3400840759,1197.760074615,1163.5000839236,1215.9000930789,1313.3400955198
PCo(36:2),-0.17147304419667303,7.35380402809027,6.5878254712713975,0.010267851563943345,0.06103667318566322,772.6 -> 184.1,PC,2119.2601470948,1910.3801116935,1495.0801277164,1758.6800880422,1525.6600914,1734.1001396181,1505.1201095576,1657.1001205456,1641.2001037602,1710.5401077273,1724.9801292417,1904.5401229849,1719.1601448061,1598.8400993336,1874.9801330572,1751.1401176446,1752.7401084901,1996.0601272583,3678.7202796963
C34:0,0.16547920248084527,11.576729900609335,6.502022368606163,0.010775186068889855,0.06232134645249808,507.5 -> 507.5,FFA,35971.7426528938,36418.8824958789,35401.5024147037,41355.1429214456,41136.8828315675,41441.1030540423,39457.3027648912,38872.8829002443,39133.8026275734,31466.0422401434,34304.8424339281,32417.2222900396,31884.4421424865,35716.3824615481,35374.222454072,29457.3220634463,30249.6222000172,28758.8220176689,15378.2811698904
PC (36:2),-0.16101770838561286,9.475058944907019,6.0826435904436345,0.013651633205948506,0.07688025015981527,786.6 -> 184.1,PC,8736.0206451345,8608.0405998138,7789.3606109652,7224.0005531265,7162.7605209351,6677.920543668,5775.9804229738,5839.0203742983,5742.7804069517,6658.6405754096,7929.8405914348,7246.8605346726,7511.8604698143,7733.5206298841,7114.2405471783,7420.5205078137,7061.3605766224,7290.480499266,23948.5619277688
SM (d16:1/18:1),0.16448905328271865,7.160785545417582,6.020749140810697,0.014138643919638844,0.07758127689237725,701.6 -> 184.1,PC,1712.9601020832,1938.2601356512,1988.9401397715,1702.4001350405,1909.0601577748,1552.3600921624,1442.6200904854,1721.5401382452,1527.8001022341,1693.2401275636,1209.3200912473,1257.66009903,1401.0601005553,1353.9801025392,1593.540107727,1371.6201171873,1454.8400955198,1505.3201103206,2382.4401588444
C18:3,0.1566162717499452,10.539227503340689,5.805091306021865,0.01597983803227873,0.0854921334726912,277.3 -> 277.3,FFA,17841.0812873831,16979.8612403877,18146.3013000506,19341.2413673409,20125.4014778111,19846.3814201345,19108.7813606248,17206.0012092573,19143.1013641344,17341.4011726335,15852.8611106873,17613.8012428295,17171.1812248197,15977.4810676586,15251.541072842,14293.6410293575,14050.2609825104,12431.480834961,11279.7807998686
C14:1,-0.15161791514871506,12.783486944797422,5.468479157222703,0.019362467830603212,0.1004704834385104,225.2 -> 225.2,FFA,71713.365341153,81420.485672003,106574.007255545,67495.424835199,74504.94524381,77874.58575438,76713.925300579,78569.085998552,84776.3663329799,62776.084579471,72080.785125727,84074.525955187,70718.0849990722,74361.945754988,82233.885665894,65915.084594712,95874.566818234,131563.269195589,40406.66294861
C16:1,0.1511816509072478,12.68432611801751,5.436645316220591,0.019718506095408584,0.1004704834385104,253.3 -> 253.3,FFA,88226.045940386,84027.9058990413,79748.3657073654,79951.3252181807,83150.9056549048,81234.5262565391,85180.4059905889,87683.3461265563,87044.6661376782,64987.4644012281,66454.7846832101,66456.904888157,78692.2852172719,78897.0261421316,78206.8855895964,69331.8847656582,67039.9048003987,64047.564067819,17972.8213386525
PC (38:8),-0.15003509857915495,6.839017423161734,4.930903027769109,0.026380528533875,0.1312891420057965,802.5 -> 184.1,PC,1188.3800849915,1361.7601013194,1361.3201065066,1273.0200767518,1126.2800674441,1119.9600677491,1232.9600906373,1265.0800933837,1201.4400749209,1231.580078125,1225.7200813288,1415.1800994867,1410.1400947573,1154.8200798033,1421.6800994872,1173.900096893,1244.4600944519,1208.9800834654,1868.3601455672
C24:1,0.13163753571404244,13.18280821990892,4.1240447810903325,0.04227788214083084,0.1928432372223693,365.3 -> 365.3,FFA,111007.667587297,114329.36829375,112511.188095114,122391.948707608,129839.169097894,132481.589462284,112738.247947667,114840.9482231,114426.088375095,96703.9467506255,99913.5676040344,95283.5466766279,110247.747459405,110996.808135978,111013.628089921,94965.3466644224,92252.4463119274,92717.666336046,20766.141502381
Lyso_C17 sphingosine-1-phosphocholine,-0.13719033162642336,6.754991019385676,4.112048243010548,0.042578766091755545,0.1928432372223693,451.3223 -> 184.1,PC,1226.2600822454,1299.5600929261,1150.0600814818,1242.200088501,1216.8400840758,1317.6400833128,1192.8800773622,1101.9400863648,1086.6200714112,1099.0400733947,1180.9000930786,1229.3000717164,1218.100082398,1276.9600868223,1147.6000823974,1398.6200904844,1178.400081634,1326.7400817875,1155.9200897217
Lyso_PC(24:1),-0.1370162228487172,6.703300155626536,4.085425553239508,0.04325455788165293,0.1928432372223693,606.442 -> 184.1,PC,1154.6800880431001,1079.2400741579,1119.8600769046,1120.0800781249,1207.8600921632,1076.4400749206,1304.3000946045,1135.1200790403,1135.3400917049,1223.2800788876,1140.800086975,1214.0200881958,1233.8600883484,1059.4600715637,1230.8200950623,1150.1800842283,1151.5200843812,1153.6000785826,1362.3801078793
PC (36:1),-0.13447072931317117,8.851463160898435,4.21002329034566,0.040185785321305456,0.1928432372223693,788.6 -> 184.1,PC,6116.4804229747,4839.6203613275,5035.4603233346,4897.7003288256,4856.9603500364,5013.3204078674,4035.0202636711,3471.6402587888,3938.2003173827,4677.4203681965,4669.3003387447,4774.1004486097,4641.9402771002,4990.1003074634,5288.9003829964,5008.5803375235,4641.4403266908,4334.3602409354,14336.3008880579
PC (42:1),-0.1375007938822999,6.64891853394785,4.104348918274576,0.04277305743391994,0.1928432372223693,872.7 -> 184.1,PC,1099.5600814818,1104.8600730896,1130.3200836177,1063.8000793458,1259.5400848391,1126.9400711059,1086.7200851441,1071.0600776671,1107.0800819396,1110.2400779724,1108.6000823975,1099.960079193,1072.5800743101,1235.6000938418,1178.4200782775,1192.3600845339,1140.4400749204,1129.3400688173,1100.8600807189
SM (d18:1/14:0),0.13458533301911393,7.042833888733126,4.006861830859393,0.04531542205470723,0.19790816978994588,675.5 -> 184.1,PC,1339.1200981143,1983.0801544176,1680.960105897,1287.6600952147,1666.8201179503,1561.3201065057,1235.6600952143,1854.2801437372,1411.7200965883,1388.5801010122,1240.5000953673,1574.6401062016,1268.380069733,1461.0001029962,1203.800086975,1373.6001014717,1192.100082398,1168.3000793461,2427.7601699828
PC (48:0),-0.1307455190731508,6.612438856127616,3.7021411850719943,0.05434268921400198,0.22802618611365538,958.8 -> 184.1,PC,1069.9400787355,1152.7000770569,1074.4800834653,1103.8800849913,1085.3800735473,1081.6600837705,1069.3600730895,1092.020080566,1079.6400756836,1136.8800811765,1096.1400718689,1079.6000823974,1106.3400764466,1092.1800651549,1086.4800720217,1057.2800712586,1236.3400955197,1078.5400772094,1096.7200813294
SM (d18:0/16:0),0.12653945536557362,8.620140774677703,3.715119439024164,0.05392176679158321,0.22802618611365538,705.6 -> 184.1,PC,4858.9203491209,5661.5803832997,5167.2003364569,5075.9004020704,4215.320343016,4714.9003181436,3586.5802421575,3545.9002494818,3316.4002151496,3848.7802429185,3388.3402557382,3446.9202384955,3661.9802932736,4255.8602447511,3747.5602378833,4006.7803306578,3558.3002738951,4215.2402877803,10604.1006813067
PCo(34:0),-0.12693774392523047,7.233131217663518,3.5943723119749986,0.05797551867027186,0.23203800542945516,748.6 -> 184.1,PC,1705.8601379387,1736.1001205437,1894.4601402273,1653.2001380928,1529.9001083373,1533.240097047,1492.080108642,1452.500106812,1444.3801116941,1505.4401283261,1797.14012146,1474.560092926,1742.2201271053,1822.7001190196,1570.4201164252,1495.2001190182,1771.3801193237,1477.8201026929,3159.2202148442
SM (d18:1/26:0),-0.12848982388020597,6.640561324317445,3.5779420233839154,0.05855164622986252,0.23203800542945516,843.7 -> 184.1,PC,1133.9800796508,1128.4000854488,1077.4400787352,1110.560070038,1065.940071106,1084.7200775147,1039.0200805662,1208.360080719,1037.5000839231,1345.4400901792,1134.4200782775,1109.4200782778,1106.120075226,1044.7600669859,1116.3400764465,1060.6000785826,1090.3800735475,1032.5600700379,1387.6000938415
SM (d18:2/24:1),0.125561607583109,7.967529028606547,3.6087651878010263,0.05747578024168265,0.23203800542945516,811.7 -> 184.1,PC,3840.5603141769,3182.8202514643,3604.2002410894,3315.2802581776,3268.4402427665,2531.0801696767,2141.960151672,1995.7801246657,2484.0001678466,2600.8001861576,2562.4602050777,2393.8601646433,2473.7001953121,2719.3802108772,2427.8801574697,2494.5601997377,2136.6801567071,2627.140167237,5050.7403602613
SM (d16:1/24:0),-0.12305277240566707,8.975556774121976,3.5322773580277413,0.06018506883559898,0.2341746314694215,787.7 -> 184.1,PC,5803.280399323,6443.0405044553,6892.300476071,5357.3203353929,4678.3203163153,4919.9403419478,4363.2403221122,3538.920249939,4196.500274659,5041.760360718,5610.2204132095,4988.540290833,5400.0004272448,5394.8804931651,5629.0004844673,4781.4403266909,5007.2804031367,4898.4203567507,15561.8409767029
C12:1,-0.12069508212271926,11.112670177105603,3.4556967656012714,0.0630341625074707,0.23469138570520232,197.2 -> 197.2,FFA,23492.1816482511,23298.2617492661,23944.5617561286,24732.4017639156,26943.0218620284,27005.3218536396,25150.4818115258,26808.2817230217,26622.1418495168,25097.2616806019,25794.7217521655,24729.6817398076,27628.5219764687,26966.5019836389,26700.8818168668,24687.5418472281,25074.001838681,23825.5215988213,14202.7810058631
Lyso_PC(5:0),-0.12489847079466472,6.845431060443407,3.424265845252984,0.06424480210262629,0.23469138570520232,342.1603 -> 184.1,PC,1144.2000885005,1114.4600830078,1289.2801017757,1439.0801010138,1362.3401031494,1366.3200950617,1169.8000907902,1396.6201019288,1234.9600906373,1269.2000999458,1296.2400894166,1274.84009552,1375.1200981137,1231.5200996402,1400.8801002502,1269.1600913999,1178.040081024,1374.9400939936,1374.2000923164
PCo(34:1),-0.12217949052891514,8.429738665284257,3.455151715158891,0.06305494799602371,0.23469138570520232,746.6 -> 184.1,PC,4331.0002708429,4449.4002647398,4130.4602699279,3985.3403129594,4141.6402740477,3949.1203117371,2766.2601737973,2999.5802078236,2781.1002044677,4166.1202964787,3609.8202972422,3258.2001724248,4748.9603042599,4121.9203262341,3778.3002853398,3469.020233155,3618.8202629098,3175.3402328478,6560.4005050659
PCp(40:6),-0.12486530282452425,6.822453375766886,3.412492768121739,0.06470463437666793,0.23469138570520232,818.6 -> 184.1,PC,1186.5000762935,1233.1200828556,1308.6400947575,1215.6000785823,1274.3600807193,1221.7000923159,1303.1400947572,1274.8000869751,1093.0400772094,1126.020072937,1252.6600875853,1460.1600875856,1159.6000900264,1239.060085297,1202.6400947572,1251.2400856021,1199.4800872803,1355.3400840764,1836.9801177975
C28:0,0.11853774593673069,12.678977903568045,3.342862178839937,0.06749710358211602,0.23679311748480047,423.4 -> 423.4,FFA,72280.1052169586,72125.8847427132,70022.8050765896,85742.6262855332,92374.486022945,90862.9464759696,87688.0464935152,83145.7859344321,88469.3259735032,68883.3046569476,68668.3051605004,66707.9648361143,79170.6257896535,77738.4454994258,75641.0053100454,69719.0450897039,66758.4446487406,63300.9642829796,23953.0817413311
PC (32:0),-0.11913696256058631,9.912157124258496,3.346196366368943,0.0673604951905696,0.23679311748480047,734.6 -> 184.1,PC,11776.7209320147,12215.5208320693,13319.9012107852,9625.5207786549,11011.4808502157,10326.3808364892,8166.0805854879,8544.7805290309,8121.4406166008,9350.5206413299,11113.7007637085,10192.9008598348,10511.6207733192,11041.2608718983,11201.1807098432,9292.0806426915,9935.9407539436,11267.1608009465,19829.7414550925
PC (44:3),-0.12286883433467319,6.619438706082873,3.2714290325657167,0.07049619027074835,0.24332555996677657,896.7 -> 184.1,PC,1072.1600723266,1086.8400802614,1086.4800720214,1093.0000839231,1104.0000839233,1104.9600906374,1072.8000717163,1089.2800712585,1183.7400779723,1093.3000869748,1083.6800804135,1086.5600776672,1099.5200881959,1109.1800765991,1173.0600814818,1126.6400794983,1100.0000801084,1134.8400840758,1084.0200767516
C16:0,0.11650852951419832,18.572520011749376,3.234005778809661,0.07212406829753475,0.24499286691543548,255.3 -> 255.3,FFA,5026124.477416,4614262.49853573,4313228.3381343,5280515.0842293,5375351.19604489,5276615.58371024,4896478.74600105,4958107.38940386,4984575.59908978,4207575.35009835,4235585.40591257,4204176.27575718,4566008.05111595,4707774.66140756,4622215.93273871,4268711.64062359,3975600.21759234,3601231.38970949,212711.674194336
PC (40:3),-0.12071821477913064,6.804964362960347,3.189893328095483,0.07409484652187642,0.2477546430575243,840.6 -> 184.1,PC,1184.2800827026,1187.480091095,1387.6400947566,1286.3800849909,1195.1800765997,1375.9800949098,1119.2800865171,1174.460090637,1221.3800773617,1312.1400871278,1325.0600929258,1216.7800750738,1468.9201164243,1103.5800819397,1248.6400947571,1257.3600883483,1116.2200775147,1198.4000968937,1521.8601112359
Lyso_PC(12:0),-0.11410965023373541,7.5835018300196575,2.9542497180233322,0.08565205251890934,0.2545769338756472,440.2699 -> 184.1,PC,1901.9201431267,2024.7201194764,2026.8601493834,2098.7801513671,2158.5001487728,2453.7601623542,2403.0601692199,2603.1601982128,2000.7601470946,1932.6401252742,2267.9001541121,2108.3601379394,2486.5801696776,2246.3601799008,2505.7601547246,2112.2201461808,1995.380126952,2162.9001541136,1451.9201011664
PC (36:7),-0.1164424880561603,6.739180439520511,2.9557435799871072,0.08557293499443915,0.2545769338756472,776.5 -> 184.1,PC,1258.8400955197,1254.1400756835,1051.1800880434,1153.560092926,1249.2000846858,1158.8600921629,1120.6400833131,1118.5200805669,1247.7800712587,1135.2800865171,1285.2800941471,1118.1000862121,1302.3001060481,1167.2200813293,1134.7000885013,1131.1200828552,1084.6400794982,1323.0000915532,1541.4600982657
PC (38:9),-0.11629672565676562,6.996045310338675,2.9882833937964115,0.08386903205081572,0.2545769338756472,800.5 -> 184.1,PC,1474.5001068113,1347.1401062014,1440.6601066591,1535.4601058955,1450.3801078799,1352.7400970465,1441.2600936896,1179.2200813293,1353.4401092533,1373.9600944515,1392.2601165772,1591.6001091012,1738.9801292411,1570.6601181029,1364.0001029967,1186.8600769046,1101.0400810242,1371.5600967404,2079.1201362614
PC (44:7),-0.11999824959759985,6.615984086464055,3.1187272165733564,0.07739721608235169,0.2545769338756472,888.6 -> 184.1,PC,1076.3000793456,1097.2000808715,1081.08008194,1083.8200798032,1135.940071106,1090.2000808715,1108.4400634764,1105.5400848388,1066.8000755307,1094.2200737,1062.9800720214,1116.6400794981,1081.1200637817,1081.3000869752,1162.6600837708,1145.0800781249,1071.8000793455,1122.3000755306,1155.9400901793
PC (44:8),-0.1171738429011658,6.632888275427494,2.9771141127437266,0.08444972548687121,0.2545769338756472,886.6 -> 184.1,PC,1115.7000846863,1081.3400802614,1100.3200836181,1075.2600669861,1132.8800773619,1155.6400833134,1060.3000717164,1128.9800872803,1131.5400848389,1077.2600822447,1126.0000915526,1093.4000701905,1108.4200706482,1205.6200828553,1099.5200691223,1072.8800697326,1072.7000656128,1200.4400863645,1149.6200828552
PC (52:4),-0.11688902283727357,6.623146362083711,2.961747162318307,0.08525577114813179,0.2545769338756472,1006.8 -> 184.1,PC,1079.6000785826,1074.480075836,1075.2800712586,1175.300086975,1083.4000778195,1062.0800743104,1111.2400741578,1150.8200759888,1137.1000862121,1093.4800796509,1087.86007309,1155.5200881956,1095.8600807186,1120.1800804137,1109.5800704956,1055.8400802611,1172.3600845334,1129.5400810244,1061.3800621033
PCo(34:4),-0.11852412840094322,6.693737884153679,3.056216407721436,0.08042874971284295,0.2545769338756472,740.6 -> 184.1,PC,1318.7601013185,1065.7000846862,1119.6400794985,1269.5200843809,1161.2200736994,1151.4400939938,1196.8000869748,1025.520072937,1054.4200782776,1517.4801025391,1099.7800712585,1047.140079498,1103.6800689699,1085.9000854489,1070.3000793457,1276.7600860602,1073.0600814816,1166.0600852966,1298.9200935361
SM (d18:1/12:0),-0.11843819463863353,6.6436715819764265,3.0423471432921447,0.08111854990731564,0.2545769338756472,647.5 -> 184.1,PC,1079.7200737001,1142.94008255,1089.1400718688,1192.0600814817,1112.1200790405,1067.2600746155,1210.2800941471,1020.4400787351,1083.4800834653,1096.6800804136,1100.6400833129,1059.4800720215,1106.2200813293,1175.1800804144,1232.0400886539,1117.4200820928,1024.7800750731,1176.2000885006,1274.8200950624
Lyso_PC(14:0),-0.11025766829780172,8.923484833424666,2.8408642967759263,0.09189477271177561,0.26549568757808034,468.3012 -> 184.1,PC,6001.2805023178,5599.8603172307,6730.6604919419,6505.70042038,5808.3604011531,6243.4004516598,5098.5403442389,4141.1803092953,4368.8602867131,5580.9004364034,5792.9004325863,5763.4003677361,5970.7003593444,6170.4604339596,5834.940402985,5050.6203575121,4854.3202896115,5646.9803619382,2486.4401474011
PC (34:5),-0.11418790570119754,6.6948102142412935,2.836670019273175,0.09213497218460251,0.26549568757808034,752.5 -> 184.1,PC,1131.8600845337,1143.6400833128,1082.840084076,1145.5400886535,1285.800090789,1082.1200752256,1156.2600708007,1175.0200881955,1174.3400917049,1143.8400840757,1094.0200691225,1148.5200805663,1124.6000823974,1182.0800933837,1084.2000656127,1130.3600807189,1330.0000839232,1184.0000839231,1316.820083618
PC (44:4),-0.11403365360155611,6.634425796168997,2.820842465822635,0.09304755405773843,0.26549568757808034,894.7 -> 184.1,PC,1130.1600875852,1177.6600837707,1076.8200721739,1129.4400863645,1058.7200736997,1062.6000823971,1194.9200820922,1084.8200798034,1121.0200805662,1087.9000778199,1083.3600730896,1125.4600715637,1119.0400848389,1156.9200973512,1108.4200782774,1208.7600936884,1126.9200820923,1074.6400680541,1074.0600814818
SM (d18:2/14:0),-0.11338574854795963,6.6672174196799885,2.794990407718645,0.09455933240213985,0.2662591728165517,673.5 -> 184.1,PC,1153.1800804138,1093.5200805664,1238.8600921631,1085.5200805666,1155.5800895693,1013.1400718686,1141.2400779724,1150.180091858,1258.8200874326,1136.3400726318,1112.8800811767,1115.7800865175,1214.3000907898,1160.6000709535,1111.3600769042,1114.6400718692,1227.9800872798,1147.3400840757,1051.0400695802
Lyso_PC(13:0),-0.10923429857536746,6.843919184976788,2.6197200052929546,0.10554306275870788,0.28215674326570067,454.2855 -> 184.1,PC,1302.0001029963,1179.4800796504,1338.0000877382,1342.760101318,1256.1400871278,1424.0801124565,1189.6400833129,1216.4200935361,1350.4600982666,1326.1400871275,1239.2600898747,1238.1800918581,1542.2600936879,1342.9400978091,1147.2400856017,1326.7801017755,1264.8000755314,1199.5400848384,1315.5201034554
PC (42:0),-0.10980473952692349,6.661114543979802,2.618125685943936,0.10564916686353736,0.28215674326570067,874.7 -> 184.1,PC,1081.1200752257,1161.3400917048,1161.4400787354,1081.0400772093,1115.76007843,1171.9800872801,1129.5800819394,1119.1600723266,1144.7600708009,1167.7600860593,1058.3400650026,1130.500076294,1123.900074005,1134.1400756837,1112.4400749205,1142.7000732422,1145.5600700376,1170.8400840759,1257.8400917051
PC (46:1),-0.11107874938175728,6.610067506055524,2.6712669698870926,0.10217465652198517,0.28215674326570067,928.8 -> 184.1,PC,1084.4200782777,1092.4600791929,1111.62008667,1072.4200744628,1058.2200775145,1105.6200828551,1124.680088043,1093.6800804138,1086.200073242,1124.5600776673,1072.9400749205,1071.1400756834,1064.9000778199,1114.4600830072,1122.4600868223,1070.4200782776,1101.3200798035,1119.1400833129,1164.1600761415
PC (50:0),-0.1096276070212733,6.597600583896717,2.6009801796391434,0.1067976458155222,0.28215674326570067,986.9 -> 184.1,PC,1107.5000801086,1067.1600723266,1082.1000823973,1082.180065155,1085.7400741578,1084.820083618,1062.5000839233,1079.2800827025,1143.2200775148,1155.8600883481,1099.5600776671,1073.1600837709,1094.5200767517,1090.2200813292,1080.0800781249,1099.44008255,1051.7200737,1072.1400833129,1059.4600715638
SM (d18:0/12:0),-0.11002038451242142,6.643659962245879,2.625692366935498,0.10514663114006195,0.28215674326570067,649.5 -> 184.1,PC,1143.9800720214,1093.5400810241,1046.6200752257,1155.4000854493,1254.0801010133,1064.4800758364,1098.7800750731,1075.7800712584,1112.3800849911,1079.1600685119,1092.7600898741,1129.1600685119,1122.1200828552,1081.1600761415,1243.1800880429,1122.5800895694,1036.0200691225,1165.5000839233,1243.2200736995
Lyso_PC(3:1),-0.10800929798220221,6.793649677731522,2.5551168984435275,0.10993768240727805,0.2869105370141159,312.1134 -> 184.1,PC,1253.3600959776,1177.3600845339,1196.7000885012,1306.5000991825,1338.0800971985,1083.8800735475,1356.8800926209,1168.6000747677,1375.2000961304,1087.5200767521,1205.7000961304,1280.8200874323,1312.4800987244,1402.6800956726,1236.1400947562,1145.020076752,1427.7000923154,1177.1200866698,1149.7800750733
PC (36:4),-0.10522783209449478,7.775030275467933,2.5209183953207273,0.1123451377463023,0.28966095756275534,782.6 -> 184.1,PC,2289.080165863,2193.0001449593,2992.7602195735,2487.0801506053,2239.7801818833,2406.520179749,2112.3201522823,2609.4401855463,1941.9401206972,2085.6401367183,2569.5202140816,2642.9001922602,2234.7001838681,2391.3801689141,2269.7201728815,2308.8201751706,2254.1001510611,2491.9001617435,4421.960300445
Lyso_PC(7:0),0.10646491987702054,6.900712384004347,2.4973655925781717,0.11403691228978276,0.29052260988111317,370.1916 -> 184.1,PC,1365.0201072691,1435.5801010126,1400.3800926208,1435.9001159674,1623.5601119994,1656.5201072686,1226.3000869751,1449.240097045,1539.040096283,1171.420074463,1257.6400871279,1396.1801109313,1212.7000923156,1194.8000793461,1253.880092621,1307.9000854491,1309.9800872812,1210.2800827025,1112.2000732422
PC (40:2),-0.1064137861093527,6.732438463014038,2.4637703573496186,0.1164988406208003,0.293302963445309,842.7 -> 184.1,PC,1099.0800666809,1225.6400794983,1090.2200737,1181.9800758362,1247.320091247,1236.8000831604,1066.5400733946,1041.4200744629,1216.4800796512,1102.3400764463,1208.4400749207,1102.3600807191,1213.400089264,1115.9200820921,1310.5200881958,1087.3000717163,1115.4800796509,1151.1400833128,1965.1601486205
PC (40:1),-0.1045930497499082,6.685592921680953,2.3769075101077695,0.12314110158164811,0.3028988015916402,844.7 -> 184.1,PC,1182.6600761419,1064.6200790405,1166.7800827022,1208.5400848386,1074.6000671385,1136.9200706483,1168.2200851441,1058.0000801087,1179.9000854497,1121.5800704956,1070.6400794984,1210.9000816343,1251.6000823974,1223.8000869754,1195.8400878903,1088.640071869,1063.5400772096,1018.9400634765,1537.4201049805
PCo(38:5),-0.10379130685687657,6.960653502942464,2.379526342786999,0.1229348159808986,0.3028988015916402,794.6 -> 184.1,PC,1480.9201164252,1419.9401016231,1485.06010437,1337.5600814817,1180.0000801084,1497.8801155086,1223.4200782781,1467.1001052849,1496.0401039125,1436.9600868226,1615.080112458,1429.4801025391,1430.4401130666,1400.3401069641,1358.3001022333,1180.800094604,1320.4400825504,1396.3601074212,1447.9601135259
PC (42:4),-0.1026428168068817,6.758576945227226,2.301296835948314,0.12926603195890624,0.3121907259207654,866.7 -> 184.1,PC,1200.1800880433,1186.2000808715,1244.3000946046,1165.90007782,1290.3200988773,1211.240089416,1203.2400856016,1209.7600784301,1194.7200737001,1227.6400909421,1215.0200881958,1249.8800926208,1185.4600944518,1474.7801170349,1135.7400817871,1171.0600776671,1128.9200859069,1102.0400886535,1346.8200988768
PCp(42:4),-0.10276623253621715,6.662734994362733,2.2944603521570768,0.1298363299390099,0.3121907259207654,850.7 -> 184.1,PC,1084.9200782776,1196.6200866698,1110.0400695804,1261.4000892641,1182.6200828549,1120.7000923156,1143.5200729368,1045.1000709534,1101.4800720214,1202.7000732423,1114.6000785828,1130.6200866698,1259.4400901791,1155.6200790401,1066.8400726319,1109.3400764466,1080.0600738526,1104.4600753784,1170.1000900268
Lyso_PC(18:4),-0.10208205043282223,6.671349393411241,2.264937074273476,0.1323315870735691,0.3146551070415976,516.3012 -> 184.1,PC,1120.8200798031,1153.6600761417,1065.660079956,1176.340084076,1192.7000846868,1167.12008667,1162.6800842285,1163.7800788878,1097.8800773618,1180.9400901798,1188.1000900269,1040.9000663757,1137.8600769047,1035.4200744627,1183.6000862122,1267.6000900275,1166.2200737001,1063.8400764467,1195.5400886536
C18:1,0.09634407066970753,13.122265750236187,2.2093474642740603,0.13717668409463532,0.3171182237793464,281.3 -> 281.3,FFA,113441.56808474,105922.94797515,97924.586822522,118841.168022181,116855.048336037,117175.20861054,112374.608390793,110282.547431907,112267.087894424,90260.6460380409,90514.8066940389,85988.5660476652,112072.008064292,115347.307968156,112873.587631232,95097.8667297224,90715.8058776414,83158.4454803527,27126.7419319159
PC (32:1),0.09641632885116529,10.759493570408566,2.2022096921421834,0.1378130598667253,0.3171182237793464,732.6 -> 184.1,PC,25152.7015762369,25246.2214241042,24702.8613967835,21612.4813957248,20968.2413749878,18795.9013862421,15247.7211265531,15297.8010826124,16337.5013160723,17616.1012878345,17424.7812271124,17108.3613205103,18915.3014488135,18626.3614959813,16488.4012451178,17360.7212562508,18054.121322629,17575.1012382423,30069.9421653802
PC (36:6),-0.10121635734438673,6.670480053102832,2.2249721026294553,0.13579510997694774,0.3171182237793464,778.5 -> 184.1,PC,1084.1400718689,1190.1400833134,1088.380077362,1147.3200759886,1163.2800865168,1052.660079956,1132.2600936892,1196.1800842286,1159.0000801085,1100.6400794983,1213.0600852962,1112.6200752257,1012.9600715637,1110.8000717165,1207.7200889584,1092.1000709532,1128.0600814818,1194.5800895694,1371.6601104736
C32:0,-0.09553136486670553,11.864528871880463,2.169009188967607,0.14081693637342788,0.31795052823452524,479.4 -> 479.4,FFA,40550.4429473951,39164.1227188083,37844.2626266493,42012.9828491242,46398.723106376,45975.7030181743,45471.3229827906,45355.7632751365,47171.583511348,38894.1628494291,40702.6629905676,41917.9428291354,45560.7833976679,45267.1430664057,45231.4230308541,42682.2030830427,44625.3830947899,42323.9229240503,18435.8812904344
SM (d18:2/20:1),-0.09939616545736525,6.810625555955402,2.1654177269060852,0.1411462625340182,0.31795052823452524,755.6 -> 184.1,PC,1269.2200927737,1526.6801071178,1386.5200958248,1452.1600952159,1240.1800880432,1171.8600845341,1095.9800834654,1107.7800827027,1148.1600837709,1287.6000900269,1203.9600868231,1320.2000808717,1333.8800964354,1118.7200851442,1198.2400932307,1245.4400978083,1359.6400909421,1261.0400810243,1233.0800857543
Lyso_PC(10:0),-0.0973792502515647,6.9750269228874675,2.096320535079517,0.14765408753646025,0.32783910765416135,412.2386 -> 184.1,PC,1379.7201080327,1522.0600852975,1493.7401123043,1526.960121155,1444.4601020811,1249.2400970458,1281.6000862119,1587.8201293937,1266.140083313,1310.3801002503,1207.2200889589,1107.4400749206,1836.6601371763,1170.4600753778,1599.4400939942,1506.920124054,1337.2200965878,1608.5001220704,1438.1001014708
PC (46:2),-0.09781190929383074,6.615738383471259,2.0725583394998237,0.14996976723142846,0.32783910765416135,926.8 -> 184.1,PC,1069.0600700377,1153.9000816344,1123.3000793456,1142.8000907896,1094.920085907,1090.0400733946,1071.4800834657,1118.2200813292,1073.0200843809,1075.0600814818,1075.0200843812,1101.7800788877,1060.5000648499,1153.3600997928,1127.1000862122,1084.2400665282,1112.8800697327,1089.1600761413,1123.5400848387
PCo(38:4),-0.09662815689872097,7.050389789530737,2.0709098980423652,0.15013192780424212,0.32783910765416135,796.6 -> 184.1,PC,1550.4201164237,1610.1601142878,1598.4401283271,1502.1201019277,1445.1601028441,1458.4200935369,1372.8201026916,1323.4800910947,1513.7000961304,1543.3800964361,1503.7401008607,1386.3001060482,1417.6400947575,1471.3200950627,1477.5401115419,1379.5400733952,1455.9600944515,1637.3401184082,1672.9201049786
PC (42:7),-0.0958209881444022,6.590290166246605,1.9852100238597359,0.15884261587793003,0.3410889950925308,860.6 -> 184.1,PC,1097.9800796508,1077.780078888,1039.2000732422,1145.220077514,1033.0200767516,1155.0800857544,1106.5000724792,1022.5600738524,1060.4200782774,1037.2200698852,1099.4000740051,1131.2600784303,1080.7000846861,1068.7600860596,1046.1600799561,1106.4800758363,1044.7800712584,1049.2600784301,1176.7801017763
PC (44:5),-0.09556299114956138,6.635765532841321,1.9800287231356513,0.1593873808843602,0.3410889950925308,892.7 -> 184.1,PC,1118.8200798036,1172.8400917055,1131.7600860596,1067.680076599,1072.7200851438,1070.0400772094,1116.260082245,1102.2200775145,1185.1600875851,1144.8200798034,1158.1200752255,1073.2600746154,1074.0600776674,1128.0000801085,1122.8600730895,1080.7000770567,1102.0400810242,1079.9800720216,1237.7800827023
C22:5,0.08969102022118546,12.192095148779085,1.912921902804129,0.16663904989223755,0.35307679878157266,329.3 -> 329.3,FFA,55654.363857268,54535.624038714,53930.443778974,60030.984306318,60222.964157103,59152.4640121295,59402.5238952546,58906.8242340255,58694.9642181283,50775.9235534606,49232.703418738,49178.483489983,53650.443870519,54141.3441772497,54778.703800191,48163.323486329,46853.2231368895,48281.7233047429,25730.0218963637
PC (46:0),-0.09276844400343774,6.621993064690572,1.864872483350204,0.17206349754287809,0.3609959654330972,930.8 -> 184.1,PC,1063.7800788879,1151.3000793459,1106.1200714113,1071.6800804138,1119.0400657654,1120.7400856019,1145.5000839235,1083.0200767517,1124.2600708008,1098.2000732423,1136.0200767518,1129.9000740048,1125.9800720214,1068.7800788878,1087.1800727843,1084.200077057,1061.000076294,1099.3200759888,1156.5200881956
PCo(32:2),-0.08891973454812174,7.910842286893219,1.8117552698143626,0.17829781214028326,0.3704439980390351,716.6 -> 184.1,PC,2449.5601692204,2976.7802009586,3039.0802268988,2866.3002281184,3089.5401725777,3038.2802391065,2489.8401794439,2420.6801681524,2588.9401855475,3017.620189669,3038.8202133168,2762.6601791382,3000.8402214055,2891.3802299484,2743.5402030951,2652.6401481636,2546.4401626589,2034.0001297001,1774.3001251216
Lyso_PC(22:6),-0.09028453084254788,6.7858449189247265,1.7829174978913098,0.18179148222531266,0.3740709345790087,568.3325 -> 184.1,PC,1372.3000907899,1113.6000938414,1254.6600837703,1281.7000885013,1391.3400955199,1142.3600845337,1235.3200874328,1219.1200828553,1121.6200790406,1045.1000785828,1193.4000816345,1131.380073547,1416.0801086423,1249.6800880437,1283.3600807194,1238.1800842287,1290.4200744631,1168.9000778197,1440.7400932321
PC (42:8),-0.08824352015040485,6.583223114708865,1.6831204299529015,0.19451033626229883,0.38188267853332064,858.6 -> 184.1,PC,1062.8600654601,1032.5200767516,1084.8600730897,1023.6800804137,1132.8800849917,1064.0400733946,1098.0000762938,1169.2800788875,1061.4800758361,1086.480079651,1050.7200813294,1111.9400749208,1047.1400680541,1024.0800781249,1027.8000602722,1106.6200828555,1034.4600715636,1114.0600662233,1135.1600799561
PC (44:1),-0.08831428396675907,6.615711504494696,1.6884358238913273,0.19380729039346636,0.38188267853332064,900.7 -> 184.1,PC,1068.7400741576,1082.7400741574,1120.0600776674,1100.0000724793,1127.1800765991,1129.8000793457,1061.7400779723,1098.8000717163,1104.9000701901,1084.7200736999,1084.8800735475,1090.7600784301,1079.0800819397,1082.6200714109,1067.7400741578,1096.2200775146,1068.6000823975,1112.300086975,1290.9400863647
PC (44:2),-0.08911090018122513,6.635796139639364,1.7222305144188699,0.18940618180952265,0.38188267853332064,898.7 -> 184.1,PC,1078.580078125,1108.1400756834,1161.3200759888,1056.3400726319,1104.0200805665,1122.3200912473,1209.620082855,1165.8800773619,1090.0800743103,1061.3000755308,1124.7600784298,1142.8000831602,1062.700084686,1086.7600746152,1117.5600814821,1072.2600708008,1072.7200775147,1231.5600891108,1157.5800895688
PC (52:0),-0.0886219036281455,6.542004368783235,1.6932137275754053,0.19317787037133846,0.38188267853332064,1014.9 -> 184.1,PC,1033.6600685118,1046.5800743104,1021.5200767518,1098.2400856017,1025.4200668335,1076.2000770568,1031.0800743103,1050.6800727847,1079.2200660707001,1027.6800727842,1041.9800720214,1110.9000778198,1028.6600723268,1037.0000724792,1050.6600723265,1027.7600822448,1009.4400749208,1013.2400817868,1088.6200675965
SM (d18:1/24:1)15Z)),0.08512057487800918,8.849861852737577,1.6866065276539075,0.19404890821979412,0.38188267853332064,813.7 -> 184.1,PC,6173.1604080202,5666.9003524771,5666.560394287,4475.100357055,6202.5404815688,5105.1803512583,4231.3402023324,3845.3003273015,3457.7202682496,4305.5803184503,4527.7202987676,4651.7802925109,4789.9203910815,4569.6602554313,4911.8403320255,4121.9402313232,3212.8202476505,4207.8402519216,15759.3212776419
SM (d16:1/22:1),0.08587671063398794,7.37473942537487,1.6571139390022225,0.19799344494901994,0.3851872474462752,757.6 -> 184.1,PC,2141.3601531985,1903.2001075748,2184.4601783771,2135.1801490774,2030.660163879,1824.1801300052,1778.4601440424,1581.4600982669,1983.1401557922,1735.4801254259,1711.620128632,1625.600120545,1646.0000839228,1362.4000854494,1814.0401344301,1769.7601356502,1589.8201179514,2083.5801353445,2675.6801986686
C14:0,0.0827953107302523,13.501492047849153,1.632112282652713,0.2014111389575158,0.3883061597919674,227.3 -> 227.3,FFA,151063.990203864,137294.169860836,130372.909332302,157432.471282927,155604.131973237,149318.670211772,138796.909271242,134870.509551982,137417.409896847,131715.84912108,125662.729629514,125005.629272471,133944.529708875,139494.890197737,135568.709777814,124066.669006357,112569.268005359,107286.947799668,54649.503845207
PC (40:7),-0.08558946976694977,6.719222990336093,1.5957452888601278,0.20650720902313097,0.39108444894646044,832.6 -> 184.1,PC,1168.2200737001,1186.7400970458,1382.6800994877,1064.920070648,1196.200092316,1196.8600959775,1103.1600914007,1143.5600776672,1178.2200737001,1150.8600883481,1123.2400856019,1314.360107422,1195.060092926,1124.80009079,1169.1600761412,1074.4800720217,1160.4600715641,1155.6400909422,1431.160095215
PCo(38:6),-0.08545737306343111,6.862643301601214,1.6027405491679598,0.20551526697994235,0.39108444894646044,792.6 -> 184.1,PC,1160.0800819396,1337.9801025389,1363.9000816334,1373.7000999442,1263.6601028442,1275.3000984193,1285.1600875854,1296.0800857537,1267.9000930788,1247.0600852966,1358.9000930793,1248.8200950619,1430.2800941468,1315.4200973515,1207.600082398,1224.2800941462,1268.4800834657,1164.6800880433,1812.2601394659
Lyso_PC(20:3),0.08195484834939754,9.634577364376335,1.5817438269869228,0.20850968802184575,0.391412923128728,546.3481 -> 184.1,PC,11777.9408836357,12294.2008743322,10612.720848075,9123.6405563339,9220.5806465109,9196.1205711341,9661.2007713267,8632.5005607578,8805.4406166065,10156.4407920876,9363.1606636064,11005.0408248979,9208.5806770337,10456.4008445772,9026.9606018091,6629.9005126961,7059.2204742431,5779.0803642279,2050.5401153562
Lyso_PC(19:0),-0.0823368160134618,6.734940636442949,1.4792462486544729,0.22389249093392594,0.4130430436194841,538.3794 -> 184.1,PC,1186.2600784299,1263.2200965883,1240.1000862122,1150.7000808712,1080.5000724793,1094.9000816343,1256.2800979611,1257.5600776667,1307.5000762934,1084.8400764464,1168.8400878905,1068.280086517,1189.3800773624,1263.7200889586,1347.300106049,1102.1600761413,1244.3600807187,1201.9000778201,1244.8400917054
Lyso_PC(9:0),-0.08219843991577647,6.9060011418052225,1.4885270479286348,0.2224451373653925,0.4130430436194841,398.2229 -> 184.1,PC,1194.9800910949,1399.4000968926,1229.3000907897,1660.1001167286,1330.8600845336,1445.120101928,1298.8600997926,1392.3800926209,1277.1200828553,1504.7001037599,1285.9400978084,1072.100074768,1465.7201118468,1499.3001022333,1312.2600784308,1242.6800956726,1225.4800872803,1427.2801132201,1367.9001121521
PC (40:10),-0.08093894113102196,6.689630767243072,1.4254592279778038,0.23250692674923087,0.4157020809862865,826.5 -> 184.1,PC,1178.6600914,1307.3000907897,1067.0000724792,1121.340084076,1150.1600723266,1185.9000854497,1178.6000862122,1134.1200790404,1177.2800865175,1146.0800895693,1139.600086212,1112.1400794983,1173.4600906371,1176.9800796509,1146.8001060484,1122.8000755313,1180.320087433,1117.9200744627,1235.7000961304
PC (48:2),-0.08099873511533288,6.6199867989813015,1.4218206178369144,0.2331039706465158,0.4157020809862865,954.8 -> 184.1,PC,1069.5800819395,1113.6600723265,1226.1200942993,1057.7000885007,1082.6600761413,1220.7400856027,1096.0800704956,1101.8200721742,1065.4800834654,1087.4600677492,1131.2800865173,1105.7400741576,1104.4600753785,1067.0800704955,1094.6600761412,1114.7200775146,1054.4200782777,1097.0000839233,1111.8800811767
PCo(32:3),0.07826273071750826,10.090370047736384,1.4470235093535422,0.22900615672115995,0.4157020809862865,714.5 -> 184.1,PC,14475.861007693,16181.800964356,16556.180892938,12590.860961916,14225.180984486,13517.320999138,11378.980827335,11722.5407791129,11726.8808288563,11311.100769044,11946.940902706,12453.400924672,12444.920959472,13292.920974732,13369.660919187,10426.760787965,12016.0008087141,10547.620773315,2886.2202224731
SM (d18:1/26:1)17Z)),-0.08120747354162484,6.718852801589117,1.4354402607832135,0.2308786329356497,0.4157020809862865,841.7 -> 184.1,PC,1273.2400970459,1186.7200737,1313.2400894164,1146.520088196,1114.4800758362,1094.7600746153,1188.2800941467,1105.0400810242,1116.3800735473,1103.540081024,1091.7200698852,1324.6400909419,1082.1400680543,1261.2601013185,1168.240070343,1074.6000785828,1110.560070038,1145.9200744628,1631.9601097123
PC (42:6),-0.07951268270842177,6.633099013195958,1.3704711872870146,0.2417309437168915,0.42446244771540986,862.6 -> 184.1,PC,1180.5400772095,1062.0800743103,1117.5600738523,1290.6800918579,1158.2600708005,1026.5200767515,1063.8600769043,1143.0600814818,1020.4000740049,1019.3800773619,1077.9600830078,1045.1200714113,1175.2600746155,1049.6600646972,1213.1200714111,1110.1400794983,1025.2800750733,1166.4000778198,1265.7800827023
PCo(44:4),-0.07943823980974847,6.6402826244311814,1.3690029498439489,0.24198326458542058,0.42446244771540986,880.7 -> 184.1,PC,1211.0800933843,1080.0400772093,1069.800086975,1109.8400802611,1159.6000709536,1199.2800827025,1174.5800743104,1065.9600715635,1088.6600685121,1087.2200813295,1085.4000854494,1118.2000846864,1104.2000694273,1093.9000663759,1127.90007782,1069.8400764467,1181.3800773614,1097.2200813294,1181.3400993342
Lyso_PC(18:0),0.07576183747157822,7.540104205755804,1.2976418025222607,0.25464442517584485,0.44303989420838047,524.3638 -> 184.1,PC,2025.7801475525,1979.7401008616,2743.420181274,2609.2601890566,2008.4201278686,2118.8801422117,1836.5401229849,1907.3401374813,2318.7601394661,1827.40014267,1809.400119781,2135.4801635752,1788.1801414494,2154.9801597589,1973.5001182547,1988.8001594544,1893.9001426696,1672.6601066593,3154.5402030936
C26:1,0.07344514847662462,12.408368747392766,1.283152429279312,0.2573137162447955,0.44407367158375993,393.3 -> 393.3,FFA,62223.7643165475,63601.2248764001,61417.9841575704,72014.505271893,70403.8650894041,71404.965084023,67469.8247833267,70016.4253616553,67931.4450111068,56095.9639282058,59053.2443351696,59633.3441238093,63778.324741391,65425.9246978423,64211.224395746,55798.8642311023,56387.8638915743,55847.6037979149,19580.181320189
Lyso_PC(17:0),-0.07483306055415748,6.829300986207301,1.2264978999256488,0.2680891957977718,0.44545959571001253,510.3481 -> 184.1,PC,1310.340087891,1261.7000808712,1214.6400947567,1342.7600822449,1346.1400947567,1071.2400665282,1287.1200828551,1260.7000885011,1282.400085449,1237.4001007084,1163.3000793457,1330.44008255,1152.3400802611,1232.5200881957,1187.4000930788,1389.8000793452,1208.8200874331,1223.5400886535,1821.1601409909
Lyso_PC(17:1),-0.07507759288586445,6.780360024724524,1.233330717374999,0.2667602693901611,0.44545959571001253,508.3325 -> 184.1,PC,1214.9200935364,1225.6200866697,1092.2800865172,1275.9600830086,1172.6600914006,1553.5600852966,1175.9200782775,1331.6800880436,1202.9800834648,1103.7000846861,1313.7200965874,1173.980091095,1141.7600784303,1190.600074769,1274.1800880433,1255.1600914,1254.4600944514,1283.5801010133,1236.9400978088
Lyso_PC(24:0),-0.07492989086363772,6.745104423425753,1.2242678420771425,0.2685247095635122,0.44545959571001253,608.4577 -> 184.1,PC,1191.3200912479,1167.2200736999,1170.520080566,1148.5200805663,1262.4200820926,1169.1600799559,1342.5801010127,1056.6600723268,1275.4200935363,1178.3600883484,1108.8200759887,1264.6200828551,1159.7600822453,1086.8600807187,1280.0800857547,1257.8800888061,1087.7400779725,1129.2000656128,1608.9201240539
Lyso_PC(4:0),-0.07506594781353801,6.929584299891261,1.242653612874144,0.2649602501424386,0.44545959571001253,328.1447 -> 184.1,PC,1328.0600929263,1293.9600791934,1383.5801086427,1527.9601020798,1325.5800971981,1407.9400901805,1418.020103455,1343.1200866696,1392.1001091,1284.9600868226,1578.5401077268,1184.1600799561,1373.1601142884,1498.8600883479,1377.1000900265,1266.5400962835,1273.0200996398,1328.1000747678,1472.6401100161
PC (42:9),-0.07593871727278109,6.594532288396587,1.2472822717572205,0.2640721841410605,0.44545959571001253,856.6 -> 184.1,PC,1065.4800796509,1157.0600776676,1152.9800910951,1056.0400810243,1203.1200790405,1029.0400772092,1055.8400688171,1070.2000846861,1048.0000801082,1058.3600769043,1020.960067749,1022.5000762939,1136.4400901796,1071.7800750731,1036.2200660705,1114.8600845339,1130.7000808711,1037.9800796507,1175.1800880432
PCo(42:4),-0.07394020306477768,6.639279723115924,1.1860737531949361,0.2761229597774706,0.45107109459831074,852.7 -> 184.1,PC,1193.2800788882,1179.0400733949,1259.9800796513,1095.7800788879,1088.8600769044,1104.8000755314,1079.820072174,1037.9000740052,1136.7200775144,1026.8400802611,1199.4400787357,1022.7200660707,1081.0400772093,1163.1800880432,1088.480079651,1199.3200759883,1091.0800743102,1076.2600708011,1166.5200843811
PCo(42:6),0.0736965516368105,6.895470281074425,1.195824867299958,0.2741577524662122,0.45107109459831074,848.6 -> 184.1,PC,1364.1200904845,1369.4201049803,1443.2801055904,1353.3400993341,1441.0801162723,1691.2801284794,1456.6001205449,1336.7000999446,1383.3200912483,1377.9201049808,1241.8201026917,1349.1000976567,1266.4000968933,1137.0400848389,1212.0800895692,1254.5600967409,1128.9800682068,1352.9600982661,1308.8400802607
PC (34:6),-0.07298048521763525,6.6435511551663335,1.1550180368204925,0.28250115715733753,0.457994300239926,750.5 -> 184.1,PC,1156.4800834657,1105.0000724789,1078.6600761414,1124.3400917054,1146.4600906371,1137.0600814819,1122.2200660705,1081.9400672918,1178.2000732428,1096.4800834657,1064.6400794981,1041.9200744628,1052.7200698851,1207.220096588,1179.3000755304,1100.3400802607,1119.4200820924,1041.5600662231,1342.5800895687
Lyso_PC(11:0),0.07199289193543082,6.93366803622652,1.1434139212694436,0.2849321028487161,0.4580502982392825,426.2542 -> 184.1,PC,1242.2400741574,1504.9600944515,1215.70009613,1594.8801040641,1621.360126495,1417.2801055904,1462.5800895691,1464.9001083376,1637.2801170348,1398.060092926,1191.920074463,1419.8401069634,1299.9800872811,1396.6000900269,1229.6000900266,1164.6000785824,1301.3200798034,1231.1601028442,1370.0200881962
PCo(32:1),-0.07051043125737794,7.82411591627258,1.134504568475684,0.28681654188814887,0.4580502982392825,718.6 -> 184.1,PC,2534.1001930229,2728.1801986679,2548.9401817306,2882.6001892072,2383.1001472454,2871.9001922604,2265.0801696764,2187.0801506052,2249.0601768482,2345.5001754755,2568.0802116391,2662.5601997369,2412.0001754769,2918.7401847834,2248.0601463335,1969.4001579275,2399.5801773066,2564.9001502997,3835.0202789303
PC (42:3),-0.07127774276815345,6.71976656155658,1.107850098979048,0.29254976718281706,0.4637455568675767,868.7 -> 184.1,PC,1201.5600852973,1121.0000839232,1085.8400802615,1328.5600967405,1167.1600799563,1357.8000831611,1133.5200805663,1198.1400947571,1207.4000892636,1209.6200866699,1245.4200897219,1150.0400810242,1112.360080719,1264.960102081,1121.0400848388,1190.5000801092,1112.0000648497,1133.0400772095,1175.7200889584
PC (40:5),-0.06926327155019821,7.236077640201041,1.0738029937660887,0.3000880168455784,0.47219732062466013,836.6 -> 184.1,PC,1576.2201194762,1969.8001441953,1790.9401397707,1776.0001182558,1757.0801200868,1623.9800949087,1642.060111998,1852.4801330573,1518.2601165768,1587.240100861,1716.2401390076,1875.4201316838,1696.8001213092,1990.3601608273,1658.740116119,1571.04011917,1573.5401191713,1469.9201087955,1580.840114593
PC (36:0); PCp(38:6),-0.06859645260944514,7.157681658156486,1.0465670576589403,0.3062990511859889,0.4784525325095009,790.6 -> 184.1,PC,1582.9801063556,1719.7401084909,1831.3801422125,1582.5601043692,1688.2401084898,1510.1200828547,1383.3001098631,1434.6600952147,1306.6800880432,1562.100112915,1400.7201004029,1308.58008194,1541.5401039132,1815.8401107791,1557.300121307,1864.6001205448,1250.2000846864,1396.5601081848,2908.0001907348
C20:4,0.0629749977500738,10.847651795208602,0.9401475429672104,0.3322399002712625,0.5032943892119964,303.3 -> 303.3,FFA,23287.6816101054,22444.601570128,22336.6416091916,21956.5616264317,23270.6016807554,22692.4815063471,21223.0615272546,21849.9015769987,22581.921524045,21240.9615249638,18361.1412506085,20815.5214271547,19877.2013473486,19755.2213287308,20586.1214828505,20284.2815628044,19110.4212989835,19282.8213081313,13304.8209495521
Lyso_PC(18:3),-0.06616221483355002,6.7892954685561095,0.9583000158268984,0.3276155595271798,0.5032943892119964,518.3168 -> 184.1,PC,1422.6400985723,1185.7600975041,1235.4400863647,1181.3200912475,1240.4200706482,1139.1600913999,1195.6400756838,1301.7400932315,1432.1200981135,1195.6200866702,1228.1600875852,1229.4200935363,1260.5400733947,1431.1600913991,1200.6400985715,1164.0200843812,1072.0200767513,1256.4400863649,1267.1400909421
Lyso_PC(20:0),-0.06630551428860519,6.853261924372298,0.9653202060752157,0.32585008573046875,0.5032943892119964,552.3951 -> 184.1,PC,1263.6600914004,1542.9601097096,1288.9600906369,1270.400093078,1208.4200820923,1327.7000999444,1170.1200904845,1474.4601097113,1226.7200889586,1322.3400878911,1248.3400840759,1280.6000976559,1336.1200981134,1239.7200851444,1171.3000717167,1319.8400917054,1381.0000953672,1147.7600746155,1487.4201164254
PC (42:2),-0.066173757484238,6.643976710153534,0.9502631342783725,0.32965232779472037,0.5032943892119964,870.7 -> 184.1,PC,1234.340084076,1170.7400779731,1083.1400756837,1092.8200798034,1095.3000793455,1089.3400840761,1189.8200836181,1176.9000816346,1099.9400787354,1110.6000785827,1073.2800788877,1097.4600753784,1107.6200828555,1122.7600822454,1111.0400772097,1131.8200874326,1107.8000793458,1090.7200813295,1175.6600875854
PC (44:6),-0.06558058725907694,6.640717085219401,0.9334745210498872,0.33396169751450233,0.5032943892119964,890.7 -> 184.1,PC,1171.300086975,1091.0400848386,1083.0600738525,1091.8200721743,1095.5600891112001,1095.0200767519,1103.6600761414,1227.9000854489,1295.0200996393,1146.5200767518,1073.5200805661,1101.9200782776,1098.2200775146,1152.3800811774,1098.1600761413,1126.4800872802,1066.1200752258,1108.9600753782,1079.8000717161
PCo(38:3),-0.0644204070742985,6.962496034941941,0.915731223106345,0.33859831568153304,0.5067135633276089,798.6 -> 184.1,PC,1564.7200965879,1451.2800941468,1613.5801124565,1358.4801063541,1318.300106048,1566.3001060493,1339.4000816348,1189.160079956,1174.9600753787,1302.7000923158,1436.8400955194,1386.4001045217,1328.0000953675,1224.6800842282,1421.7801055904,1289.7400817878,1346.4400939947,1463.9601097104,1904.8401412966
Lyso_PC(15:1),-0.06281893522916034,6.706746493244957,0.8598834237152957,0.3537713166753068,0.5157425773141191,480.3012 -> 184.1,PC,1146.220085144,1082.4600753784,1175.2400856017,1202.9200820923,1271.5600929254,1294.0000877375,1350.2001075751,1074.3000717163,1145.8600845334,1273.9000930791,1185.3400878906,1225.5800857547,1068.0400810239,1138.8400650026,1097.5000801087,1142.5800819396,1078.3800697328,1204.0000915526,1147.4200782776
Lyso_PC(16:0),0.05808427574437918,9.985186677331631,0.7963838911930452,0.3721767305098521,0.5157425773141191,496.3325 -> 184.1,PC,14417.321170811,15462.1009178012,14404.2809639004,13391.5008964606,13054.9810066185,12990.9008979702,9012.0805549579,8731.3607253974,8695.0005798482,10084.3006515496,10578.6806831325,9676.8006820623,11751.7407798804,12486.6408767695,11967.000953675,11007.3209190349,10260.7406883232,10519.3807029825,8730.3005790731
Lyso_PC(19:1),-0.06306774190966807,6.752041975271908,0.8684863084826873,0.3513747035216724,0.5157425773141191,536.3638 -> 184.1,PC,1070.7800750734,1232.540088654,1191.1400833134,1154.5000915525,1435.7601165771,1314.3201065063,1226.2400932314,1174.1000938423,1212.9600944518,1120.0400810243,1205.340072632,1156.3600730894,1138.2000808715,1131.6200714113,1089.4600791931,1277.8801040649,1160.7200851435,1384.4401016241,1345.6800880439
Lyso_PC(22:0),-0.06146511951792532,7.155583043841489,0.8420400490878102,0.35881396687834743,0.5157425773141191,580.4264 -> 184.1,PC,1553.0801124573,1505.8601074215,1637.3201179495,1610.8401107769,1985.4201431278,1615.660118103,1768.9801330566,1329.7600860595,1541.3401031483,1425.7800903314,1560.7801055913,1652.7601280214,1655.0801200868,1472.1200981131,1543.8001174921,1530.180107117,1408.1401100144,1838.4001388547,1851.7201271059
Lyso_PC(22:4),-0.06177229210952918,6.802993376414901,0.8361484968778399,0.36050063102066726,0.5157425773141191,572.3638 -> 184.1,PC,1184.0400848388,1181.180080414,1112.380088806,1063.0600776673,1162.0200767517,1456.5801010121,1498.5201110844,1522.600097656,1309.9400939952,1415.9000968936,1335.720100403,1188.240070343,1213.3800888059,1212.4400749208,1228.2800903314,1186.2800865175,1272.7000885011,1093.4000816345,1206.4200859068
Lyso_PC(6:0),-0.062049486807465026,6.932695560110062,0.8491569100131571,0.356790953271372,0.5157425773141191,356.176 -> 184.1,PC,1198.6800880426,1292.5600967408,1564.7201271054,1298.2001037597,1448.5000991827,1313.240081787,1348.9801101682,1515.6801071163,1503.8801002495,1190.840084076,1264.2000885017,1334.4800949097,1409.5801010131,1307.8000831608001,1669.2801055913,1408.3601036068,1159.1200714112,1385.9200897213,1510.2200965888
PC (30:0),-0.05801761961591334,9.6018670142026,0.7918150208447656,0.3735518667462078,0.5157425773141191,706.5 -> 184.1,PC,9942.8807945275,10882.8408393874,10157.920738218,7651.2806014972,9284.7005729585,8863.3605728073,7437.0806236267,6101.8004837046,7042.5605621384,8353.1607246421,9296.7406959557,8448.5606384286,8000.7406043929,8334.1405983003,8060.7806243854,8503.9006004318,8239.2205772346,7477.6806030297,14715.5011749146
PC (36:3),0.059671166728032625,8.157936213518031,0.8193000646879369,0.3653848899527561,0.5157425773141191,784.6 -> 184.1,PC,3841.9002304077,4107.8002700802,3698.7602348321,3557.8602294921,2869.0602188107,2866.2402114866,2475.60017395,3222.8202552787,2834.5801773085,3306.5602722162,3131.8402175914,3208.2402420047,3108.2602119439,2537.3801574698,2890.800178529,2681.8401947021,2541.9001693713,2863.2402038562,5613.9203796379
PC (44:10),-0.060484435386058105,6.764954948271983,0.80001365661776,0.3710892864501419,0.5157425773141191,882.6 -> 184.1,PC,1202.40007782,1151.8000831603,1113.260070801,1324.4200897217,1391.8201026916,1179.7200775146,1229.2800941466,1353.7400970456,1268.8200988769,1287.3200912481,1195.9000854493,1203.1000747682,1159.640079498,1154.5800933837,1249.0400924682,1206.4200859076,1127.0400848388,1278.0400772095,1145.7400817868
PCo(32:0),0.0598217707624912,7.583329372110555,0.8094423491248577,0.3682851717081549,0.5157425773141191,720.6 -> 184.1,PC,1828.6201438902,1764.7801094055,2134.8801460257,2529.7601928714,2975.3602485647,2711.7802085873,1780.8001403803,1911.7601203925,1987.5601501464,2104.0401382445,1969.8401260388,1784.8201141372,1835.8401260379,2520.7201538081,1593.160118103,2027.9001464833,1785.7401199345,1853.9401588441,4154.520263672
PCo(34:2),-0.060530213678005415,7.436327960742042,0.8253303560951046,0.36362629015502623,0.5157425773141191,744.6 -> 184.1,PC,2133.500141144,1966.2401504506,2222.6801338183,2233.1401443496,1573.6001090991,1731.5401344288,1828.0401344307,2054.0201301573,1640.6201286311,1723.1001281745,1642.2401237486,1815.9201240533,1838.3001289373,1933.3401298526,1778.960109711,2168.880168914,2289.7001724248,1643.8200988757,2849.9401931778
SM (d18:2/22:1),0.06126424825170715,7.3189625803934515,0.8406868594888586,0.35920040254655605,0.5157425773141191,783.6 -> 184.1,PC,2279.2201538086,1863.4801292416,1884.7401428233,1860.6201133719,1668.6001205433,1994.8801460261,1755.6801147472,1425.3000946044,1726.700134277,1723.9201087961,1702.6801261902,1706.3201332089,1715.36013031,1421.3000984187,1586.8401260371,1460.1001129151,1571.4600868228,1745.5001411428,3191.4002113351
PCo(36:5),-0.05966429757598632,6.812522632833784,0.780246621491969,0.37706572478676587,0.5172568275921019,766.6 -> 184.1,PC,1360.4401092525,1307.1800918578,1138.8400802609,1373.400093078,1405.0201072689,1302.6800918576,1268.9800949093,1181.3200798031,1205.7600898738,1303.8200950627,1241.0600929264,1062.9000740051,1249.6600837704,1183.8600921632,1294.8200912469,1165.6200790407,1332.3800926212,1329.0000953676,1307.500095368
PC (44:0),-0.05949765409947012,6.619775191202341,0.7671194737971687,0.3811096438948991,0.5194742916783974,902.8 -> 184.1,PC,1111.6800880431001,1100.5200805664,1142.2000885012,1211.0000915524,1078.7000846861,1140.0600738521,1118.2800827026,1094.8800811765,1098.9200820924,1073.6400794979,1089.9000816344,1067.800075531,1106.4200782775,1093.7400817869,1118.9200782776,1077.2200813294,1070.6200790407,1077.3800849913,1137.26007843
Lyso_PC(22:2),-0.05711816432385954,6.762538119910096,0.7130690914016711,0.398426826901705,0.5362474274022947,576.3951 -> 184.1,PC,1097.300075531,1086.4200782775,1387.5400848387,1357.4601020807,1206.4200935364,1174.2600936884,1232.2200851445,1289.7600898739,1323.3001098629,1279.1200790402,1239.180084229,1226.8600997921,1085.180076599,1124.0400772094,1235.2200813292,1360.1200981142,1157.2800827027,1074.020072937,1251.6400833125
SM (d18:1/20:0),0.05544144842557524,8.894986437072298,0.7168708795938059,0.3971722394183524,0.5362474274022947,759.6 -> 184.1,PC,6046.3004608166,6713.2605514547,6579.7204780559,5591.4003601089,4937.460361481,5178.2804069518,4619.1203384381,4102.200271606,4410.1802482625,4799.3603172332,5208.9203949,4183.8603172311005,5051.9003334054,4527.3602943406,5099.5603103641,5055.0803642272,4532.1202926644,4599.2403488157,11250.0007553173
C19:0,-0.05385904258438086,14.5724009615544,0.6910000305833819,0.40582444141437435,0.5389728362209335,297.3 -> 297.3,FFA,274741.939331069,260776.237991289,270153.419342047,302350.600418082,302975.122222898,302732.002365105,302610.862457269,293811.100677474,300115.801513698,255445.478134169,264589.299484255,268173.618423451,294222.120147711,303917.22288511,301253.439132647,271967.299102754,277724.719711349,281972.219345135,67751.444732647
PC (34:0),-0.05412646091399419,8.3970105898696,0.6772767697824946,0.4105260388037951,0.5389728362209335,762.6 -> 184.1,PC,4374.5203208909,4161.9003219606,4026.6803169252,4154.1603126527,3696.2602653505,3688.7202491757,2509.9602012635,3278.2401962269,2835.4402236936,3798.1602668742,3188.1202392563,2902.4601898203,3716.4602928169,3612.3003005967,3707.0802650455,3878.4603042599,3377.9202690122,3377.9402198802,8230.9204902642
PC (36:8),-0.05575975375313699,7.227076464056974,0.6942481889216268,0.4047231619915488,0.5389728362209335,774.5 -> 184.1,PC,1642.6201210028,1739.9601135257,2079.640136718,1941.620121002,1702.9601402283,1697.820137025,1317.7201042176,1555.7001190176,1326.6000823971,1693.9401130682,1785.8801307679,1371.6600875863,1544.9601211544,1397.4000930786,1655.6601104731,1716.6601219185,1609.480117797,1688.1201171886,2613.340179443
PC (38:2),-0.05442959977698174,8.093896531379905,0.6792967956824576,0.4098289751854978,0.5389728362209335,814.6 -> 184.1,PC,3119.2002067569,3047.4801635743,3090.2602348329,2582.3802070606,3043.2402191165,2988.9002227769,2816.2201919559,2415.6801948554,2548.4202194208,2477.7401771547,3471.800220489,2609.3601570116,2867.12021637,2914.7402038561,2908.2602004993,2448.0401725771,2389.2201576234,2674.3201522838,8506.7006835846
SM (d18:0/24:0),-0.05316988464995873,6.944954201312794,0.6224485220487885,0.4301388526055144,0.5612787466925615,817.7 -> 184.1,PC,1345.3601036071,1466.7601165775,1397.1800918581,1519.3801078792,1197.7800750733,1264.7000961303,1428.5200958252,1334.8800926211,1309.7200889588,1247.7400817874,1331.0200996404,1482.6600875853,1175.260082245,1263.7400970458,1148.7400970458,1240.6401062002,1361.9600791927,1546.2401046756,2306.9801673888
Lyso_PC(20:4),-0.050983437278332905,6.757076904882317,0.5680793928766814,0.4510231253836441,0.5849633262551505,544.3325 -> 184.1,PC,1333.2800979615,1252.0000839234,1310.3200759892,1294.5400848388,1195.4601020811,1172.000076294,1343.6800994872,1147.5600852966,1117.8800697327,1205.3800849913,1280.3600883481,1238.1200904845,1218.2600860592,1280.0600929258,1083.9800796508,1097.1000785828,1045.3600692748,1299.9000892642,1189.5200843815
PC (36:5),-0.05015802374045706,6.80216759244292,0.5505846826261376,0.4580788915174537,0.5869992981121862,780.6 -> 184.1,PC,1229.4001045218,1211.6800804134,1391.7000885015,1161.2600784303,1396.2001113895,1329.0400962826,1127.740070343,1274.4400787351,1238.3400955201,1292.3200912471,1197.6000823976,1160.5600776672,1312.5601005553,1239.2200927738,1080.3000831605,1287.7400894161,1246.4200782778,1105.480079651,1590.3801193226
PC (42:10),-0.05070296189227149,6.609212485311648,0.5564482411161764,0.4556948504913861,0.5869992981121862,854.6 -> 184.1,PC,1203.4200744626,1042.7600631715,1061.5400848388,1065.6800689698,1111.3200836182,1144.2400779726,1123.6400833128,1054.7600669863,1192.1200904846,1069.2800827024,1031.0800704958,1090.960075378,1040.9400863646,1091.2400665282,1084.9800834655,1101.6600723264,1072.5200805663,1036.880077362,1247.7000961304
PC (40:4),-0.049305370912124245,7.04191183583719,0.5387766632859261,0.46294015946004013,0.5896975840740987,838.6 -> 184.1,PC,1390.5600967407,1522.2401161194,1643.5201110836001,1611.4201126105,1357.9600982662,1707.8801383973,1543.560100555,1191.8200836181,1458.8001022342,1304.6801033023,1420.0800971977,1488.9201049812,1333.8200874323,1341.2200927734,1652.3001136786,1314.3800926209,1538.0201072703,1502.7201118464,1865.8201408388
PCo(36:3),-0.047427194510526946,6.9657094056246756,0.4969174334707809,0.4808577156127272,0.608896752314341,770.6 -> 184.1,PC,1568.1001281732,1218.9800872805,1552.9401206964,1369.4001007085,1460.700099945,1601.2000961309,1246.0600929259,1480.4800949105,1334.7201004032,1435.2800979617,1319.5000953663,1327.5600929266,1559.9001274096,1279.0400848389,1554.4001083381,1391.1001014707,1171.1600837713,1297.3600921632,1579.2001075741
Lyso_PC(20:2),-0.04570445098164981,7.416247368898463,0.47127904000313947,0.4923993381169693,0.6198438726884201,548.3638 -> 184.1,PC,1899.620140076,2099.400150299,2124.0001640324,2198.7801589971,1987.3801574703,1903.980125427,1987.8801345829,2073.6801567082,1698.8401298526,2356.0001792913,2015.0001297005,2121.8001556385,1687.9801177977,1774.2801475524,2048.3201332083,1607.8001136782,1833.580127717,1790.8201141344,1244.6000823971
PC (44:12),-0.04606165946853301,6.6487606554138194,0.4606955891818707,0.49729906799171103,0.6223508804106793,878.6 -> 184.1,PC,1071.2000770566,1135.3400878907,1232.8800926209,1086.4200706482,1278.6600952143,1094.6000823974,1154.6000823978,1143.0200767518,1177.4000663755,1139.5600852965,1066.9400863648,1103.0000801084,1135.3600845337,1060.3400726317,1090.6000747679,1128.9200782774,1078.2600669861,1143.300075531,1109.660079956
PCo(34:3),-0.04487848571227615,6.836465242037479,0.4414534816801625,0.5064217546912441,0.6264407832596891,742.6 -> 184.1,PC,1347.2400932316,1277.3200874326,1227.7000923153,1315.5201148993,1388.2601127626,1400.7201156615,1244.8800926208,1249.5600814819,1148.1600837707,1236.9200935359,1095.7800827024,1248.3000907901,1397.9600944521,1171.3000717159,1162.3400993343,1309.6201019284,1256.4800834657,1229.6400985717,1751.7801246654
PCp(36:5),-0.04504202378148362,6.762741852337057,0.442811219644728,0.5057687110050635,0.6264407832596891,764.6 -> 184.1,PC,1376.8200988767,1354.9800910955,1246.4200973512,1102.2000808712,1335.3401031493,1129.0400886532,1206.3600959779,1197.100078583,1069.000076294,1152.7400817865,1156.9800949094,1086.2400894164,1139.2600822448,1210.8000869752,1249.1200866702,1165.6000785828,1150.9800910948,1245.6800918581,1663.080127716
PC (32:5),-0.04103310568807489,6.772091503811448,0.36815215615560604,0.5440132281921375,0.6690737404202151,724.5 -> 184.1,PC,1211.0800743107,1050.5600776672,1189.6400947569,1247.320098877,1266.8601036071,1295.0800933832,1486.5401229857,1197.8600883482,1320.6800994872,1036.2200698849,1224.3200759889,1400.1200904848,1232.0200958253,1172.0400772096,1265.0000877379,1224.7800865174,1113.2000732421,1108.1000823975,1323.16009903
Lyso_PC(2:0),-0.03789634709977598,6.949874412710754,0.3171536633148051,0.5733232310255199,0.6949829838861185,300.1134 -> 184.1,PC,1271.9800910953,1523.24011612,1368.960090637,1496.8400993344,1541.6201095574,1360.3400878902,1566.2401123039,1357.5400886534,1328.5200805671,1540.0801200868,1281.8000831609,1386.2401008612,1219.7800903319,1731.2801361082,1153.900085449,1416.8800926211,1171.1400794986,1328.9400939932,1384.0801010132
Lyso_Sphingosine-1-phosphocholine,-0.038519300513634835,6.761205629782655,0.32408278554966685,0.5691643094147485,0.6949829838861185,465.3379 -> 184.1,PC,1193.7400856021,1235.1400947576,1210.1800918574,1140.5800781248,1169.0600891118,1233.1600990294,1263.1200866705,1173.5600967406,1504.7601165777,1115.3200798035,1156.920078277,1159.420085907,1477.5001106261,1252.6000938411,1258.3000869751,1037.3200721739,1095.6200790406,1085.0800857544,1459.2001075741
PC (34:4),-0.037712811755654836,6.989288880065291,0.314680122897645,0.5748223745226307,0.6949829838861185,754.5 -> 184.1,PC,1270.2801017762,1366.6400909413,1357.4400825501,1996.5801582338,1448.4001121514,1481.8401222237,1615.2201156606,1346.9001083378,1279.7600975042,1542.3801193235,1479.9601058963,1279.7000999451,1474.5401115425,1234.1000900263,1318.2600898738,1469.6801109315,1441.9801063533,1301.3600921627,1440.2400932316
Lyso_PC(17:2),0.03631261465363607,6.750567302195907,0.2880541735709965,0.5914701682289595,0.7101194687310634,506.3168 -> 184.1,PC,1435.8801002506,1179.4600753783,1140.7400703434,1193.0400962827,1098.1000785828,1355.6800956732,1403.64011383,1232.6600990291,1414.9001235961,1122.1200866696,1198.3400955198,1065.2800750735,1220.2600936886,1230.5600852966,1161.5000801087,1135.0200805662,1036.340068817,1214.3000907893,1191.9600868227
Lyso_PC(21:0),-0.03614037005056669,6.693161041611502,0.2841739304465616,0.5939784341255157,0.7101194687310634,566.4107 -> 184.1,PC,1148.2400856014,1195.1600799564,1115.640079498,1161.8200874329,1194.5400886529,1202.8400955205,1248.160087586,1168.0000801083,1210.3400840759,1216.840072632,1071.1200714112,1097.6400718689,1203.0800781248,1072.0000839235,1163.5600776676,1071.3000869745,1138.7800827022,1106.6200752258,1338.8600997924
PC (34:3),0.033405059530822005,7.701515481107953,0.25375730807208186,0.6144417793527088,0.7305030043415538,756.6 -> 184.1,PC,2649.0801696776,2951.3401870727,2534.5401840204,2527.3401794432,2467.4201736449,2431.8001785278,1686.640106202,2146.8001403811,2323.0801849356,2242.2801780695,2100.4601516708,2486.4401779181,1813.5201187142,2103.340145111,2064.1201286313,2561.1401939392,2204.6601562489,2089.2801284795,3224.5402679439
PC (38:3),0.031948419529545184,8.061051446281887,0.2343759829279186,0.6282979167627452,0.73473089719796425,812.6 -> 184.1,PC,3290.6002426151,3707.9002571115,3190.8202209479,3211.1402206421,3319.5601844785,3149.5202178937,2628.4201965314,2382.7401962285,2625.4402046212,3032.0401916514,3110.2002181997,2506.5801658651,2754.4202232348,2755.0801696788,2754.3402175892,2373.8001670831,2662.1001625078,3008.2002410878,4873.6803550732
SM (d18:0/20:0),-0.03213263124036398,9.904802197351337,0.2434758703108244,0.6217068526118124,0.73473089719796425,761.6 -> 184.1,PC,11483.4407768192,13566.8808517378,12826.5406570344,10933.100715639,11588.2207756012,10408.7607460027,8390.6007423458,8824.0406150768,7866.5406188996,10185.300708771,10794.800720225,10102.840671536,8869.8206329263,10604.2405662428,10870.9407691995,10147.1207313486,9965.2807083175,9469.3007469136,19020.1812019292
SM (d18:0/22:0),0.032183169743697636,7.915499933511462,0.2366377593227753,0.6266451188872851,0.73473089719796425,789.7 -> 184.1,PC,2476.2601737984,3360.1802635196,2918.4602012636,2463.2601585392,3258.0602455153,2916.5601997378,2178.0201530461,2209.580162049,2365.7801780697,3028.6802062989,2528.4201583865,2236.0001716619,2423.400196076,2222.7201614359,2700.0401916509,2621.1001663215,2068.9401283254,2100.5801467917,5912.8204383852
PC (40:8),-0.03195316235877541,6.673483299338769,0.2218035453199967,0.6376691301396197,0.7416369230971664,830.6 -> 184.1,PC,1069.1600761415,1161.1600875855,1163.8800773621,1217.2800750728,1106.0800857543,1261.9800910948,1165.0000762939,1059.3000717161,1279.4601020816,1069.5000839234,1113.4400863645,1056.1400756835,1058.44008255,1076.2600746155,1143.0800743103,1122.640071869,1042.6400680543,1265.4200820925,1393.2800941462
PCo(40:6),-0.030761912239788778,7.835498501175996,0.21644101847279984,0.6417651676174221,0.7423661938925855,820.6 -> 184.1,PC,2181.3601570121,2416.1601791384,2674.6002006538,2348.5201873782,2702.3402023325,3518.9802627559,2953.3602180472,2547.340156554,2921.0802345282,2288.9401588426,2018.1401329039,1908.8401260388,2686.5601730353,2744.4202117918,3039.3001937859,2463.9001960752,3036.7802276598,2835.8601989743,1488.8201065067
Lyso_PC(21:4),-0.030237475794212265,6.806222911328491,0.20025001127468478,0.654519119769592,0.7450377214398547,558.3481 -> 184.1,PC,1301.2401008609,1133.9800910951,1361.8001060482,1363.900108337,1246.8600807191,1200.1600799561,1235.3400802616,1403.8201026923,1309.780101776,1225.5200881954,1271.8400878903,1192.7200851438,1098.9000740052,1105.6000785829,1080.3200798037,1349.2600975038,1316.5400848384,1300.5600967404,1397.200115203
PC (32:4),-0.03052791246599533,6.657322068230093,0.20241467500410515,0.6527788091514338,0.7450377214398547,726.5 -> 184.1,PC,1159.1200828556,1062.9000854491,1135.8800849914,1240.3000907898,1142.4600791927,1077.4800682071,1264.2200965888,1186.840084076,1190.2400894167,1079.3000717163,1122.9400863645,1093.9000740053,1139.4400825501,1066.8000755313,1061.8400802612,1088.3000717164,1162.9800758359,1106.2200851442,1178.9600753785
PCo(40:5),-0.030291301151006624,6.982372373673045,0.20290032993093376,0.6523898982708022,0.7450377214398547,822.6 -> 184.1,PC,1302.7600975029,1531.4601135247,1459.3400955201,1332.100078583,1590.7601051323,1765.3601074217,1336.2000961295,1192.9600944519,1589.0801048268,1383.5800933843,1321.1200866704,1429.4801101683,1112.240081787,1367.6200866698,1535.3201065069,1450.4600944525,1391.9801139826,1414.1200981142,1533.1401023864
SM (d18:0/14:0),0.029096310445318983,6.920991526471331,0.18647374003507977,0.6658678426827285,0.7539455996513433,677.6 -> 184.1,PC,1468.5801048277,1355.9000892637,1406.780109405,1534.9200935369,1467.7001075743,1572.6401023868,1107.2600746154,1270.9000854498,1500.000114441,1327.520095825,1328.2200927737,1262.4600830076,1257.2200889589,1224.4600830074,1342.5400962829,1228.8600883487,1274.180095673,1290.5000953676,1732.1401100164
SM (d18:0/18:0),0.02689403376985218,9.49084243299321,0.17000062497579194,0.6801112522442115,0.7660200420013751,733.6 -> 184.1,PC,9419.3806839017,9934.8209190325,10144.3207244868,8395.5205535906,8582.5805435192,7730.9805069001,7170.2204971353,6369.3203926074,6839.7603912347,7337.8204498296,7557.4205627441,7668.2805824332,7510.6605796819,7139.5005378714995,7238.7604141217,8222.7205352771,7635.9805107148,7585.2405776965,11872.8607711758
C20:5,0.02553598467606229,11.46436874225374,0.154874491446094,0.6939199736548605,0.777481017602828,301.3 -> 301.3,FFA,33859.7823524396,33908.2222900371,34124.0425262477,34197.842239387,34654.1025009207,34835.2425117474,32318.8222045874,34211.162502291,33080.2622413607,29557.7821845994,31410.6022682184,32009.882122044,33044.8224639926,32489.2822647094,33087.2623481807,29737.0623245256,28772.3419952412,28757.9820632948,20526.2014312782
Lyso_PC(18:2),0.025716028674401703,6.959167537389443,0.14604137765853054,0.7023474327973841,0.7828247428054177,520.3325 -> 184.1,PC,1350.2801017762,1190.7200775147,1432.4601020812,1612.7401123055,1486.9401016234,1545.0801086423,1589.1201095591,1406.4401054392,1500.6800994877,1440.9801101687,1188.3800888061,1133.3400840757,1260.8600883487,1415.5401000987,1343.6600990303,1283.6400871276,1544.1201095582,1349.9601020808,1539.0000991827
PC (34:1),-0.023944835061609777,11.1543818083396,0.13603013165953826,0.7122599364796147,0.7856887959105029,760.6 -> 184.1,PC,30973.782451638,28954.8821525591,32320.3222579894,25845.3219680783,26292.0819549552,24914.8415908846,18831.5816841051,21431.1218414306,18393.1012382601,23031.2817611678,25153.5418701075,23984.4220314188,24367.5416221423,26387.3420944193,25333.381835929,23218.5219497678,22018.4615402098,21946.7617378232,46707.243446354
PC (38:5),0.02481008118081056,7.318496628878951,0.13803807001730917,0.710239278844206,0.7856887959105029,808.6 -> 184.1,PC,2181.1601753235,1948.1601333601,1859.4801483152,2155.5201644903,1577.7801094051,1907.3201293942,1646.0401153553,1491.5601043701,1768.5601043711,1866.4001464844,1730.4201354976,1470.9001121525,1663.1600990306,1769.0401344302,1958.3001441951,1727.8201408393,1386.6000976567,1546.8600997922,2593.5601882937
SM (d18:1/24:0),0.02396307900678787,7.9450321369286705,0.13099755296636317,0.7173999758654034,0.7873004863343402,815.7 -> 184.1,PC,2675.2801818842,2614.6001548779,2898.9001884452,2512.5001640316,3318.1201972975,2380.1801567084,2365.3001861584,2488.5401763896,1963.240135193,2382.7001533511,2503.8401451124,2468.3801765438,2550.200172426,2394.7601432804,2288.6401901236,2724.1601943959,1725.5601310736,2190.2801399238,8831.2206382744
C22:4,-0.02125399490842994,11.399791725157991,0.1072721280091713,0.7432714119413225,0.807499413740962,331.3 -> 331.3,FFA,30973.3621139518,31310.502128602,29800.5220947234,32492.9021911571,30977.3021621699,31522.6820220941,34255.2423210183,31997.6624183651,33097.2223968548,30872.7421951283,30222.5821227957,29906.5821075476,31374.9422836336,30662.3222274751,29785.2020950307,30093.7621078477,27808.0021057164,29468.2821655265,20940.6414222699
PC (34:2),-0.021123410833479708,9.630912434094572,0.10496874520989508,0.7459465104651434,0.807499413740962,758.6 -> 184.1,PC,10673.5606651259,9561.4007186862,10340.4206810016,8842.500701903,9165.7006568849,9424.8008079574,6965.7005195592,6444.5403289769,7027.5405311585,8165.1404457114,9117.5807113632,8112.7005386385,7171.5004501345,8503.5405120692,8325.7806739809,8544.8405532929,8395.4206390347,7490.2605667121,18247.5612678524
PCo(40:4),-0.02178074225755429,6.816270316932425,0.10396224077840088,0.7471256257977125,0.807499413740962,824.6 -> 184.1,PC,1166.4000778193,1390.280094147,1443.0400886542,1257.5000762933,1268.7000846864,1374.5000877378,1287.9200935363,1218.6600875852,1256.2200927738,1318.2801017762,1174.0000877384,1256.6000709529,1113.8000793455,1283.2000923156,1245.2400856019,1119.9600868224,1274.1000862124,1210.7600936887,1438.5000877385
C12:0,-0.01999461695769841,12.031783461333427,0.09505813249220552,0.757842661590578,0.8149664803034357,199.2 -> 199.2,FFA,49169.043518048,46712.6432113632,46563.6431427,53099.2838287101,52790.043678285,52182.503616327,47784.7033004696,50119.743614187,49850.163589476,45373.303390507,45026.463386527,46377.243354793,51088.3834838789,50379.963363652,53576.1639633108,42389.482948297,45555.343421915,43173.983108516,23986.2818527216
Lyso_PC(15:0),0.018546192856453016,6.915410145507237,0.07582810681370944,0.7830327293699253,0.8378450204258201,482.3168 -> 184.1,PC,1425.3401031485,1553.4801101691,1352.7400932314,1403.6201019287,1279.6600990296,1510.6801185605,1530.8801040643,1230.1200790405,1496.3001174927,1280.9200897222,1366.0401000973,1251.7600860598,1364.000091552,1258.260089874,1180.4600791933,1300.6200904853,1421.1800918579,1286.0800857541,1307.4200859066
Lyso_Sphinganine-1-phosphocholine,0.017981395817473,6.996303306290279,0.07161325835033239,0.7890021990647631,0.8400321920391011,467.3536 -> 184.1,PC,1534.8601303098,1201.3400802612,1542.120117189,1408.2000961302,1701.9201126107,1573.6201210013,1435.0401077264,1644.1201210025,1573.5201148982,1292.7000999445,1362.2200927741,1531.5601043701,1541.2601051335,1164.3600807188,1653.7201194758,1173.7600860592,1197.4200935364,1580.9601173402,1178.6400909426
PC (42:5),0.014284049641453862,6.854161733363109,0.04483662241833031,0.8323047311267544,0.881748576540225,864.6 -> 184.1,PC,1554.7801170349,1521.1201133721,1351.1401023854,1242.8600883484,1253.7400932313,1463.6401138304,1232.0600852966,1302.6600913997,1314.3801002499,1272.7600898747,1172.1600913999,1332.2000923149,1262.5400924683,1223.500091553,1166.1800765989,1399.960113525,1222.8400917052,1194.0400924678,1250.2800865176
C20:0,0.013363518588957074,14.020606273214032,0.042535076195520105,0.8366031814763117,0.8819363587976883,311.3 -> 311.3,FFA,214755.05569454,192256.593627882,187128.134399421,209151.134551999,210415.854888937,204632.014312735,212264.716445928,193777.412963824,191126.652954088,182602.312683114,174328.212631211,174844.231903059,223754.195526095,219121.096130364,215452.954711893,173367.772003196,158997.591110197,154979.030929565,62300.204498283
C22:6,-0.01096070800777837,12.366530907768427,0.028578957467004784,0.8657548587186336,0.903763608613598,327.3 -> 327.3,FFA,61810.824798556,57481.744125362,59191.564224236,67643.9648513777,62981.724311821,60656.3644409217,65661.1450271616,63952.284439087,67103.0045242417,60329.844284066,59959.444030742,58243.0239944156,65823.465049716,65170.1844635038,61776.3043556318,58436.924285864,51202.683807355,50646.303451535,31051.162117009
Lyso_PC(19:2),-0.011528960732384755,6.82734300198791,0.029173026164233562,0.8643801401634618,0.903763608613598,534.3481 -> 184.1,PC,1315.9600944515,1263.6001014707,1339.1800880437,1450.5800857547,1323.740089416,1337.8601036072,1332.8200988769,1269.2400817874,1306.1600914001,1277.2200813296,1177.1200866697,1109.4000816341,1306.7600898734,1252.780082703,1135.2000770571,1208.5400810241,1425.4801025391,1275.9400825506,1145.6800804138
PCo(36:4),0.009808125337464347,7.07360146103438,0.02137586962390614,0.8837596460194882,0.913645237913867,768.6 -> 184.1,PC,1222.84009552,1505.1201171865,1527.4401092528,1443.6001052859,1571.580131531,1741.4801254263,1702.6001319889,1875.0601310725,1625.0201225278,1415.2800903326,1433.4201087958,1432.9201087951,1533.9001007073,1443.6800956726,1728.3001518255,1485.7601051332001,1306.3000869753,1362.0001029969,1459.1601066597
SM (d16:1/24:1),-0.009868523031192483,8.037425425109909,0.022341300721805624,0.8811827276349287,0.913645237913867,785.6 -> 184.1,PC,3429.5802383409,3045.4202575689,3120.0202293395,2145.4601516731,3632.4602165216,2978.2002334588,2535.1401786798,2564.4201431276,2938.7201766967,2731.0201759339,2389.9001579287,2861.8802108761,2691.8201942458,2633.5001640321,3328.0002555845,2074.8401298523,2940.7001914997,3014.5201988218,5384.400352477
C24:5,0.008656761987805727,13.487155759758586,0.017844678552791038,0.8937315561802884,0.9147063665650087,353.3 -> 353.3,FFA,132069.549697858,124342.929428093,120137.388748161,157452.150794955,155235.030700705,146365.330337551,141145.710140193,141347.309875492,141713.970306421,126043.729469318,125022.529064201,128392.788917528,134478.729419699,135400.869514482,139833.349960308,130270.329086277,124665.948112471,120120.348892238,27545.1619339023
PC (40:6),0.009026764950286316,7.039212996991002,0.01806743938276867,0.8930742822802401,0.9147063665650087,834.6 -> 184.1,PC,1779.0601196289,1676.2401046752,1695.8201179498,1590.6201133718,1557.9001121522,1598.9000968929,1306.1000938413,1347.8200798039,1251.260089874,1320.0400848387,1609.8601341263,1451.0601043709,1288.3000831605,1369.2600936886,1411.2201004022,1377.5401000971,1542.3201217649,1351.6600875862,1606.3401222238
SM (d18:0/26:0),0.008716279397393152,6.7115758301284485,0.01655913114693064,0.8976090513021114,0.9147063665650087,845.7 -> 184.1,PC,1094.1000747682,1170.2200736995,1276.9000892637,1352.2800979612,1367.7200965882,1274.5000877381,1082.0800857544,1209.900081634,1213.4400825505,1263.7800941464,1117.0800857542,1143.7200813292,1261.2600860592,1115.1000938416,1033.1000633239,1158.7200737001,1011.7800827024,1090.8000793457,1175.8600730891
SM (d18:2/18:1),0.007397584383566793,6.695532414971347,0.011910129176916584,0.9130965740501358,0.9260789897949244,727.6 -> 184.1,PC,1288.3400878902,1172.6400833128,1182.3800926209,1243.4600868225,1109.4000816345,1150.5000801089,1264.1400909423,1243.9800949096,1194.5200881959,1153.0200691225,1157.6400794983,1056.020072937,1065.8400764465,1138.4400787355,1131.1600875852,1029.8200759887,1128.9600791932,1165.8800697327,1281.7000923161
Lyso_PC(14:1),0.005973135767363938,7.159612195709697,0.007962352980683818,0.9288975204264068,0.9376607045813731,466.2855 -> 184.1,PC,1755.0001068108,2108.9001579292,1636.7001266483,1611.2401161192,1574.5200996397,1503.8000946044,1799.9001235965,1809.9401435852,1374.1800918578,1593.8201217656,1332.3001060484,1514.4001045233,1904.8001403826,1601.0401077273,1506.460090638,1309.5800895694,1627.3201217655,1662.6001167297,1330.6001091004
C30:0,-0.005399577742111869,12.687568584087064,0.006938313204955193,0.9336157531863226,0.9379989257364932,451.4 -> 451.4,FFA,70847.4649200336,69563.9653777824,68250.2047042788,85758.5857276982,86046.8461417809,88784.5663261229,83188.8257407829,82518.3059463388,84133.9254722257,72766.3651504541,70481.7048149032,73196.6655501925,75514.885292065,81102.5061302357,80483.8455696066,70661.9646186678,74644.4251594582,72142.9649620171,18169.7811965941
PC (38:1),1.8807582903161097e-4,7.330093270806813,7.917168780124939e-6,0.9977549581551377,0.9977549581551377,816.6 -> 184.1,PC,1739.6001319875,2320.100196838,1758.6601181016,2030.9201698311,1560.0201110845,2049.6201400737,1354.2000885011,1576.040122986,1461.9400939943,1465.8600769052,1486.780101776,1742.1601409904,1646.260108948,1474.5001068123,1778.0401344288,1702.8201217653,1431.1000900269,1973.7601509088,4048.800292968
