lipid,logFC,logCPM,LR,PValue,FDR,Transition,type,EKO_average,WT_average,EKO_R1_Cells_r1,EKO_R1_Cells_r2,EKO_R1_Cells_r3,EKO_R2_Cells_r1,EKO_R2_Cells_r2,EKO_R2_Cells_r3,EKO_R3_Cells_r1,EKO_R3_Cells_r2,EKO_R3_Cells_r3,WT_R1_Cells_r1,WT_R1_Cells_r2,WT_R1_Cells_r3,WT_R2_Cells_r1,WT_R2_Cells_r2,WT_R2_Cells_r3,WT_R3_Cells_r1,WT_R3_Cells_r2,WT_R3_Cells_r3,blank
C20:0,-2.133722163,15.48895015,535.6450066,1.67E-118,3.57E-116,311.3 -> 311.3,FFA,154513.0619,574848.1198,159329.6513,139158.53,131400.4292,141457.0898,129478.2088,133151.6894,194005.7526,177612.9525,185023.2535,756895.5954,760878.5984,759871.7148,859817.2253,861429.0592,824173.46,117718.1882,116208.1479,116641.0889,62300.2045
C22:0,-1.061402627,14.13341953,140.8597319,1.73E-32,1.85E-30,339.3 -> 339.3,FFA,103562.1895,184343.7978,122915.2885,104808.3477,102537.8874,94044.96643,90360.54637,85215.38568,112468.7482,107876.6674,111831.8681,240901.1579,242651.0576,236745.457,227100.4363,222305.7763,217180.776,92298.52704,89342.04614,90568.94618,51079.54359
C22:6,-0.978823768,12.7735457,120.1015381,6.01E-28,4.29E-26,327.3 -> 327.3,FFA,41140.63848,69660.34947,43546.9229,41428.02292,39700.54286,40347.683,37460.0827,36607.18265,43260.64313,44215.40311,43699.26306,80000.92574,81047.24631,84449.34549,90225.38695,85530.16611,89177.72641,39886.68291,39362.16282,37263.50253,31051.16212
C19:0,-0.943430154,14.68385006,111.8082845,3.94E-26,2.11E-24,297.3 -> 297.3,FFA,159835.0224,264791.143,166876.591,158389.3306,153961.3303,134773.5692,155436.3316,179823.4335,154209.9119,159505.1113,175539.5926,306208.6004,305565.2805,304460.643,353329.1442,357974.106,355717.1646,126632.8288,132376.4294,140856.0905,67751.44473
Lyso_PC(20:3),-0.86040937,9.41201164,92.30199257,7.44E-22,3.18E-20,546.3481 -> 184.1,PC,4278.889202,6858.611611,4919.260403,5165.180378,5301.48032,3823.740231,3355.400253,3600.900246,4484.020378,4278.660309,3581.360298,2802.440216,2903.300182,3233.100224,13569.54099,14029.18104,13760.48103,4486.980328,3317.340229,3625.140259,2050.540115
PC (32:3),0.709534004,11.05502615,63.51746191,1.59E-15,5.67E-14,728.5 -> 184.1,PC,23934.37046,12790.80977,28295.76195,23701.56168,22679.06165,23635.06155,22835.66148,20938.62138,23801.00149,25089.98129,24432.6217,10234.62072,11803.86073,10548.40084,13809.58096,13293.34076,13972.68102,13881.36089,14135.98099,13437.46103,1750.700115
C15:1,0.632576175,13.21028352,50.72175926,1.06E-12,3.25E-11,239.3 -> 239.3,FFA,98012.82239,56402.04616,49063.92321,88472.12602,92858.14672,51068.32346,178693.9335,244222.9964,40241.12277,53780.46368,83714.36573,43247.56309,55840.26393,75384.60541,43639.32304,50835.24342,79884.78558,37210.16262,47112.6431,74463.82529,37924.22267
PCo(32:3),-0.633868378,8.747277175,50.09416877,1.47E-12,3.92E-11,714.5 -> 184.1,PC,2859.349085,3908.809173,2589.720146,3177.460228,2986.360191,2819.340176,2466.460171,2773.060211,3005.100243,3189.980232,2726.660172,2395.460182,2138.440151,2377.240173,5949.420464,6772.020515,6638.920441,3375.940224,2556.2202,2975.620209,2886.220222
C20:1,-0.608466853,12.25310182,46.9248671,7.38E-12,1.75E-10,309.3 -> 309.3,FFA,34179.12461,45069.70325,38875.32286,35436.88232,32900.50237,30249.38208,29743.64205,30679.04229,36542.98254,35621.86235,37562.5026,43073.40333,45241.14313,45713.82317,62091.06452,57531.66411,57086.66438,31779.52221,32612.58203,30497.46234,16399.52112
Lyso_PC(19:3),-0.573500985,7.692859575,40.32810177,2.15E-10,4.59E-09,532.3325 -> 184.1,PC,1417.686774,1850.529029,1666.280125,1568.340122,1633.540131,1183.100094,1365.720093,1285.640095,1259.160095,1430.280098,1367.12011,1356.280098,1334.160107,1339.980103,2936.580254,2804.400215,2422.740196,1533.400089,1632.420116,1294.800079,1310.060097
SM (d18:1/18:1)9Z)),0.552498403,10.67469037,38.62498265,5.14E-10,9.99E-09,729.6 -> 184.1,PC,17479.76118,10426.48071,19987.92138,17443.96095,17252.48146,16387.68109,15224.12088,15425.00102,19257.7213,19569.98134,16768.98117,9499.640522,8528.640663,7636.180561,11163.64074,11046.02069,10249.74076,12051.00066,12039.48094,11623.98085,2693.760216
C24:5,-0.503994399,12.70735198,32.28117405,1.33E-08,2.38E-07,353.3 -> 353.3,FFA,48490.15896,59379.6286,53278.42377,49230.44346,46371.18329,45999.98333,42975.14301,42216.30305,53085.28359,51243.50352,52011.16362,61886.56427,63310.10448,64406.92445,71318.32478,69706.06503,65616.78452,46157.06342,47460.58331,44554.24318,27545.16193
C16:1,-0.487582826,12.15333549,30.20775913,3.88E-08,6.39E-07,253.3 -> 253.3,FFA,33373.51349,40666.38724,42579.403,33137.96221,33086.36228,31237.08217,27619.28199,26940.52194,35748.74274,33353.32237,36658.94268,29955.1621,32604.48219,34302.94243,60012.88414,62427.24408,61507.28434,29064.16214,27932.06184,28191.26191,17972.82134
PC (32:2),0.481485012,13.81952502,29.49262104,5.61E-08,8.01E-07,730.5 -> 184.1,PC,153448.5111,96151.13327,181678.1341,152100.0305,144377.2505,149638.4105,139283.3484,134614.7291,161308.7322,162869.0545,155166.9099,79666.02629,78409.78464,77716.64523,101275.8665,100916.1659,98694.26825,112041.1282,112373.1479,104267.1665,6489.460491
SM (d18:1/18:0),0.481658258,13.25865251,29.50666025,5.57E-08,8.01E-07,731.6 -> 184.1,PC,103099.7567,64639.82459,116955.5487,104153.589,99906.04602,96049.1673,93090.12714,91977.54756,110237.9094,112404.627,103123.248,52433.44353,52517.56358,52030.08419,70753.92477,68529.32455,67896.58528,77937.56537,71586.46516,68073.46483,12491.04087
C18:2,-0.472227109,11.9953889,28.33819221,1.02E-07,1.36E-06,279.3 -> 279.3,FFA,30233.28442,36213.29149,33589.24236,31542.5424,28360.84206,27961.72201,24820.40162,25893.16191,33036.50254,32755.76247,34139.38239,34062.56253,37608.48263,37617.42267,46184.36346,46793.34328,46768.68336,25125.02183,26141.5218,25618.22186,14117.10095
PCo(38:4),0.454162122,9.924975148,26.07331975,3.29E-07,4.14E-06,796.6 -> 184.1,PC,10102.14516,6448.293784,11340.30071,9553.920624,9407.480648,9479.740738,9458.380592,8790.320576,10850.4408,10899.86083,11138.86088,4974.160358,5467.940376,5267.180363,7099.60046,6626.92049,7423.280502,7726.260548,6788.880505,6660.420456,1672.920105
C20:3,0.450231231,13.4299241,25.79887957,3.79E-07,4.50E-06,305.3 -> 305.3,FFA,115033.5125,73303.8629,145884.1505,116120.9879,105720.3273,100798.3875,92005.8061,91267.54657,126656.6286,127602.1896,129245.5885,59459.72412,59315.76421,60775.32422,79098.12558,83832.36596,81236.62545,77543.46501,78641.44556,79831.92598,18531.94138
C22:1,-0.433434106,12.31983584,23.89874421,1.02E-06,1.14E-05,337.3 -> 337.3,FFA,38417.68275,45000.06535,41060.66297,39507.04279,36555.1225,36776.98257,36183.82246,33983.30248,40740.90303,40269.14302,40682.16293,43547.36308,44880.54334,43905.66286,55299.10381,54095.7839,51259.3035,36267.70253,37635.46262,38109.66254,16971.0612
C17:1,-0.430458628,11.4039347,23.54247483,1.22E-06,1.31E-05,267.3 -> 267.3,FFA,20002.44586,23455.63943,20136.20144,19828.36146,19075.74139,19011.22128,18432.12132,19057.68134,21081.50142,21356.5815,22042.60155,20809.04153,21081.66153,20498.62137,32373.38219,32003.04231,30902.44208,18785.86137,16510.2212,18136.48129,13673.14096
C24:0,-0.427827572,13.26928883,23.30233495,1.38E-06,1.41E-05,367.3 -> 367.3,FFA,73593.39398,85751.42155,80974.16577,72624.20494,74306.28496,72968.88486,68172.02475,69067.40475,75334.48538,72918.38507,75974.7053,88101.30629,91416.60662,92320.26657,98999.54636,94933.54652,92949.96638,70998.58514,71184.58523,70858.3848,41301.70284
PC (30:2),0.419710068,10.962813,22.36609381,2.25E-06,2.19E-05,702.5 -> 184.1,PC,20669.67484,13522.74985,22918.80205,19878.54148,19598.66119,19642.86144,19512.48117,18710.24137,21591.64172,21361.86172,22811.98138,11943.46085,10490.12065,10774.18074,13939.94097,14732.36094,13921.46114,15612.94121,15374.08122,14916.20097,1994.960133
PCo(34:1),0.415144553,12.47423105,21.93452147,2.82E-06,2.62E-05,746.6 -> 184.1,PC,58828.0866,38546.40045,62396.9245,53947.1843,53882.70362,56213.90434,53607.00394,52466.1042,67950.42464,67272.72555,61715.80431,33139.12235,32543.08193,31488.0623,41335.32319,39039.84323,39381.7426,45010.10292,44202.16282,40778.16269,6560.400505
C24:1,-0.409629538,12.93117482,21.36473685,3.80E-06,3.39E-05,365.3 -> 365.3,FFA,59561.92425,68439.85589,62388.10451,59883.9444,60678.86434,57195.32412,57553.54398,55666.94402,61936.26413,57596.96423,63157.36455,72682.30463,78679.76561,77489.10546,72224.48494,69991.42537,71190.84507,55632.10382,59860.46404,58208.20405,20766.1415
PCo(38:3),0.399247368,9.698692955,20.14219082,7.19E-06,6.15E-05,798.6 -> 184.1,PC,8445.278376,5585.087063,8938.380672,8812.300564,8093.760555,7132.300522,7784.480457,7257.340584,10262.54077,9159.740589,8566.660667,4442.360313,5323.220325,5100.660355,4905.300343,5544.660343,6460.160458,6371.400539,6357.840458,5760.180435,1904.840141
SM (d18:1/16:0),0.394526466,13.66040477,19.83021692,8.46E-06,6.97E-05,703.6 -> 184.1,PC,130667.3756,86973.14184,144101.3503,122526.8069,120241.7479,129046.9085,119981.5299,114170.848,143202.1282,144000.9703,138734.09,71832.34447,70329.74521,65336.20546,94769.30683,98744.74671,90267.60682,99868.92709,97692.84691,93916.54704,37158.80325
PCo(32:2),0.393000237,9.757051688,19.52570266,9.93E-06,7.87E-05,716.6 -> 184.1,PC,8775.39397,5845.375994,8677.74065,9094.220619,8289.360649,8892.760689,8844.640663,7767.540573,9833.240799,9234.060562,8344.980522,5322.660362,4903.960407,5112.460316,5902.78046,5716.760365,6136.920464,6444.840546,6244.580524,6823.420502,1774.300125
SM (d16:1/22:1),0.390767489,11.47448167,19.41763541,1.05E-05,8.03E-05,757.6 -> 184.1,PC,29272.88434,19509.30807,33321.32227,28530.64246,26114.70199,28461.90202,26685.68174,25421.42179,31424.56215,33050.08241,30445.64227,16264.46101,17082.02116,14825.40128,21544.74157,20656.10141,20744.32153,22345.62155,21306.66153,20814.44162,2675.680199
C14:1,0.387256785,12.81324019,19.09884548,1.24E-05,8.85E-05,225.2 -> 225.2,FFA,68545.48267,46530.59446,42452.32303,62613.9044,69203.88486,40298.40296,113083.528,150693.9905,36045.06258,43759.24321,58759.00444,38745.36265,45257.68332,60216.10445,39600.22274,43573.48323,61361.18436,32720.62225,41068.96295,56231.72419,40406.66295
SM (d16:1/18:1),0.389365524,9.316237475,19.10724431,1.24E-05,8.85E-05,701.6 -> 184.1,PC,6357.362676,4238.689187,7354.820511,5444.740314,5948.320408,5482.740414,6346.980461,5995.400475,6499.560459,7447.46048,6696.240559,3635.620274,3736.800266,3649.200256,4408.080284,4527.020302,4237.220314,5035.240322,4648.140308,4270.880352,2382.440159
PC (38:3),0.384143305,11.9956343,18.7809825,1.47E-05,1.01E-04,812.6 -> 184.1,PC,41816.99176,28061.36867,44694.88278,38447.88263,38464.12223,40042.963,38446.26254,36414.2623,46582.66334,47525.56364,45734.32336,22156.40148,21274.6616,21820.20162,29548.8022,29360.32198,30658.02207,34279.80242,30868.66229,32585.44238,4873.680355
PC (40:4),0.38117007,10.24654165,18.41597978,1.78E-05,1.19E-04,838.6 -> 184.1,PC,12359.10752,8316.980573,12367.92082,12207.02082,10767.74088,12169.80087,12508.00074,11155.84084,13847.10099,13404.84083,12803.70089,6750.540455,6799.300446,7080.580559,8181.70052,7820.000587,8601.260662,10769.22082,9848.780525,9001.440582,1865.820141
C24:6,-0.369704912,12.32464924,17.40451576,3.02E-05,1.96E-04,355.3 -> 355.3,FFA,38175.39157,42701.47627,42549.82304,38713.54272,37887.76245,36388.1225,35129.2024,35991.06251,38893.4428,37574.0029,40451.56284,47629.40316,44767.32298,45816.40321,46443.56335,44178.36304,43674.18295,37757.16243,36425.76257,37621.12273,33288.40233
Lyso_PC(20:2),-0.370656346,8.084428628,17.06203383,3.62E-05,2.28E-04,548.3638 -> 184.1,PC,2063.266818,2322.902392,2478.420193,2152.960167,1768.000122,2318.520172,1851.720135,1765.740135,2016.440144,1993.060135,2224.540157,2233.460167,1798.220139,2059.980152,2730.340214,2755.020187,3026.160213,2081.680157,2190.100178,2031.160126,1244.600082
PCo(34:2),0.359891148,11.10853719,16.46596116,4.95E-05,3.03E-04,744.6 -> 184.1,PC,22400.96602,15272.90552,23832.90139,22193.38185,20856.56135,22142.96144,20365.92147,19776.00135,24466.66184,23560.22194,24414.08155,13079.20101,11852.80093,12611.68087,16550.62107,14952.10107,17550.14134,18316.14128,15981.10114,16562.36097,2849.940193
PC (34:3),0.351591544,12.36681371,15.74675362,7.24E-05,4.30E-04,756.6 -> 184.1,PC,53886.44409,36891.70469,61266.40451,54492.66426,48566.60355,51121.06371,46656.4037,48327.10365,58407.06482,57752.32434,58388.36427,31093.54192,31388.26223,29689.48176,40436.36235,38539.12243,36252.10271,44435.62305,38652.00262,41538.84318,3224.540268
PC (32:0),0.348015284,14.58953266,15.44503528,8.49E-05,4.91E-04,734.6 -> 184.1,PC,250607.8662,172367.3691,271728.5801,243569.2165,227029.9792,239880.0353,234358.2178,221830.9152,280746.1964,273602.3782,262725.2775,141976.6493,135381.5495,136361.8496,183965.3899,177898.1135,182354.7924,205443.7924,196066.7717,191857.4134,19829.74146
PCo(34:3),0.336184109,9.192968452,14.24268082,1.61E-04,9.05E-04,742.6 -> 184.1,PC,5784.45152,4006.444735,6226.90041,5893.780449,6031.300392,5215.700348,4929.220371,5315.580368,6644.500488,6074.140461,5728.940392,3320.160217,3590.660286,3152.060253,4572.180344,4434.080284,4429.780308,4601.820343,4093.600315,3863.660267,1751.780125
PC (38:4),0.32948044,11.96417971,13.82649258,2.00E-04,0.001100121,810.6 -> 184.1,PC,40153.14947,27947.20433,42835.58293,37375.36259,37815.62316,39067.12252,38373.12267,35929.84219,45245.90361,44092.78316,40643.00241,22783.76212,23409.86182,23537.06197,28619.00185,29282.20221,30112.24236,31748.44231,30601.76186,31430.50246,5126.90036
PCo(38:5),0.329317804,9.195199634,13.66932834,2.18E-04,0.001166225,794.6 -> 184.1,PC,5819.167051,4043.244733,6156.780338,6006.520435,5480.14043,5467.060295,4792.880322,5299.640343,6493.000416,6809.800446,5866.680435,3409.640228,3663.240238,3507.160244,4437.800339,3619.740265,4603.880367,4640.380287,4490.680302,4016.680328,1447.960114
PCo(40:4),0.328136714,9.115728236,13.56179868,2.31E-04,0.00120485,824.6 -> 184.1,PC,5493.433718,3813.491393,5658.94043,5083.360329,5078.980309,5138.320297,5169.160378,5160.780331,6098.860504,6333.480476,5719.020405,3107.500229,3678.08028,3502.540256,4308.460297,3558.040222,4056.100319,3613.040291,3799.540272,4698.120373,1438.500088
PCo(36:3),0.325421353,9.810824492,13.40591523,2.51E-04,0.001278049,770.6 -> 184.1,PC,8975.982897,6255.456012,9947.060707,8771.620735,7906.960541,8366.84074,8204.160633,8359.400646,10468.5208,9089.500622,9669.780651,5503.220425,5252.160324,5083.180405,7692.840458,5467.760387,6774.7005,6871.560455,6270.720497,7382.960655,1579.200108
C18:1,-0.320310475,13.59792035,13.0849258,2.98E-04,0.001481485,281.3 -> 281.3,FFA,99119.66685,106584.6878,121865.2291,100407.7868,91462.34647,82118.28561,77050.14513,75649.24508,113554.4872,110850.0477,119119.4285,105316.0882,111126.2281,105689.2877,126560.3284,131744.7502,131620.8698,80482.5854,86724.28634,79997.76568,27126.74193
C18:0,-0.313057575,16.25739348,12.50620791,4.06E-04,0.001972701,283.3 -> 283.3,FFA,621879.4107,664344.0947,699354.9485,577070.1789,579482.5813,558102.3987,491308.0364,495140.4955,759609.3547,707087.1106,729759.5922,757004.9322,732678.3753,725312.5139,683855.77,679666.1494,667530.9854,593547.2005,565034.242,574466.6835,238026.4588
PCo(34:0),0.312249008,9.844204571,12.34523642,4.42E-04,0.002102494,748.6 -> 184.1,PC,8993.5984,6315.900457,9236.620571,8640.540668,8037.000637,8136.720528,7836.00066,8364.140533,10978.18064,10283.74067,9429.440681,5950.96043,5541.160366,5159.580395,6409.940456,6862.140415,6581.360447,7602.620583,6563.420532,6171.92049,3159.220215
C17:0,-0.301827747,12.69146136,11.61471943,6.54E-04,0.003044006,269.3 -> 269.3,FFA,50721.58793,54293.68167,55258.22377,52385.34358,50064.62344,49544.38339,44836.06312,47404.84328,50917.42326,51553.06367,54530.32381,54731.26384,55060.52393,54436.86395,56827.76422,56250.60405,58313.24451,51972.80382,50120.94328,50929.12345,40828.86284
C26:1,-0.300528457,16.40704406,11.52709278,6.86E-04,0.003122997,393.3 -> 393.3,FFA,709378.5855,754885.1133,870211.9232,757416.7817,747899.535,708611.6695,651892.3464,625640.1995,651859.3782,671051.1871,699824.249,856880.0012,879067.4976,889431.6257,714897.1499,697060.6154,681556.0667,681102.1278,702760.6498,691210.2858,19580.18132
SM (d18:2/24:1),0.295446254,11.20613934,11.10844097,8.59E-04,0.0038313,811.7 -> 184.1,PC,23326.8816,16607.63225,26289.22203,22030.9613,22613.68133,21074.08147,21036.36136,19634.98156,26904.72202,24655.44181,25702.48155,13889.14091,12710.90099,14122.30109,17918.68113,16750.48118,16863.32105,19008.90116,19337.18152,18867.78125,5050.74036
Lyso_Sphinganine-1-phosphocholine,-0.299373585,7.488570775,10.98443836,9.19E-04,0.003932469,467.3536 -> 184.1,PC,1364.36899,1474.82233,1332.300106,1507.880112,1588.980122,1402.660107,1330.860088,1340.780106,1274.580093,1309.480083,1191.800091,1171.560089,1382.620098,1445.58009,1429.240105,1085.120075,1585.440117,1742.580132,1665.940117,1765.320145,1178.640091
SM (d18:2/22:1),0.294415695,10.52555151,11.01114919,9.06E-04,0.003932469,783.6 -> 184.1,PC,14531.98765,10366.15404,16606.94106,13618.2208,14853.68106,12868.7008,12704.70102,12798.2609,16527.98111,16197.34126,14612.06088,9358.560604,8341.000553,7529.940483,10720.88077,10578.44071,11243.74068,12116.26092,11723.58087,11682.98079,3191.400211
PCo(32:0),0.293311766,10.73378739,10.93574014,9.43E-04,0.003958026,720.6 -> 184.1,PC,16733.42339,11901.0009,16988.98133,15466.66095,15431.80123,15849.68107,15529.60106,14875.46099,19005.10131,18259.72141,19193.80118,11127.20077,11613.34091,9377.080696,12644.64081,12043.5809,11719.36097,13703.38103,11703.04094,13177.38108,4154.520264
C22:5,-0.287638073,11.81146637,10.53991219,0.00116824,0.004807756,329.3 -> 329.3,FFA,27403.25751,29017.23987,28748.82214,28465.78194,28265.88195,24650.20171,25242.36191,25348.5019,28889.98199,27649.72191,29368.06216,29810.78205,30379.02214,30464.7422,29655.40231,29871.16206,30079.44223,27274.52195,26776.24197,26843.84195,25730.0219
SM (d18:0/18:0),0.277422453,14.3223357,9.8227517,0.001723663,0.006959695,733.6 -> 184.1,PC,204246.7668,147286.2414,231982.6363,196066.1917,185868.1521,193988.8896,190150.0537,181637.8532,221079.034,223943.695,213504.3959,126977.2084,117882.3898,121627.8889,157475.6099,155184.8503,155747.2501,167639.8324,168002.7715,155038.3714,11872.86077
C16:0,-0.270680366,16.27564126,9.354179125,0.002224776,0.00840628,255.3 -> 255.3,FFA,642710.5213,667569.1215,775395.9594,642347.8987,611806.7816,561519.0408,491986.3558,492927.2325,769120.9156,691358.1553,747932.3522,715443.3265,713154.6488,702060.0092,699268.371,711846.7338,702152.8868,579061.3399,597136.7783,587997.9995,212711.6742
Lyso_PC(19:2),-0.277633621,7.2389815,9.373699676,0.002201208,0.00840628,534.3481 -> 184.1,PC,1147.724525,1212.537862,1287.800091,1087.54007,1224.08009,1112.540081,1156.980076,1107.540077,1066.360073,1137.560085,1149.120079,1099.480076,1244.360077,1190.540085,1161.360073,1210.360096,1493.080109,1153.700081,1074.420082,1285.540081,1145.68008
PC (32:1),0.270567238,15.77153457,9.346038407,0.00223468,0.00840628,732.6 -> 184.1,PC,556633.3809,403940.108,628806.1475,539351.4341,522283.8347,532826.8225,503424.3368,499034.9147,611292.8783,595896.3579,576783.7019,335797.5188,323163.1657,307757.8023,446383.1318,425449.2479,430448.5905,472995.3321,450870.8322,442595.3511,30069.94217
PC (34:0),0.270659318,12.54169537,9.342453297,0.002239056,0.00840628,762.6 -> 184.1,PC,58815.7552,42652.96752,61774.92464,58888.10335,53270.94321,55380.02394,53033.18468,53223.20331,65830.24374,66022.28502,61918.88489,34994.86253,34891.20264,33210.30254,45945.68372,47418.64342,44811.50362,48673.46305,47647.74319,46283.30293,8230.92049
C32:0,-0.268964679,11.73802422,9.217153184,0.002397581,0.008846246,479.4 -> 479.4,FFA,26669.75082,28078.9842,27017.08198,30122.44213,29745.84232,24661.00172,25064.68188,25120.96182,25480.54179,25422.76175,27392.44199,26149.10183,26609.00176,27164.62193,24964.1417,26695.8819,28163.92212,29771.50209,28831.14217,34361.54228,18435.88129
C26:0,-0.266955258,15.10352745,9.097853256,0.002559097,0.009282148,395.3 -> 395.3,FFA,289340.8986,301189.6191,340272.8644,306697.7804,303691.2432,284144.0416,269512.4795,257189.1783,272149.4599,284669.9999,285741.0402,331634.1037,344373.6848,347197.0832,289484.46,282509.1213,280992.8997,282132.6606,274719.9588,277662.6001,28102.94202
C22:4,-0.263263283,11.69079638,8.830214482,0.002962836,0.010567447,331.3 -> 331.3,FFA,25651.04626,26740.993,26999.78197,26645.30188,25113.94185,23487.16171,25258.5817,24366.82171,25302.6218,26474.78188,27210.42187,28548.56198,27911.78183,27464.78201,26682.82185,25578.02182,26648.80198,27003.70202,25860.98177,24969.48174,20940.64142
PC (44:10),-0.263811508,7.37254733,8.503895658,0.003543869,0.012432591,882.6 -> 184.1,PC,1275.702313,1337.817873,1196.880074,1106.320076,1298.240097,1186.060081,1223.440083,1326.860107,1270.500095,1379.920101,1493.100101,1298.200089,1155.400078,1192.060085,1439.62011,1441.240116,1557.800098,1342.960091,1398.400101,1214.680088,1145.740082
Lyso_PC(20:5),-0.260856931,8.057290655,8.456612523,0.003637186,0.012554159,542.3168 -> 184.1,PC,2101.753478,2178.273492,2322.720169,1489.360111,2179.440144,2079.320141,2153.800133,1910.800148,2134.560143,2155.500153,2490.280159,2948.500191,2280.340164,2291.620144,2072.780159,1579.620113,1870.760147,2287.880165,2071.200169,2201.760178,1313.340096
Lyso_Sphingosine-1-phosphocholine,-0.260598931,7.203998767,8.240904187,0.004095672,0.013912284,465.3379 -> 184.1,PC,1100.442298,1149.364522,1096.020065,1056.760071,1083.260082,1073.140079,1050.760075,1065.700073,1098.720074,1250.360081,1129.260082,1210.200077,1061.340073,1043.620068,1067.060078,1140.740086,1171.040077,1178.940075,1213.600079,1257.740089,1459.200108
Lyso_PC(13:0),-0.256758042,7.353684335,8.046237957,0.004559825,0.015246914,454.2855 -> 184.1,PC,1246.397864,1297.051203,1305.180088,1174.18008,1227.26009,1405.860104,1218.980083,1202.240078,1124.580074,1236.440086,1322.860096,1506.480099,1321.960075,1158.380085,1325.120087,1173.10009,1111.300083,1250.600098,1488.040112,1338.480103,1315.520103
Lyso_PC(7:0),-0.25235784,7.376829987,7.783821473,0.005271617,0.017355785,370.1916 -> 184.1,PC,1286.273428,1338.720093,1303.320091,1212.960087,1164.740082,1485.640099,1392.800117,1269.320099,1207.360096,1201.300087,1339.020092,1200.300083,1274.260086,1352.800091,1306.920101,1288.420086,1156.600063,1431.940113,1411.880108,1625.360104,1112.200073
Lyso_PC(11:0),-0.250640331,7.325938987,7.659080898,0.005648727,0.018080054,426.2542 -> 184.1,PC,1218.411199,1261.071202,1161.440083,1136.300079,1201.960087,1099.440079,1390.860096,1162.680092,1235.500088,1398.020096,1179.500088,1552.440109,1142.660091,1247.640087,1160.480083,1208.960087,1239.260098,1179.920086,1190.420086,1427.860092,1370.020088
PC (32:4),0.247880749,8.191854811,7.655300016,0.005660578,0.018080054,726.5 -> 184.1,PC,2766.766866,2037.451255,2922.640236,2708.720177,2699.200207,2679.18021,2720.320168,3231.880238,2694.0802,2613.560173,2631.32019,1959.380131,1813.560127,1950.360138,2099.420139,2033.820137,2554.580196,2066.400135,1829.660141,2029.880154,1178.960075
PC (36:4),0.239283305,11.53359048,7.295541062,0.006912595,0.021754343,782.6 -> 184.1,PC,28907.773,21444.99701,32307.24238,27600.44162,28281.50179,28551.2218,25473.66167,25989.1218,28740.72178,30216.80173,33009.24248,17412.60107,17083.26111,18466.96138,21581.38174,20491.90113,23177.56165,27290.60164,25180.34185,22320.36151,4421.9603
PC (52:4),-0.238472228,7.162782533,6.901541034,0.008612148,0.026710141,1006.8 -> 184.1,PC,1106.4023,1138.642306,1091.360077,1129.860085,1124.700073,1093.380081,1085.920071,1099.520073,1103.440075,1139.100082,1090.340084,1135.240082,1139.56007,1098.700085,1118.640083,1070.760078,1154.7001,1189.08009,1164.900078,1176.200085,1061.380062
PCo(32:1),0.230627496,11.57062876,6.778266536,0.009227446,0.028209621,718.6 -> 184.1,PC,29677.06876,22086.6304,31804.56215,26538.86171,26300.60185,29080.78197,26339.8818,27425.60239,32460.822,35371.20251,31771.30244,19678.78121,18643.4614,18146.78118,22768.92162,22167.66142,22026.30162,26667.6615,23419.26187,25260.84178,3835.020279
PC (44:7),-0.23470216,7.260369911,6.706716545,0.009605042,0.028950409,888.6 -> 184.1,PC,1184.868971,1214.137861,1280.58009,1078.500076,1273.560097,1199.820076,1190.020088,1095.120071,1192.400085,1189.160072,1164.66008,1220.300091,1201.700081,1197.800079,1174.400082,1280.180092,1307.800087,1248.040085,1135.72007,1161.300083,1155.94009
C20:4,0.221124651,11.69070978,6.232455455,0.012542969,0.037246323,303.3 -> 303.3,FFA,31216.83999,23306.43941,36663.20259,30400.70214,32508.70236,28737.84204,28010.36185,26586.34187,33174.86241,31702.4422,33167.1025,20622.1814,22823.64172,21626.74151,23619.5017,23464.1615,23969.58173,23773.64174,24037.92167,25820.58173,13304.82095
Lyso_PC(24:0),0.22215614,8.892724116,6.209657468,0.012705521,0.037246323,608.4577 -> 184.1,PC,4519.998086,3359.326912,5481.400375,4806.240334,4365.360306,4570.520302,3632.38023,3905.820244,4900.380352,4652.280308,4365.600327,2719.120186,4036.740314,3584.360252,3399.080265,2947.78022,3526.620232,3650.180279,3101.900223,3268.16024,1608.920124
PC (48:2),-0.225396836,7.166147333,6.165716301,0.013024962,0.037666783,954.8 -> 184.1,PC,1111.155636,1130.793414,1096.100071,1092.840073,1094.420082,1122.540085,1106.640079,1080.840088,1195.520092,1123.440079,1088.060074,1168.920082,1198.580086,1087.000076,1196.760086,1107.500072,1086.360081,1126.200085,1144.900085,1060.920071,1111.880081
C12:0,-0.218238236,11.89506082,6.072541389,0.013729927,0.039176059,199.2 -> 199.2,FFA,30067.68658,30455.39994,31953.22229,29802.78226,31382.94218,30192.52202,28213.82204,27651.14187,29127.92207,28903.38217,33381.44231,28720.04202,30463.78223,29604.32206,32541.50232,31225.04218,32895.46236,29894.40213,29352.02209,29402.02206,23986.28185
Lyso_PC(19:1),-0.221445188,7.312636828,5.978329136,0.014482716,0.039766178,536.3638 -> 184.1,PC,1224.120086,1238.340088,1225.840084,1361.140095,1049.56007,1179.640079,1157.880074,1193.900085,1297.880093,1237.440098,1313.800098,1337.600098,1373.140102,1197.420094,1395.480106,1183.580082,1108.880077,1206.660076,1090.500072,1251.800087,1345.680088
PC (34:5),-0.219254984,8.094715113,5.981862022,0.014453735,0.039766178,752.5 -> 184.1,PC,2193.522374,2230.957939,2092.560154,2024.440163,2036.920139,2429.320148,2247.24015,1772.320126,2571.580154,2240.180153,2327.140182,1820.740135,2145.860146,1813.840134,2727.20018,2347.560181,2337.120182,2623.100201,2086.780136,2176.420155,1316.820084
SM (d18:0/22:0),0.21662078,11.24099669,5.976929542,0.014494214,0.039766178,789.7 -> 184.1,PC,23195.92604,17473.85682,24093.74188,21827.50176,21452.20143,22077.0415,21447.06142,21701.16151,25101.74165,25068.32165,25994.5616,13764.50093,14834.16101,13556.66106,18650.18124,18756.30128,19839.38174,20104.36135,18498.88132,19260.28147,5912.820438
Lyso_C17 sphingosine-1-phosphocholine,-0.221005677,7.251045745,5.945285265,0.014756703,0.039973853,451.3223 -> 184.1,PC,1182.944528,1197.531197,1237.900082,1252.900093,1167.340084,1083.040089,1161.940075,1166.140091,1199.720081,1081.680073,1295.840088,1185.940102,1334.300091,1257.400097,1163.800083,1154.760086,1108.620075,1087.320084,1147.460072,1338.180084,1155.92009
Lyso_PC(14:0),-0.217014252,8.691641716,5.911093086,0.015045833,0.040247603,468.3012 -> 184.1,PC,3279.442455,3336.238019,3897.960251,3463.040256,2799.140209,3619.900295,2991.000179,3074.840256,3371.900257,2911.720181,3385.480209,3148.540234,2679.26022,2760.820213,2777.780182,2998.020195,3561.940243,4213.9603,3731.620319,4154.200268,2486.440147
PC (44:1),-0.219675127,7.280169769,5.87716472,0.015338502,0.040523944,900.7 -> 184.1,PC,1197.866751,1210.324532,1256.760086,1271.940102,1165.640079,1190.680088,1197.860077,1133.580086,1110.240082,1240.180084,1213.920078,1366.760098,1236.400097,1347.080101,1238.120087,1218.300087,1120.300072,1141.360085,1122.580082,1102.020084,1290.940086
Lyso_PC(18:4),-0.218154815,7.226483875,5.787101364,0.016144187,0.042132391,516.3012 -> 184.1,PC,1155.444526,1174.466754,1081.340084,1166.820076,1207.000088,1103.700077,1277.08009,1198.360088,1069.54007,1162.160084,1133.00008,1165.280083,1226.7201,1104.420074,1208.200096,1180.400074,1168.380089,1117.480087,1323.340107,1075.98008,1195.540089
C14:0,-0.212206529,13.18190882,5.748430554,0.016503394,0.04255092,227.3 -> 227.3,FFA,74009.07405,74608.96749,87576.68585,75012.66522,74533.94513,64528.56477,67020.6245,68720.24498,81633.24559,71542.44504,75513.24539,71365.58493,67478.36469,66271.34462,84678.72536,86301.64622,86225.68622,69794.34514,68858.10492,70506.90532,54649.50385
PCo(36:2),0.209872234,10.96350422,5.607258971,0.01788622,0.045567276,772.6 -> 184.1,PC,19238.79914,14513.49873,20756.74145,17751.04129,17508.62107,19803.88145,16255.9613,17184.5211,21426.20156,22385.20176,20077.02132,11918.16071,12892.24093,12457.92091,15290.06096,14989.94099,15546.06093,16339.26111,15448.04103,15739.80102,3678.72028
PC (40:3),0.208527118,9.229788543,5.489845314,0.019127235,0.048155628,840.6 -> 184.1,PC,5714.935933,4342.378091,5686.080425,6081.360371,5586.620388,5318.160378,5867.960423,5274.960316,5874.320324,6453.700424,5291.260349,3761.600231,3353.54023,3549.360245,4697.520378,4603.140312,4257.360336,4976.40036,5804.660427,4077.820297,1521.860111
PC (44:0),-0.211916044,7.184697153,5.454287241,0.019520366,0.048573934,902.8 -> 184.1,PC,1130.391191,1140.73786,1128.600079,1059.940075,1063.480072,1092.680069,1184.160088,1147.840088,1228.220093,1101.740082,1166.860077,1078.660084,1186.560078,1161.720089,1075.340069,1100.98008,1136.540085,1252.100086,1137.060085,1137.68008,1137.260078
PC (36:3),0.20378134,12.81129475,5.300429065,0.021320172,0.052442722,784.6 -> 184.1,PC,69871.69611,53035.75028,75718.90581,63793.32481,62480.44398,70494.84518,61737.10426,63494.44508,77959.0652,80076.26437,73090.86626,44225.90289,44079.92302,42933.80286,57088.62364,52078.7037,55013.12373,60589.36394,60987.86409,60324.44464,5613.92038
SM (d18:0/20:0),0.203037767,14.65268441,5.26555808,0.021751448,0.052895566,761.6 -> 184.1,PC,250456.8748,190322.1434,271759.0808,236527.9534,219236.4328,234959.7771,235759.1942,225860.6763,279570.0021,279423.5585,271015.1984,156552.9715,149337.0308,147977.5914,210374.9343,211078.6757,203652.1143,217839.7365,209126.8398,206959.3961,19020.1812
PC (40:7),-0.202542595,8.700459913,5.15260862,0.023211477,0.055811867,832.6 -> 184.1,PC,3409.855806,3432.815789,4036.500332,2682.320225,3230.38023,3490.320229,3485.660255,3059.980209,3305.380238,4086.980286,3311.180252,2917.180229,2982.200188,2602.320198,3604.480259,3711.320229,3664.600231,3682.500221,3928.540268,3802.200275,1431.160095
PC (50:0),-0.203760118,7.129486585,5.033748944,0.024858035,0.059106882,986.9 -> 184.1,PC,1093.742299,1097.106745,1069.020073,1146.300095,1061.180069,1121.680084,1061.880077,1076.860069,1115.38007,1078.960079,1112.420078,1070.860077,1145.740082,1086.800076,1111.540073,1132.880077,1061.68008,1091.980072,1086.480083,1086.00008,1059.460072
Lyso_PC(22:6),-0.201206697,7.564411161,4.974630254,0.025721701,0.060488396,568.3325 -> 184.1,PC,1478.575659,1484.226768,1623.980114,1585.460121,1423.040108,1896.320122,1352.380085,1379.940098,1174.32008,1490.8801,1380.860104,1351.000072,1398.020084,1474.020096,1397.960094,1496.220112,1551.720116,1455.040104,1414.640099,1819.420135,1440.740093
SM (d18:0/12:0),-0.197589435,8.434222085,4.886659686,0.027065002,0.062955547,649.5 -> 184.1,PC,2834.109092,2831.097979,2469.940163,2997.880207,2944.320217,2547.42017,2250.860188,2657.740215,3148.140205,3465.600216,3025.08025,2460.0602,2433.900181,3000.900211,2931.160198,2919.000202,3288.540226,3187.44022,2263.50016,2995.380211,1243.220074
PC (38:5),0.195554744,10.73988622,4.866025306,0.027390518,0.063027644,808.6 -> 184.1,PC,16409.80119,12536.30756,16746.26131,14856.88099,15653.86113,15642.70111,16056.98123,16006.04101,17352.34126,18599.62148,16773.52124,11123.54081,10393.60073,10653.80075,12527.46093,13415.34083,14241.42105,13625.68103,13842.32089,13003.601,2593.560188
SM (d18:0/16:0),0.193675249,12.87669332,4.788303085,0.028653642,0.064800721,705.6 -> 184.1,PC,72358.16074,55363.40386,78029.54414,71775.0658,65900.86411,70442.78566,67761.86539,63511.20383,80776.72635,77402.08569,75623.30573,48255.38298,44802.80338,42974.06224,60035.26433,57186.30394,56159.22371,65235.86467,64512.36456,59109.3649,10604.10068
SM (d18:1/24:0),-0.193821859,10.86947202,4.781522576,0.028766675,0.064800721,815.7 -> 184.1,PC,15203.36992,15208.80105,15909.52087,14043.6809,13420.92113,15218.48108,14476.16099,13388.10088,17508.94119,15867.62111,16996.90108,11878.56079,12615.94097,11838.82074,16278.12118,17199.66112,16818.40109,17230.52124,15765.1611,17254.02126,8831.220638
C12:1,-0.192847581,11.07268011,4.735580221,0.029544881,0.06518149,197.2 -> 197.2,FFA,17095.34343,16999.62346,17382.46122,17554.90126,17190.18116,17221.46126,15629.44107,17172.58125,17625.46127,15932.32113,18149.28127,18377.42134,17572.28131,16101.3812,17311.68126,16862.00119,17574.28127,16854.70121,16028.32118,16314.54116,14202.78101
PC (46:0),-0.197933076,7.155109453,4.752988186,0.029247463,0.06518149,930.8 -> 184.1,PC,1107.815632,1108.937856,1061.440075,1120.040073,1133.640079,1148.120079,1160.42009,1076.460064,1115.260078,1077.50008,1077.460072,1076.900074,1072.540081,1118.360081,1199.240078,1070.060081,1115.440083,1075.700069,1105.98008,1146.220078,1156.520088
PC (52:0),-0.19515463,7.077166367,4.607794601,0.031826939,0.069499643,1014.9 -> 184.1,PC,1052.191186,1049.155631,1080.000076,1163.220085,1012.480076,1056.800076,1056.90007,1016.420067,1011.180069,1047.680077,1025.040077,1030.840076,1031.840073,1108.180088,1038.58007,1058.800072,1088.740078,1028.520077,1022.140072,1034.760071,1088.620068
PCo(42:6),-0.192396203,7.535878597,4.54640292,0.032987979,0.071307349,848.6 -> 184.1,PC,1465.100107,1457.948993,1375.2201,1246.060089,1356.500095,1484.620125,1575.040108,1472.260113,1558.080112,1351.740097,1766.380127,1377.300102,1583.200119,1347.800079,1294.860104,1611.020126,1467.320103,1331.560093,1629.820107,1478.660103,1308.84008
C34:0,-0.184834582,11.28915821,4.352649199,0.036951424,0.077525537,507.5 -> 507.5,FFA,20034.04588,19821.45471,21683.84154,20531.44142,20873.68158,20311.7614,18505.20128,18435.7613,20191.82142,18789.28135,20983.62159,18686.54126,20183.82141,19751.6013,19204.04132,21260.10155,19536.20134,20062.50134,19661.12142,20047.16148,15378.28117
PC (42:9),-0.188959926,7.355619288,4.363118,0.036725029,0.077525537,856.6 -> 184.1,PC,1293.78453,1286.800091,1200.180084,1230.140095,1153.620071,1340.040092,1254.920082,1258.240074,1428.240097,1520.020081,1258.660091,1131.800091,1248.700085,1228.280094,1325.700104,1322.280083,1373.040096,1512.660095,1213.920097,1224.820076,1175.180088
PC (46:1),-0.190063904,7.146441028,4.381236085,0.036336637,0.077525537,928.8 -> 184.1,PC,1103.982299,1097.304528,1127.460075,1124.080082,1064.860077,1069.420071,1148.020081,1124.000076,1115.360088,1075.020073,1087.620071,1071.24007,1167.8601,1081.880081,1068.940083,1082.10009,1097.160088,1062.800079,1105.120083,1138.640076,1164.160076
Lyso_PC(2:0),-0.187180504,7.403773252,4.284913306,0.038452043,0.079890653,300.1134 -> 184.1,PC,1319.720094,1310.668979,1212.140079,1226.340099,1348.480095,1419.14011,1353.060116,1372.62009,1214.040081,1495.020084,1236.640091,1477.7001,1257.620083,1315.520084,1217.760086,1246.940075,1222.860088,1340.340099,1327.780106,1389.500092,1384.080101
Lyso_PC(15:1),-0.185867889,7.227561381,4.202835405,0.040356449,0.083041154,480.3012 -> 184.1,PC,1177.755644,1164.06675,1297.620098,1096.340088,1273.960083,1140.000088,1080.100075,1189.180092,1092.920082,1245.200092,1184.480099,1241.960087,1224.420086,1244.940086,1108.180084,1138.800083,1180.140087,1134.280071,1168.680096,1035.200066,1147.420078
PC (30:1),0.179681556,13.93284524,4.123804318,0.042283891,0.086178597,704.5 -> 184.1,PC,150197.6725,115980.4927,167583.9309,143219.7299,133586.6894,144789.6901,137571.2901,138140.089,163288.0523,164187.5514,159412.0296,97585.64671,94353.20662,91111.20668,125410.9683,124445.0886,119071.9274,132873.5496,130914.2293,128058.6109,18346.84108
PC (44:2),-0.183170005,7.251689863,4.085520107,0.043252138,0.087320354,898.7 -> 184.1,PC,1200.031195,1187.204528,1284.34008,1201.340092,1138.960079,1180.320076,1235.10009,1159.200077,1201.440083,1163.980095,1235.600086,1191.10009,1126.200077,1191.34008,1119.940083,1084.300079,1149.620079,1204.460091,1200.540089,1417.340088,1157.58009
C30:0,-0.177016227,12.04984786,3.997411151,0.045570208,0.091140415,451.4 -> 451.4,FFA,34787.47579,34171.14461,38300.44276,35279.78253,35178.60254,32946.54231,31744.34211,30679.40229,34561.64247,35742.68251,38653.84261,35267.02243,32405.48223,34615.78251,33877.44233,33682.80243,33060.78226,34371.54251,34781.18232,35478.26244,18169.7812
PC (48:0),-0.180990574,7.141911304,3.973663219,0.046217124,0.091578376,958.8 -> 184.1,PC,1110.320079,1096.662301,1118.040077,1088.280087,1089.940071,1131.420086,1107.380081,1091.140072,1099.000084,1089.54007,1178.140079,1076.360069,1109.900085,1063.360085,1124.780075,1103.780083,1159.280075,1076.100079,1060.400085,1096.000069,1096.720081
Lyso_PC(12:0),-0.177304022,7.710154963,3.878687457,0.048902774,0.095294245,440.2699 -> 184.1,PC,1664.717893,1636.302336,1905.720131,1841.900154,1589.940094,1675.900108,1576.0201,1660.5401,1597.620106,1294.660095,1840.160152,1738.600121,1692.320114,1762.740135,1676.460114,1414.820103,1472.940105,1609.120106,1824.360119,1535.360107,1451.920101
PC (42:2),-0.1779997,7.389972579,3.875934863,0.048983023,0.095294245,870.7 -> 184.1,PC,1329.808989,1313.622313,1282.8601,1438.460106,1336.920101,1272.160099,1458.440109,1223.900093,1334.400097,1303.560093,1317.580101,1204.900078,1287.300079,1347.160088,1237.960091,1296.520081,1353.680096,1473.32011,1313.080097,1308.680099,1175.660088
Lyso_PC(17:2),-0.174916373,7.218412494,3.720618253,0.053744467,0.10361546,506.3168 -> 184.1,PC,1169.81786,1148.79786,1169.260078,1076.920071,1247.800083,1132.560081,1168.640087,1171.160088,1145.280083,1174.48008,1242.26009,1172.220089,1247.600082,1197.000088,1080.120083,1099.660084,1154.340088,1111.120071,1137.88007,1139.240082,1191.960087
Lyso_PC(5:0),-0.173708351,7.443509863,3.696074414,0.054540645,0.10421159,342.1603 -> 184.1,PC,1374.206766,1349.980096,1494.520107,1454.460106,1260.640091,1206.500092,1311.880089,1269.560097,1536.740101,1470.960114,1362.600098,1325.200089,1275.820091,1207.680088,1317.180099,1334.280094,1364.180088,1394.440109,1436.360096,1494.680111,1374.200092
PC (34:1),0.169715899,16.07558044,3.680593939,0.055049237,0.104252538,760.6 -> 184.1,PC,664405.6243,517092.0907,718439.5374,625946.4675,615681.925,640023.6448,618382.2798,592354.2471,735265.8357,717270.3501,716286.3318,416540.1022,418892.1888,396344.2689,567741.0382,554693.0946,566153.22,599172.0469,577937.0969,556355.7595,46707.24345
PC (36:8),0.169009161,9.751910033,3.62024621,0.057080425,0.107150974,774.5 -> 184.1,PC,8102.787234,6290.589333,9153.0606,6758.740421,7359.460484,7861.600681,6820.400475,7479.140457,10003.9807,9251.060719,8237.640564,5330.34034,5348.320415,5023.720329,5906.900429,6191.180401,7838.140598,7254.220478,6810.80048,6911.680523,2613.340179
PC (40:0),-0.167010637,8.413024982,3.490197678,0.061733213,0.113839889,846.7 -> 184.1,PC,2795.304642,2738.140195,3019.660206,2469.160172,2554.340199,2711.580208,3160.180222,3103.100216,2297.500145,2616.200188,3226.020226,2990.540218,2695.920197,2770.800213,2135.580158,2555.420174,2530.800171,3320.500225,2768.020195,2875.680206,1443.940094
PC (44:8),-0.169580854,7.262243176,3.50343529,0.061241671,0.113839889,886.6 -> 184.1,PC,1215.393414,1191.540084,1236.82008,1114.780071,1246.440079,1165.320084,1247.420086,1208.800079,1173.660072,1288.720085,1256.580093,1128.320087,1184.520084,1195.020096,1147.460075,1286.800091,1173.240078,1229.260082,1146.940083,1232.300083,1149.620083
SM (d18:0/26:0),-0.168536417,7.403174388,3.476678056,0.062239566,0.113839889,845.7 -> 184.1,PC,1351.180097,1323.320096,1242.960087,1176.120083,1223.240089,1383.260105,1326.840107,1334.380096,1583.360123,1389.780094,1500.680084,1237.84008,1316.460091,1243.440086,1514.720108,1329.640083,1148.120087,1468.520126,1362.660091,1288.48011,1175.860073
Lyso_PC(18:3),-0.165167569,7.310697799,3.327901715,0.06811372,0.123528272,518.3168 -> 184.1,PC,1252.495644,1223.904532,1289.100098,1359.000088,1249.060093,1249.320087,1346.12009,1068.240082,1272.980087,1354.360096,1084.280071,1175.800091,1145.780083,1288.080101,1265.480091,1274.700085,1139.620079,1337.620087,1064.240082,1323.820091,1267.140091
C15:0,-0.159575971,12.49841405,3.250272166,0.071411599,0.125942479,241.3 -> 241.3,FFA,46099.77662,45162.4099,41926.94315,45398.56319,46867.38333,40980.92306,53367.9437,61356.02466,40706.74297,39043.90268,45249.56288,43083.62302,41470.36296,43728.72318,50298.86391,51393.68381,52795.94354,38253.90269,40874.50288,44562.08308,39058.58279
C20:5,-0.159563428,11.63615055,3.246365568,0.071582017,0.125942479,301.3 -> 301.3,FFA,25596.98629,24833.21282,27394.28199,27651.80209,28782.90211,22342.80167,22696.20152,26153.76188,24476.74179,25198.28177,25676.10174,27118.86178,25369.60189,27623.40186,23700.54165,23489.46168,24583.4217,23223.24157,23503.00156,24887.38169,20526.20143
Lyso_PC(17:1),-0.162834456,7.370970235,3.241406325,0.071798983,0.125942479,508.3325 -> 184.1,PC,1314.568987,1281.915647,1204.020081,1731.260124,1051.440071,1260.60009,1330.980103,1274.600109,1402.46011,1231.000099,1344.760098,1312.7001,1325.460075,1189.820084,1296.500099,1252.020092,1241.440086,1204.380093,1360.180107,1354.740089,1236.940098
PC (40:8),-0.162922716,7.659914098,3.271546923,0.070491125,0.125942479,830.6 -> 184.1,PC,1614.115673,1580.822331,1388.160091,1979.200138,1509.320114,1293.720108,1800.02013,1605.68013,1625.280109,1499.380108,1826.280128,1421.240097,1399.540085,1604.040115,1348.880104,1551.480106,1851.00013,1818.020115,1499.580105,1733.620121,1393.280094
PC (42:0),-0.16243175,7.251891915,3.212223014,0.073090117,0.127164919,874.7 -> 184.1,PC,1200.097864,1172.395638,1177.380089,1125.020084,1151.260075,1187.120087,1127.220078,1302.940102,1212.180088,1251.140091,1266.620083,1151.200096,1083.600075,1087.800079,1197.840084,1165.020081,1204.980087,1171.460083,1193.800087,1295.860073,1257.840092
SM (d18:2/18:1),0.16016859,8.141119219,3.195885887,0.073823763,0.127405526,727.6 -> 184.1,PC,2593.55796,2028.475694,2722.620193,2547.340176,2364.380169,2743.760208,2716.14016,2147.66016,2733.060211,2567.900177,2799.160187,1672.840118,1744.260113,1814.040131,2194.860134,2130.900158,2073.200161,2086.700127,2404.760159,2134.72015,1281.700092
Lyso_PC(21:0),-0.15990236,7.883048272,3.169085919,0.075044436,0.127456422,566.4107 -> 184.1,PC,1916.24902,1871.715696,1871.20015,1670.200108,1878.020115,1992.260143,1815.920128,1835.860115,2069.56015,2165.760143,1947.460125,1368.080101,1927.860153,1765.120121,2150.120159,1816.680141,1602.840122,2404.880184,1985.180149,1824.68013,1338.8601
PC (36:1),0.157664826,12.74688511,3.17374619,0.074830624,0.127456422,788.6 -> 184.1,PC,64876.04012,50957.62144,67266.20491,62795.46454,62444.82391,61594.50471,59486.18411,58246.58455,71607.78571,70581.04395,69861.76471,41514.16304,39217.38226,39668.6428,54475.32441,55249.60419,58509.70402,58312.24468,59311.32439,52360.2032,14336.30089
Lyso_PC(19:0),-0.160054031,7.529607408,3.146901243,0.076071298,0.128183132,538.3794 -> 184.1,PC,1476.56233,1444.575659,1321.560101,1538.120121,1456.860104,1472.340111,1722.680119,1444.120102,1289.44009,1484.200111,1559.740112,1187.600075,1576.900097,1350.760098,1451.820095,1561.440121,1343.620094,1749.220146,1434.320107,1345.500095,1244.840092
Lyso_PC(18:2),-0.15735293,8.039796802,3.078099126,0.079353219,0.132668664,520.3325 -> 184.1,PC,2132.917924,2072.211261,2326.640167,2309.680168,1808.260113,2222.220146,2151.100151,2088.320141,2196.380146,2176.06015,1917.600132,2286.0802,2127.28017,1819.880123,1961.140137,1796.540138,2205.460136,2240.560169,2041.880127,2171.080151,1539.000099
PC (36:0); PCp(38:6),0.153879956,9.489997034,2.996073738,0.083466565,0.138463914,790.6 -> 184.1,PC,6619.340474,5207.555915,6008.520412,6704.240387,6111.740425,6451.180508,6569.90049,6672.260471,7292.760525,6604.800522,7158.660522,4547.180321,4293.680279,4611.640297,5078.68034,5887.000431,5450.480343,5443.76041,5610.120415,5945.4604,2908.000191
SM (d16:1/24:1),0.150845333,11.95969332,2.903126768,0.088407911,0.145533022,785.6 -> 184.1,PC,37862.86273,29828.12873,43579.70296,36861.04262,32452.58223,34860.18268,36396.84274,32466.02237,40964.58328,41051.34254,42133.46317,24552.58187,23279.76208,23205.46151,31894.80228,30644.46247,30698.98193,35292.66256,33902.30186,34982.14201,5384.400352
PC (44:4),-0.152488643,7.235537419,2.831200195,0.092449246,0.151023958,894.7 -> 184.1,PC,1205.713419,1168.017865,1197.380077,1184.840076,1186.620087,1154.960094,1239.640087,1155.820091,1163.460075,1319.640091,1249.060093,1092.620071,1201.58009,1119.040089,1207.020096,1176.880089,1260.340103,1127.420074,1191.680084,1135.580086,1074.060081
PC (44:6),-0.151200835,7.286672945,2.788489967,0.094943656,0.153923806,890.7 -> 184.1,PC,1251.575645,1213.413416,1220.060089,1163.220078,1342.62011,1306.640095,1229.560078,1193.140095,1129.780075,1421.080105,1258.080086,1227.260078,1150.560074,1135.760082,1245.980091,1217.880085,1167.280075,1237.540081,1306.540089,1231.920086,1079.800072
Lyso_PC(9:0),-0.147916761,7.388246042,2.675414662,0.101908779,0.163973525,398.2229 -> 184.1,PC,1327.946761,1280.408979,1327.140095,1386.180096,1321.960094,1458.380104,1255.400085,1194.200085,1241.200089,1399.360104,1367.7001,1300.500099,1282.120094,1416.200092,1224.180088,1126.880077,1178.580086,1418.820095,1354.560093,1221.840084,1367.900112
PC (42:8),-0.14692274,7.513954742,2.651510532,0.103451551,0.165213672,858.6 -> 184.1,PC,1480.102331,1430.322324,1522.680119,1604.000126,1459.92012,1413.560104,1492.340099,1400.680092,1670.240143,1402.420094,1355.080086,1241.100094,1473.66011,1416.180096,1352.820087,1317.2001,1660.920124,1544.700108,1580.360111,1285.960087,1135.16008
PC (42:3),-0.146229565,7.637318862,2.635356177,0.104508622,0.165665519,868.7 -> 184.1,PC,1625.584558,1557.868994,1982.280132,1524.500114,1395.640079,1719.720108,1620.020126,1262.240074,1789.520134,1651.120117,1685.220135,1616.440113,1378.820084,1673.340107,1491.300106,1645.380112,1686.960121,1337.460083,1514.720116,1676.400108,1175.720089
PC (46:2),-0.146992801,7.158940506,2.622944702,0.105328812,0.165737983,926.8 -> 184.1,PC,1135.13564,1096.297854,1078.080074,1173.600086,1128.000088,1115.98008,1176.94009,1133.480087,1120.600086,1123.760086,1165.780087,1068.700073,1062.380074,1125.540077,1121.48008,1093.480072,1067.900074,1092.600075,1105.240078,1129.360085,1123.540085
Lyso_PC(6:0),-0.143676608,7.542167918,2.535436189,0.111316121,0.173880657,356.176 -> 184.1,PC,1481.844546,1421.748988,1518.540104,1580.220097,1253.00008,1718.240124,1509.240105,1274.880089,1420.520107,1745.060127,1316.900078,1602.0401,1555.600113,1394.500107,1295.600086,1331.640095,1349.960091,1477.720112,1432.780102,1355.900085,1510.220097
C18:4,-0.13981635,11.08992618,2.490292979,0.114550399,0.177636126,275.3 -> 275.3,FFA,17873.81909,17127.24341,19757.32143,17958.96136,18468.66134,17155.4012,16548.98124,15974.40119,18733.92143,16718.66119,19548.06139,17274.40124,17238.70123,16245.28115,16560.52113,17456.98125,15980.58108,17411.00121,17964.70119,18013.02122,12110.18086
Lyso_PC(4:0),-0.141231985,7.425594833,2.441190048,0.118186533,0.181956245,328.1447 -> 184.1,PC,1356.877873,1303.235647,1601.420113,1547.160103,1412.760101,1328.700085,1362.320095,1404.140106,1106.900082,1202.360081,1246.140095,1559.080105,1401.64011,1234.440086,1323.020088,1112.080078,1330.020084,1290.920094,1259.600101,1218.320076,1472.64011
SM (d18:0/14:0),-0.138476444,9.586752338,2.428675382,0.11913353,0.18210411,677.6 -> 184.1,PC,6534.296007,6281.396006,8021.480473,6112.340401,6024.160446,6580.960442,6002.280499,6435.380451,6913.060486,6493.980499,6225.02037,5467.200371,5708.460434,5467.880405,6632.700497,6315.300388,6480.780396,7192.600574,6578.320461,6689.32053,1732.14011
PC (44:3),-0.139123937,7.21457848,2.354988997,0.124882766,0.189538383,896.7 -> 184.1,PC,1192.208973,1143.468973,1326.320095,1250.480091,1255.680092,1098.640083,1071.860081,1194.440079,1139.740074,1194.640079,1198.080078,1063.480076,1179.840096,1139.100082,1235.300087,1130.280079,1158.580086,1140.820084,1104.740086,1139.080078,1084.020077
SM (d18:1/20:0),0.135434931,13.82760804,2.343473438,0.125808753,0.189599106,759.6 -> 184.1,PC,138206.287,110079.7541,155783.4707,131692.708,125635.9281,132844.5091,125066.4291,125167.7296,148652.3084,152194.6902,146818.8101,87589.88707,91067.42516,86445.4455,122288.2692,119939.2275,114405.5892,128955.0082,123921.448,116105.4875,11250.00076
PCo(34:4),-0.137103094,7.702147605,2.320069067,0.127714355,0.191124979,740.6 -> 184.1,PC,1695.073453,1620.793446,1984.740147,1500.780113,1739.560116,1458.160084,1555.360111,1777.880135,1866.460133,1536.640102,1836.080135,1857.860134,1503.500114,1568.320103,1328.62009,1720.600121,1465.92009,1756.68013,1773.380112,1612.26012,1298.920094
PCo(40:6),0.135245601,8.459780158,2.29058138,0.13016116,0.193433946,820.6 -> 184.1,PC,3225.471331,2548.622405,3452.300243,2951.620193,3006.320198,3326.020203,2621.460167,3030.000217,3728.480297,3262.140213,3650.900249,2461.280155,2401.520176,2690.480198,2497.060165,2397.44017,3080.260242,2757.380199,2127.300167,2524.880173,1488.820107
Lyso_PC(15:0),-0.134992029,7.442213044,2.23266801,0.135120348,0.197043353,482.3168 -> 184.1,PC,1392.555655,1335.315648,1315.240093,1483.240112,1404.020088,1367.640106,1416.660114,1391.760105,1388.380096,1379.860085,1386.200092,1399.660091,1280.180096,1239.680073,1296.680092,1315.700092,1281.840092,1397.820099,1386.520111,1419.76009,1307.420086
Lyso_PC(16:0),0.132959787,10.48664021,2.248108459,0.133777839,0.197043353,496.3325 -> 184.1,PC,12876.48986,10273.49186,16322.98108,11529.14084,12816.341,12137.1209,11621.92086,11953.681,13164.56118,13198.56084,13144.10101,8735.96067,8382.800659,7935.580555,10185.10087,11081.32074,11741.88077,11763.10081,11377.18082,11258.50081,8730.300579
PC (38:6),-0.132689617,9.583441039,2.2300187,0.13535221,0.197043353,806.6 -> 184.1,PC,6544.402678,6281.442688,6333.380455,6761.760441,6118.500496,7152.92057,6569.160423,5580.800396,7075.220417,6933.200493,6374.680412,4966.9604,5483.780495,5176.400417,7861.460526,6935.400471,6438.540478,6528.980419,6624.26049,6517.200497,1498.700123
Lyso_PC(3:1),-0.134430922,7.321637826,2.206473879,0.137432485,0.198719944,312.1134 -> 184.1,PC,1286.731205,1230.153418,1286.620094,1413.580105,1261.840096,1273.960083,1197.960091,1316.240097,1275.960094,1268.160088,1286.260094,1355.860085,1178.160088,1181.800087,1182.740082,1316.320087,1130.540077,1243.160099,1138.420067,1344.380093,1149.780075
SM (d18:1/26:1)17Z)),0.132312263,8.569588299,2.195632541,0.138402384,0.198779262,841.7 -> 184.1,PC,3470.544689,2760.522407,3845.300236,3330.86026,3015.700233,3746.58025,3233.520245,3252.460232,3244.780201,3241.820244,4323.880299,2272.820145,2635.16016,2670.660217,2304.460148,2831.840199,3323.880184,3022.000214,2958.740211,2825.140186,1631.96011
PC (34:2),0.127720996,15.03815901,2.084778327,0.148773817,0.212250646,758.6 -> 184.1,PC,319862.4519,256189.0245,353315.1869,309335.261,285708.1836,305072.7611,285598.821,291810.942,354753.1442,347872.2839,345295.4833,206906.0749,200757.5138,198916.3323,284609.7189,270719.4963,274608.0195,291158.2805,288266.0417,289759.7426,18247.56127
Lyso_PC(24:1),0.125719869,8.375518251,1.977034921,0.15970312,0.225214053,606.442 -> 184.1,PC,3025.78465,2422.65572,3421.040218,3276.540192,2665.920185,3100.120228,2797.480194,3179.820206,2544.320187,3053.480236,3193.340206,2351.060154,2547.480183,2141.320137,2557.240173,1699.680141,2430.940166,3019.120193,2515.120174,2541.940159,1362.380108
PC (40:2),-0.125583092,8.453562415,1.974555768,0.159965122,0.225214053,842.7 -> 184.1,PC,2883.53798,2742.191303,2604.340172,2687.420189,2484.80019,2912.940216,2944.280197,2812.940197,2853.840179,3603.380253,3047.90023,2560.380199,2598.20018,2482.88015,3176.840237,2843.900208,2730.380199,2233.220161,3075.98019,2977.940205,1965.160149
PCo(44:4),-0.126974433,7.259912587,1.964280318,0.161056285,0.225268268,880.7 -> 184.1,PC,1230.846753,1169.780082,1193.680073,1150.040089,1145.260082,1347.460098,1225.840092,1150.460083,1148.100079,1260.640076,1456.140102,1088.400082,1070.260075,1307.540092,1213.98008,1193.280087,1173.18008,1166.200085,1142.540081,1172.640079,1181.340099
Lyso_PC(16:1),0.12321622,9.695074389,1.924068422,0.165408853,0.229853861,494.3168 -> 184.1,PC,7647.896104,6130.671546,9871.980816,7588.340584,7301.700508,7762.180508,6888.860424,7446.920498,8098.720531,7298.420589,6573.940479,5150.580399,6028.020451,5223.940392,6360.960407,6505.140541,6311.480392,6726.20052,6548.180458,6321.540356,2524.020203
PCp(36:5),0.123369773,8.506837711,1.907258877,0.167268065,0.230937845,764.6 -> 184.1,PC,3295.160239,2648.013535,3485.260273,3047.880196,3554.100258,3055.860249,3467.04023,2972.260204,3548.600266,3553.320259,2972.12022,2413.820198,1934.180157,2607.760197,2690.480202,2722.840179,2637.960201,2981.460209,2959.460247,2884.160221,1663.080128
PC (42:1),-0.121941709,7.371058555,1.818790318,0.177457336,0.243435064,872.7 -> 184.1,PC,1346.59787,1272.582307,1548.800095,1362.5401,1255.100094,1341.740093,1231.780087,1442.000099,1260.16008,1365.800095,1311.460091,1402.960098,1247.460083,1402.400101,1163.040073,1244.400078,1309.280094,1259.900082,1150.18008,1273.620075,1100.860081
Lyso_PC(8:0),-0.12012205,7.486251026,1.770063587,0.18337421,0.24994956,384.2073 -> 184.1,PC,1445.308991,1362.926764,1812.26012,1438.400097,1430.260086,1358.180096,1232.080086,1411.58009,1337.140106,1422.080109,1565.800129,1417.100109,1198.120087,1619.300106,1246.800079,1210.560089,1302.580097,1125.980072,1758.740135,1387.160103,1392.8801
Lyso_PC(22:4),-0.111657487,7.631979862,1.536432435,0.215149612,0.291405171,572.3638 -> 184.1,PC,1628.769006,1535.444551,1786.740128,1795.300133,1642.560108,1779.360104,1714.660141,1346.680107,1479.860111,1500.560116,1613.200108,1401.940075,1391.620102,1570.180111,1482.360107,1669.020115,1433.700104,1531.720104,1552.740097,1785.720146,1206.420086
SM (d18:2/20:1),0.109497586,8.906988373,1.510252223,0.219100603,0.29489012,755.6 -> 184.1,PC,4433.858075,3582.186918,5103.340343,4474.100269,3897.680283,4635.640308,3912.580276,4127.580292,4664.960312,4672.040276,4416.800316,3290.420246,3068.500202,3639.800224,3293.82021,3414.060238,3448.440243,4605.50034,3403.480289,4075.660275,1233.080086
Lyso_PC(10:0),-0.109671333,7.547464079,1.478125908,0.224067972,0.297829478,412.2386 -> 184.1,PC,1513.964548,1422.22899,1802.500134,1743.700123,1462.440094,1432.140091,1451.380089,1313.240101,1355.980099,1387.480087,1676.820118,1572.8801,1453.560108,1248.160084,1328.660095,1336.260105,1322.560097,1730.820122,1506.600105,1300.560097,1438.100101
SM (d18:1/26:0),-0.109470483,7.846855168,1.484365024,0.223092821,0.297829478,843.7 -> 184.1,PC,1893.880131,1788.373454,1772.00013,1921.160118,1643.180115,1598.420113,2191.980164,1850.040138,2059.380123,2224.220165,1784.540115,1538.360111,1567.580109,1626.560104,2053.200119,1737.040131,1903.700123,2027.360149,1923.260136,1718.300106,1387.600094
PC (36:7),-0.10842309,8.166982386,1.465473243,0.226061274,0.298624153,776.5 -> 184.1,PC,2387.06461,2248.449051,2383.960178,2721.46019,2060.960125,2424.860165,2192.900166,2162.600155,2398.760151,2615.700203,2522.380157,2044.220135,2044.100151,1677.460117,2162.360165,2313.160183,2966.380192,2129.620163,2301.020172,2597.720184,1541.460098
PCp(42:4),-0.10885313,7.425453456,1.451787733,0.228241312,0.299654238,850.7 -> 184.1,PC,1401.831207,1321.77565,1328.240086,1318.300098,1253.340092,1401.820095,1384.100086,1525.160103,1349.620094,1490.560104,1565.340107,1244.280094,1196.900093,1179.32008,1496.800102,1221.400082,1417.260105,1398.32011,1383.78009,1357.920097,1170.10009
Lyso_PC(3:0),-0.106733565,7.423590776,1.395011918,0.237560527,0.309987517,314.129 -> 184.1,PC,1387.222323,1300.115644,1514.880112,1392.780109,1419.220097,1380.62011,1487.640099,1276.960087,1407.060104,1209.820095,1396.020096,1401.900097,1185.340084,1421.740108,1171.780075,1250.440079,1365.880085,1192.520084,1477.740105,1233.700077,1325.320107
PC (40:9),-0.10369343,7.783589786,1.329354221,0.248920135,0.322841872,828.6 -> 184.1,PC,1793.115686,1679.497896,1625.260124,1765.020138,1352.380096,1978.720127,1812.920124,1945.600132,2152.880161,1666.380131,1838.880138,1822.160149,1537.700092,1521.640106,1654.260117,1593.420113,1691.680107,1507.700111,1869.520134,1917.400135,1595.480129
PC (38:8),-0.102630275,8.128544222,1.31165748,0.252094779,0.323043609,802.5 -> 184.1,PC,2294.860165,2146.9646,2377.440174,2330.000172,1912.360153,2465.5602,2049.400131,2347.740162,2110.420158,2809.760216,2251.060116,1904.880135,2340.200172,1937.76012,2101.06015,2331.340199,2257.700169,2253.140152,2309.180164,1887.420135,1868.360146
PC (44:12),-0.103907862,7.264225455,1.316036796,0.251304562,0.323043609,878.6 -> 184.1,PC,1249.640087,1171.004527,1177.180084,1263.840096,1191.440086,1427.060089,1148.840088,1270.380081,1327.900078,1218.020096,1222.100082,1222.140083,1168.600075,1099.300083,1137.180077,1169.720085,1230.560085,1179.400085,1246.600098,1085.54007,1109.66008
PC (32:5),-0.10226227,7.970039155,1.298829403,0.254427157,0.324091736,724.5 -> 184.1,PC,2083.800151,1946.789016,2138.720165,1966.360134,1792.420116,2019.040161,2099.960186,2381.380157,1978.080132,2064.880123,2313.360184,2075.26012,2013.060158,1930.780132,1903.240124,1894.380123,2257.920151,1986.780117,1859.700119,1599.980103,1323.160099
Lyso_PC(18:1),-0.09862717,10.66597306,1.238187546,0.265820644,0.336601289,522.3481 -> 184.1,PC,14001.21655,13113.09422,15902.26119,14306.70089,14259.48095,13898.78093,13883.22113,11229.36089,15539.06103,13802.00094,13190.08102,12912.86074,10421.88076,10127.72066,13436.3609,13818.90102,13836.42123,14969.68112,14407.1208,14086.90075,3729.040237
PC (36:5),0.098422708,9.738221274,1.228228734,0.267751784,0.337052246,780.6 -> 184.1,PC,7904.245012,6452.096029,8485.260693,7590.720554,6928.540466,7568.160538,8596.760635,7598.900471,8380.760612,8358.920574,7630.180565,6539.220417,4514.840336,5989.700497,6663.960567,6940.180447,7169.840546,6639.3405,6806.300438,6805.480511,1590.380119
Lyso_PC(22:5),-0.098775281,7.537045311,1.197711423,0.273779571,0.342624727,570.3481 -> 184.1,PC,1478.377881,1376.028988,1657.660107,1398.860092,1544.360111,1331.880085,1374.380096,1442.260117,1563.640118,1333.960079,1658.40012,1469.30011,1250.400093,1475.900127,1420.260082,1335.360085,1192.220097,1454.420101,1348.500092,1437.900108,1769.940121
PC (38:7),-0.095179502,8.607137383,1.13709614,0.286266765,0.356169115,804.6 -> 184.1,PC,3306.871341,3071.96243,3522.180271,3124.760231,2914.82019,3269.580227,3069.640182,3167.300232,3154.920231,3857.480267,3681.16024,3103.960182,3335.300228,2854.040245,2944.54018,2954.140194,2429.220146,3593.340256,3550.940243,2882.180199,1529.960098
PC (38:1),-0.09384463,9.670102394,1.115937698,0.290794857,0.359711558,816.6 -> 184.1,PC,6835.536052,6375.889353,6995.22049,6758.860489,5639.26046,6530.960506,6780.400455,6721.280392,7317.440552,7424.240578,7352.160545,5394.020393,5418.700371,5791.980415,7224.040554,6003.400455,7169.660519,7474.600468,6406.300488,6500.30051,4048.800293
PC (42:7),-0.091064112,7.656917453,1.022820882,0.311850821,0.383540665,860.6 -> 184.1,PC,1675.953453,1558.833442,1567.520119,1651.880108,1793.640129,1525.560116,1441.120098,1627.960114,1676.500126,1989.680134,1809.720139,1521.420128,1313.160095,1372.840088,1827.600109,1712.000114,1667.26012,1554.800102,1722.380131,1338.040092,1176.780102
PC (36:6),-0.084623239,8.242502743,0.894071304,0.344376403,0.421123144,778.5 -> 184.1,PC,2551.397953,2369.515714,2368.760139,2922.480209,2287.580154,3276.000221,2456.24015,2356.600163,2335.18018,2133.840164,2825.900196,2032.84016,2334.940155,1887.680134,3153.160191,2438.460152,2549.10017,2412.200169,2456.280159,2060.980133,1371.66011
PC (40:1),-0.083963817,7.661064866,0.86900242,0.351231629,0.427065731,844.7 -> 184.1,PC,1648.626786,1528.982335,1413.380104,1631.640125,1484.740105,1854.420132,1610.320095,1794.100124,1464.580093,1865.940155,1718.520138,1498.840118,1427.940102,1441.900124,1439.520107,1413.720116,1516.960098,1752.900124,1575.700108,1693.360119,1537.420105
Lyso_PC(22:0),0.08024668,8.603026241,0.80810903,0.368679908,0.445748589,580.4264 -> 184.1,PC,3475.760256,2860.929092,4051.120308,3024.520222,3122.400227,3553.24028,3555.040276,3005.780231,3674.740253,3695.340237,3599.660271,2883.400173,2352.640141,2730.400223,3502.42025,2681.660217,3251.500225,2893.060196,2629.800186,2823.480221,1851.720127
PCo(36:4),0.079457806,8.853653174,0.794848098,0.372638181,0.448003207,768.6 -> 184.1,PC,4195.200303,3468.886912,3932.98024,4922.440392,3930.540249,3944.120289,3869.600292,3882.260262,4034.540253,4897.360424,4342.960327,3732.100281,2868.140221,2968.320225,3820.600285,3274.980251,3222.780205,3844.240238,3871.300282,3617.520226,1459.160107
SM (d18:1/14:0),0.078030111,9.336635326,0.769854825,0.380261967,0.454614866,675.5 -> 184.1,PC,5827.984875,4827.229232,5548.060425,6499.200504,5120.840408,6045.020443,5232.660355,5557.98035,6024.040455,6155.260479,6268.800453,4100.620285,4309.000324,4281.98032,5333.340332,4831.380314,4877.360394,5282.060326,5412.960396,5016.360394,2427.76017
Lyso_PC(14:1),-0.077842142,7.434265087,0.742307272,0.388922778,0.45983135,466.2855 -> 184.1,PC,1414.182326,1295.97787,1385.540089,1381.420109,1422.800106,1218.100086,1237.920094,1533.600098,1606.380123,1389.060108,1552.820118,1494.300098,1337.940109,1308.860085,1305.180096,1232.940086,1153.260078,1323.800087,1265.560089,1241.960098,1330.600109
PC (40:5),0.076891928,9.338627283,0.747693436,0.387207487,0.45983135,836.6 -> 184.1,PC,5912.860392,4911.560352,6457.900402,5465.100407,5798.780365,6373.040447,5387.200333,5806.200375,6275.560459,5626.180317,6025.780426,4466.440319,3733.060249,4240.920284,5546.300407,4315.740261,5035.940392,5366.68045,5888.64045,5610.320354,1580.840115
C18:3,-0.070959763,11.16366616,0.641752046,0.423077067,0.497464244,277.3 -> 277.3,FFA,19457.9236,17729.79236,22575.66177,19812.36132,18396.62134,17571.32126,17476.26127,16783.04115,21608.56146,20783.60147,20113.88137,17476.94115,18137.5013,17386.60123,17551.42123,17254.24128,18558.66124,18099.52131,17501.72123,17601.52126,11279.7808
PC (34:6),-0.07070709,7.901411562,0.620104404,0.431008492,0.504020859,750.5 -> 184.1,PC,2002.457924,1836.635683,1901.200123,1789.180122,1875.380131,1714.600136,2087.840149,2216.580154,1956.540134,2170.640171,2310.160194,1761.660118,1799.600121,1696.340122,1742.100101,1808.720135,1611.020115,2027.780136,2013.440155,2069.060146,1342.58009
PC (34:4),0.069410763,9.424497434,0.609718184,0.434893939,0.505800559,754.5 -> 184.1,PC,6320.153778,5248.969269,8035.940445,5838.560429,5675.720463,5400.260406,5367.400398,5344.880341,7974.000607,6509.460403,6735.160511,4340.820309,4450.08028,4372.020325,4943.600327,5592.880402,5197.220364,6712.920509,5892.960449,5738.220459,1440.240093
SM (d18:0/24:0),-0.068405924,8.472516195,0.586070684,0.443942596,0.513533597,817.7 -> 184.1,PC,2959.657986,2714.313521,2899.300171,2591.740181,2301.96014,3065.500202,3055.440239,2819.400204,3321.200222,3124.080257,3458.300255,2655.080196,2522.560177,1693.040123,2682.200161,2988.260197,2576.560162,2728.700184,3952.380306,2630.04018,2306.980167
PC (40:6),-0.067532759,9.015573833,0.57516731,0.44821284,0.515685741,834.6 -> 184.1,PC,4469.255861,4091.613625,4396.120235,4484.220337,3879.140297,4873.800304,3942.220242,4339.460323,5064.740314,4479.040348,4764.560352,3770.440269,3414.980259,3277.680241,4441.020256,4951.56031,4441.880341,4261.060333,4229.260307,4036.640312,1606.340122
C28:0,-0.060892333,12.42591634,0.473464258,0.49139775,0.559357014,423.4 -> 423.4,FFA,47027.90331,42680.63635,57751.0038,51315.38352,50564.9235,45384.16323,42950.7231,38604.42287,44647.76322,45542.1032,46490.64333,42950.98309,41986.8429,41610.04304,40385.98286,40076.04258,41935.46294,46608.10319,43431.12315,45141.14336,23953.08174
Lyso_PC(17:0),-0.062418986,7.569155064,0.478696169,0.489013493,0.559357014,510.3481 -> 184.1,PC,1524.095665,1387.551207,1239.840076,1465.400101,1505.46011,1519.900105,1665.700115,1583.880108,1663.560131,1731.120148,1342.000088,1525.020107,1329.460083,1424.640106,1414.180107,1385.680088,1460.94009,1391.460094,1213.860088,1342.720097,1821.160141
PCo(40:5),0.060161363,8.38760396,0.452923611,0.500949838,0.567213044,822.6 -> 184.1,PC,2983.082439,2490.873497,3086.780258,3205.400219,2364.420151,3103.62022,2687.920181,2433.520172,3187.340267,3519.720234,3259.020245,2152.120155,2407.660149,2184.980118,2897.320221,2415.220131,2339.020153,2816.88018,2538.580166,2666.080204,1533.140102
Lyso_PC(20:0),-0.058451998,7.815896453,0.422846695,0.515520006,0.580638322,552.3951 -> 184.1,PC,1874.609022,1699.995669,2180.400139,1536.800106,1990.600136,2025.980152,1913.360149,1868.700127,1597.480118,1767.84013,1990.320145,1673.460106,1784.480122,1735.740108,1819.24012,1589.940105,1530.280106,1608.780102,1781.760124,1776.280132,1487.420116
Lyso_PC(20:1),-0.0502936,8.487271858,0.317061901,0.573378708,0.642424311,550.3794 -> 184.1,PC,3102.813554,2800.946859,3119.580238,2910.000217,2759.940163,3151.980221,3307.040245,2795.160225,3497.600212,3036.540211,3347.480251,2635.860172,3101.96022,2113.440159,3046.940231,3053.060215,2727.140194,2883.180187,3049.680187,2597.260162,1257.380096
PC (44:5),-0.050544484,7.302683143,0.311736553,0.576616517,0.642687159,892.7 -> 184.1,PC,1298.797866,1175.168971,1355.740101,1227.160072,1152.820076,1326.380089,1384.460094,1397.260098,1287.720089,1365.400089,1192.240086,1112.200081,1198.060085,1076.500072,1193.220081,1147.16008,1166.140083,1281.32008,1266.480099,1135.440075,1237.780083
SM (d18:1/24:1)15Z)),-0.048610586,12.32483579,0.301720409,0.582805884,0.646219995,813.7 -> 184.1,PC,44727.6033,40428.14498,46371.92384,43467.62276,39335.36254,41654.16335,41380.54325,39932.3828,50545.12362,49800.8834,50060.42411,35505.52267,31499.08184,33039.72203,42726.98354,41993.70288,43265.04323,46694.52289,44475.94312,44652.78265,15759.32128
PC (42:5),-0.048085753,7.994105786,0.287407999,0.591886353,0.649557331,864.6 -> 184.1,PC,2172.849045,1957.269027,2183.020138,2036.120144,2254.060169,1937.700142,2195.440155,1884.600151,2147.540169,2650.560165,2266.600174,1986.700119,1808.020138,1932.140141,1907.36013,1619.000126,1923.660141,2090.480133,2165.040154,2183.020164,1250.280087
SM (d18:1/12:0),0.048414388,7.567177574,0.28832707,0.591294583,0.649557331,647.5 -> 184.1,PC,1637.80012,1377.673434,1721.940128,1402.560097,1589.780117,1657.020123,1725.840118,1506.560112,1782.720135,1732.460121,1621.320126,1265.040092,1497.320114,1410.280102,1352.180107,1218.620094,1327.000088,1332.240101,1490.880112,1505.500092,1274.820095
PC (42:4),0.046755245,8.061595357,0.272062398,0.601951641,0.657232915,866.7 -> 184.1,PC,2350.460173,1990.209027,2303.540184,2022.020134,2294.360153,2068.50016,2544.160183,2087.480167,2412.280163,2686.640186,2735.160229,1661.300102,1852.060127,1582.340122,2084.080147,1935.70013,2234.120144,2155.780163,2212.640167,2193.860142,1346.820099
Lyso_PC(22:2),-0.046185137,7.589682724,0.262594033,0.608343595,0.657502673,576.3951 -> 184.1,PC,1611.106778,1453.624549,1775.200123,1618.780098,1656.160107,1287.500084,1563.180122,1814.020126,1563.620125,1523.260101,1698.240112,1347.900097,1286.320099,1457.980087,1306.540089,1587.120125,1380.440098,1533.580101,1718.740128,1464.000118,1251.640083
PC (38:2),-0.045515379,11.78174381,0.264357886,0.607141912,0.657502673,814.6 -> 184.1,PC,30915.98226,27932.56636,30832.04221,29454.72189,27237.44222,31522.80224,28129.02222,28222.76192,35029.34274,34621.5625,33194.1424,22220.78152,24563.66143,20452.84121,27616.80225,29517.10231,30556.18201,31544.82221,31943.52231,32977.38201,8506.700684
Lyso_PC(20:4),-0.039925421,7.588292074,0.196269081,0.657749341,0.707328438,544.3325 -> 184.1,PC,1624.704555,1454.166767,1881.760128,1448.260109,1593.200089,1460.540092,1637.300125,1411.260101,1846.000114,1736.66013,1607.360107,1371.620098,1341.340092,1335.460102,1287.740078,1504.560112,1639.760128,1463.280094,1560.220112,1583.520088,1189.520084
PC (42:10),-0.036213597,7.540831709,0.161225913,0.688030348,0.736192472,854.6 -> 184.1,PC,1565.013443,1392.860097,1833.740108,1733.56012,1173.460083,1352.900105,1559.260109,1564.7201,1645.34013,1678.240112,1543.900116,1435.220089,1483.2201,1268.160095,1390.940094,1495.480114,1339.600094,1221.360085,1526.700108,1375.060097,1247.700096
PC (30:0),0.034828716,14.33308048,0.155054665,0.693750994,0.738620461,706.5 -> 184.1,PC,189743.7001,162128.2089,202516.1761,177138.1529,173982.8532,183272.5329,173147.0518,172534.8719,211252.4546,209267.1743,204582.0334,130200.7269,132517.2904,127905.71,174131.7732,164999.4695,168707.7544,190588.8909,185448.2518,184654.0132,14715.50117
Lyso_PC(22:1),-0.033353576,7.827488151,0.137766665,0.710511422,0.752720021,578.4107 -> 184.1,PC,1923.942356,1720.055681,2060.000141,2118.960144,1882.200134,2154.520153,2100.240154,1672.040119,1679.940121,1967.900127,1679.680107,1497.940109,1855.120159,1588.620132,2034.260128,1767.380123,1494.040112,1699.580112,1929.320122,1614.240128,1289.440098
SM (d18:2/14:0),0.032406783,7.349272756,0.128403689,0.720092924,0.759112738,673.5 -> 184.1,PC,1401.226764,1193.88675,1230.68008,1278.280087,1426.680107,1629.140118,1416.760101,1329.500088,1451.300102,1360.720081,1487.980114,1111.680073,1117.060081,1358.800087,1349.100098,1163.08009,1114.960072,1114.960075,1204.820095,1210.520081,1051.04007
PC (38:9),-0.030675694,8.932157112,0.118565387,0.730595682,0.766409196,800.5 -> 184.1,PC,4222.180289,3774.044713,4591.260372,3250.14024,4114.880245,4217.240284,3817.460274,4341.480278,4685.100307,4576.640293,4405.420311,3522.920242,3354.100224,2793.000187,4288.240341,3411.360245,4256.020283,4565.180332,3973.200298,3802.380268,2079.120136
PCo(42:4),-0.02805229,7.506731783,0.09665837,0.755877182,0.789062034,852.7 -> 184.1,PC,1527.853446,1361.45121,1490.020107,1952.960167,1415.2201,1770.820137,1512.680111,1560.300114,1330.460091,1420.620102,1297.600086,1210.420094,1400.060089,1320.380104,1301.000088,1567.580124,1454.100105,1243.200096,1182.820087,1573.500107,1166.520084
Lyso_PC(18:0),0.026252792,8.775054026,0.086644357,0.76848731,0.798331477,524.3638 -> 184.1,PC,3737.682473,3204.378009,3892.9603,3266.480225,3696.860249,3471.360222,4036.040241,3345.240211,3617.460247,4486.100277,3826.640282,3202.120224,2755.300209,2659.720169,3684.70026,3376.820229,3397.480278,3121.000233,3345.120213,3297.140263,3154.540203
PC (42:6),-0.0219221,7.781930999,0.059459437,0.807352371,0.834654142,862.6 -> 184.1,PC,1877.893455,1662.817894,2406.900143,1497.820107,1549.060112,2125.940136,1794.080101,1893.000149,1779.280106,1969.00013,1885.960114,1653.180122,1560.600109,1378.360096,1811.880127,1626.100113,1471.360104,2007.500137,1713.920105,1742.460129,1265.780083
PC (36:2),-0.015665973,14.72423163,0.031373853,0.859408902,0.884199544,786.6 -> 184.1,PC,244195.6877,215972.4041,258012.4561,226962.0175,216477.2355,229150.8941,226234.0759,222686.4337,272273.9769,276438.4007,269525.6989,177870.212,172354.1708,163792.3527,241351.8978,237454.9376,236408.0757,244917.4177,239646.9952,229955.5775,23948.56193
Lyso_PC(21:4),-0.010840584,7.642605567,0.014483837,0.904206836,0.925838578,558.3481 -> 184.1,PC,1682.689009,1480.717882,2063.740158,1747.180119,1866.06012,1704.980114,1628.020115,1638.340126,1727.720123,1293.480087,1474.680119,1502.480106,1518.240116,1306.380096,1433.400105,1339.700096,1623.260109,1701.46011,1426.020107,1475.520092,1397.200115
PCo(36:5),0.008007379,7.971248051,0.007965498,0.928883515,0.946576534,766.6 -> 184.1,PC,2174.160155,1881.406794,1766.840141,2791.140186,1736.700108,2059.660156,1922.400154,2103.540157,2489.280163,2120.520172,2577.360157,1837.680111,1897.240131,1855.940132,2101.940147,1622.740105,1871.760124,2064.120136,1766.640121,1914.600136,1307.500095
PC (40:10),0.006573872,8.26253951,0.005398641,0.941427785,0.95313061,826.5 -> 184.1,PC,2698.617984,2336.313494,3238.720261,2623.780193,2388.68018,2689.500195,2809.18021,2181.680176,3269.560261,2621.500202,2464.960182,2623.920158,1923.060146,2173.320148,2491.680187,2146.800159,2265.380161,2537.820171,2460.960144,2403.880173,1235.700096
SM (d16:1/24:0),-0.006188874,13.57587781,0.004894867,0.944222847,0.95313061,787.7 -> 184.1,PC,110113.5721,96611.83119,119344.4079,102156.6495,98529.54556,105754.4866,101976.8873,96931.92636,123495.4685,123527.0289,119305.7486,82190.08543,79614.2453,75685.76512,102663.9684,109381.7683,104891.4271,110772.8076,101825.3061,102481.1074,15561.84098
PCo(38:6),-0.005459671,8.45148357,0.003733312,0.951278906,0.955745004,792.6 -> 184.1,PC,3025.020209,2640.397962,3220.580223,3226.520206,2831.120193,3346.580235,2395.900208,2645.28017,3389.620243,3178.5602,2991.020199,2604.500164,2592.900166,2466.220165,2431.180202,2792.220165,2896.120186,2745.000217,2945.800224,2289.640167,1812.260139
PCp(40:6),0.003252245,8.404420966,0.001323837,0.970975716,0.970975716,818.6 -> 184.1,PC,2928.291315,2556.342409,2799.260181,2668.420174,2844.040211,3270.380234,2823.180222,2240.940155,3357.640198,3366.940258,2983.820202,2013.200153,2229.040142,2164.980167,2277.420162,2580.540188,2640.7602,3081.420238,2954.280197,3065.440231,1836.980118
