lipid,logFC,logCPM,LR,PValue,FDR,Transition,type,C1-Media_r1,C1-Media_r3,C2-Media_r1,C2-Media_r2,C2-Media_r3,C3-Media_r1,C3-Media_r2,C3-Media_r3,R1-Media_r1,R1-Media_r3,R2-Media_r1,R2-Media_r2,R2-Media_r3,R3-Media_r1,R3-Media_r2,R3-Media_r3,blank
Lyso_PC(16:0),-0.8277901500492005,9.953930533361627,142.7672208914903,6.608870343739117e-33,1.4142982535601709e-30,496.3325 -> 184.1,PC,7391.7805290282,6970.6005287128,7068.5404243464,8495.0005912698,7298.7004776011,6869.6004295338,8704.2206840528,7352.9005203216,11215.4007530242,12023.3207359183,13432.6610717659,13419.5008125391,13213.500869748,14392.0007324056,15758.7813491912,16182.4010276749,8730.3005790731
C24:6,0.7900564350503863,13.148607020363883,131.4787466039154,1.9454614635376007e-30,2.0816437659852326e-28,355.3 -> 355.3,FFA,139199.54959107,120977.228576671,120985.48847579,120615.268386802,117019.087982179,128676.589279155,125304.148437493,124427.308303848,99805.086807255,97530.0070114081,69527.94506835,68416.284500145,67194.885078423,64808.584915178,60933.884231551,61963.484054558,33288.402328494
Lyso_PC(16:1),-0.7952629283155195,8.712632750625986,130.0430722786989,4.0098153335933496e-30,2.860334937963256e-28,494.3168 -> 184.1,PC,3423.5202560427,3382.0202369678,2550.920181275,4185.7202491765,3419.6202354446,3573.3002281194,2913.5401802061,2790.3002090449,4396.5602912908,5248.3403205873,5727.5204963722,6204.6604270923,6352.9005165097,5960.3603553793,6645.4404678353,6144.2604827878,2524.0202026366
C20:3,0.7752180693284629,12.837877355403576,126.60983633361116,2.2613342067873884e-29,1.2098138006312528e-27,305.3 -> 305.3,FFA,96339.8262939398,110251.427871703,92736.1267165969,107289.926902733,109029.30731202,91882.7467727673,99504.886886582,97912.907035812,86605.5862960637,94101.2665099701,54909.7837066531,54648.9639739935,55595.2241287162,44640.5832176248,45241.4832458572,45566.3033409181,18531.941375734
Lyso_PC(18:1),-0.7108553412935694,8.270176248278037,103.1478604287851,3.1104535383414596e-24,1.3312741144101446e-22,522.3481 -> 184.1,PC,2311.620155335,2716.8601913453,2281.2401695259,2404.4601898186,2147.300167083,2117.7001495356,2404.5201416029,2942.8402023316,3869.3002815264,2999.8202056887,3893.0602455144,4514.0603446974,4660.9203567494,3913.3002662667,4701.6003417969,3937.4602813736,3729.0402374264
PC (38:7),-0.5068076565578464,9.085031258114103,53.54828180509463,2.523149941097896e-13,8.999234789915829e-12,804.6 -> 184.1,PC,5222.3003578168,5348.8204307571,3921.3003158563,3964.0802955624,4464.1203117358,5584.0004615778,5297.0203247069,5270.7003936788,7465.760513304,7298.0805015568,6899.000438689,6873.9604797359,6922.0205574015,7035.9804725633,6417.9404754651,7936.7005424506,1529.9600982671
Lyso_PC(14:0),-0.501549981207465,8.70257847585664,52.134073892643315,5.183757536694962e-13,1.5847487326467456e-11,468.3012 -> 184.1,PC,3785.3002738963,3370.7002143879,3562.9802169808,3550.7602691649,3302.1202278144,3771.9602355949,4612.6403083798,3540.2402496328,4767.7204170212,4898.1003570552,4688.9803962699,5727.6203918439,5001.0203590392,6202.5004119871,5373.2003517158,6186.1004486072,2486.4401474011
C15:1,0.40120840334714364,13.921307317849156,34.23380006814199,4.88726902337967e-9,1.2352410667741645e-7,239.3 -> 239.3,FFA,168290.491043064,292647.958930959,138762.090118407,167007.871978761,182220.313415533,175959.471496581,193395.73410033,219955.635253897,144628.330406214,200842.734741171,105934.767425546,117084.368324247,151430.470596336,113732.327728271,165947.632301279,194505.57360841,37924.2226715055
PC (38:1),-0.41231639501046713,7.5539512867012455,34.11499526666432,5.1949390658726546e-9,1.2352410667741645e-7,816.6 -> 184.1,PC,1662.820121765,1466.3601036074,1808.6601142875,1654.3401260376,1351.760105133,1640.8401184075,1522.960098267,1495.2200889594,1770.8601379398,1733.2801246644,1947.8201255795,2713.0601959219,2268.8201560969,2409.5401611312,2178.1601638798,2187.2401390066,4048.800292968
SM (d18:0/22:0),-0.37987056863253527,8.222552362830324,29.60995205990259,5.2832980622827794e-8,1.1306257853285148e-6,789.7 -> 184.1,PC,3365.3002166731,2361.4801712044,2557.9001998895,2351.2601928702,2152.9801445007,2473.4601631177,2575.7801856998,2688.1001625061,3060.0201911931,3326.5202980045,3537.1002426153,3327.300209046,3180.0002250673,3303.3802757271,3706.1802406318,3935.8402404793,5912.8204383852
SM (d18:1/24:0),-0.3659617620719976,8.129461357524812,27.34255392202546,1.7041941314414907e-7,3.315432219349809e-6,815.7 -> 184.1,PC,2465.6801834106,2115.1401634212,2212.7601585396,2344.6401710523,2136.0601463302,1948.3801383985,2604.2001686104,2154.9801406875,2597.4601898182,2647.6001777649,2993.2001838688,2737.8802185069,3366.1402702339,2926.9601631169,3342.760242462,3170.8802070614,8831.2206382744
PC (36:2),-0.35958626672297667,9.583027624450901,27.111120947691283,1.9208972339802792e-7,3.425600067264831e-6,786.6 -> 184.1,PC,8793.1206664991,6529.3404922484,5789.0003852835,6645.5004539479,6125.3604354848,5458.7003707888,5029.8203277588,5195.6403350828,7081.8205985965,6666.3804206844,7502.080528254,8220.460548407,7004.3804740926,9990.3805999778,9673.5207366903,9127.5206336894,23948.5619277688
Lyso_PC(12:0),0.3650945212877616,7.5469436242690104,26.886373107408808,2.157749046053771e-7,3.551986891196207e-6,440.2699 -> 184.1,PC,2561.6601867684,1580.9001159657,1900.7401313777,2097.4401588442,1950.5001296986,2747.4402160645,2959.3802490248,2054.1201324462,1613.5201187139,1649.4201240544,1901.4401397704,2013.6401214596,1647.1801338196,1869.3401451109,1667.0001220703,1826.3601455671,1451.9201011664
C24:5,0.3256774229611292,13.453917820180001,22.576572005557523,2.019321038905687e-6,2.9472356106117286e-5,353.3 -> 353.3,FFA,143394.389343254,133283.069801346,125518.548355107,124617.529411325,121112.048431412,153128.070884706,148712.71026609,139404.489501954,125326.648639677,125632.888977044,110856.467361429,105720.547317469,105323.547370899,109953.407836909,107091.726840983,100107.727111817,27545.1619339023
C32:0,0.32565504218825286,11.884798935555498,22.532837108542935,2.06581935323252e-6,2.9472356106117286e-5,479.4 -> 479.4,FFA,45360.6032714739,44341.183155062,38776.1825866703,41703.7027740527,42479.0430221569,51468.6435775526,51512.703533172,46656.083419817,41482.8431320205,39877.3829231389,38216.0829124449,38426.6226119985,34466.1023635874,35751.7625122069,34260.7424049324,33552.1023788455,18435.8812904344
C16:1,0.3216291331832654,12.429463000908951,21.99935060607424,2.727427315449022e-6,3.6479340344130666e-5,253.3 -> 253.3,FFA,69478.4054260184,60608.2440376261,53482.3038063018,52577.3035278108,53864.1835784746,84558.1460342575,82493.965900398,75871.8853149285,56365.203819268,56036.0040588252,53915.2235221834,51631.7037811209,51308.8837280256,58684.2841606117,55645.6839179934,53020.6437988022,17972.8213386525
SM (d18:2/22:1),-0.31894468005152155,7.43329642865239,20.368996225542194,6.385601868207296e-6,8.038345881155066e-5,783.6 -> 184.1,PC,1735.9201164235,1430.3600997922,1531.9001121526,1488.6601142889,1325.4200973512,1713.2401199339,1431.3401031493,1596.0801162711,1744.3201026916,1632.2601013183,1926.800102236,1835.5801277159,1799.3401145929,2116.3001403808,2214.4401550292,2405.8601875315,3191.4002113351
PCo(34:1),-0.3100452453740804,8.699189769976313,19.96055044042362,7.905651414022394e-6,9.398941125559957e-5,746.6 -> 184.1,PC,4823.4003486634,4167.5602684009,3870.6402511594,3457.8403129574,3255.5802650447,3666.9202919004,3372.2602462756,3436.2202568062,4018.4402847273,3983.400264741,5202.320388795,4313.8602485653,5288.7203636142,5322.6404495226,4692.9804000857,5381.1403808595,6560.4005050659
PC (34:1),-0.298653729016018,11.371543211630907,18.930188837559623,1.3558996884306108e-5,1.527171228021846e-4,760.6 -> 184.1,PC,30929.861907959,22509.0017700045,22280.521690365,24215.0616760342,24461.1015815834,19967.1012382607,24549.6615447913,21445.0613784852,24531.2218894889,25908.7820129385,28759.8016700667,29472.8621673474,32976.9822464077,30961.90225983,32905.641647353,34659.7420043992,46707.243446354
PC (36:1),-0.29909770526002055,9.177225897226158,18.694217583742706,1.534471167062045e-5,1.641884148756388e-4,788.6 -> 184.1,PC,6052.360412598,5212.6003456113,5245.6603584299,5047.4803924557,4856.220321655,4695.1003723142,4598.7603302004,4136.2602996832,5688.1404304511,6281.7404441834,6134.3004531867,6786.8605041516,6769.0204658463,6104.0203857438,6024.5404396072,6451.2004280081,14336.3008880579
PCo(32:1),-0.30083629327476474,8.015782333353762,18.512305821640812,1.6881083839842583e-5,1.720262829393482e-4,718.6 -> 184.1,PC,2598.9401855472,2376.5201759331,2319.880161285,2301.1801719651,2519.4402160644,2293.3401603696,1948.7401313784,2508.8801727293,2817.9801902776,2196.0601654048,3189.2802352905,2998.7802047725,2600.6001739501,3409.520256042,3292.7602005016,3354.5602302541,3835.0202789303
SM (d18:1/24:1)15Z)),-0.2880582938943177,9.13209546501451,17.324392398001947,3.151159011496294e-5,3.0652183111827585e-4,813.7 -> 184.1,PC,5613.3604774482,4830.6603431708,4524.3203392037,4239.7002601618,5084.2403793326,4365.6403160103,5011.7803535459,4325.5602760316,5396.3403511036,4973.7003288277,6144.6203956623,6067.0004005427,5553.7004623454995,6697.5205345158,6375.9805297817,6389.7004203819,15759.3212776419
PC (40:0),-0.2871093136856333,8.45731453595676,17.074712401644746,3.593765242261623e-5,3.34376418193038e-4,846.7 -> 184.1,PC,4034.0203056335,3471.0202178956,2897.6002235419,3314.8402175905,3393.6402549745,3113.580207826,3853.1202964791,3275.0402221681,3582.7602043171,4279.8402442929,4418.7403068531,3236.7202148444,3428.5602149991,5355.7803459133,4947.9003410322,5013.6803817743,1443.9400939939
PC (32:0),-0.27966002792217304,10.097742391164664,16.505397558907664,4.851177659534396e-5,4.325633413084836e-4,734.6 -> 184.1,PC,12245.1008758608,9153.9805450416,9914.2207260116,11000.4808235241,9920.1608428895,8800.9606742768,8200.4404983481,9821.0807342565,10515.4808006229,10523.9807739278,12786.0009422425,12146.7009086546,11740.3607749975,13632.1809806879,12889.180866242301,14252.8210144091,19829.7414550925
PC (30:0),-0.27943211633662646,9.64917809708555,16.41865080658804,5.078309016310275e-5,4.347032517961596e-4,706.5 -> 184.1,PC,9530.1807022002,7994.4206466618,6676.220512391,7968.2405471863,7119.2005920449,6201.3005294805,6477.2205505383,5901.2604751566,7658.1805572529,7182.8005447347,8097.9005584734,8968.5005607621,8773.3005294803,10401.4006996056,10486.7809257487,10524.5407791078,14715.5011749146
PCo(32:0),-0.2830446218231839,7.683833281649139,16.196012145120335,5.711422269886245e-5,4.700939868290986e-4,720.6 -> 184.1,PC,1819.8601226809,1902.740139007,1728.1801109319,1788.1201210018,1946.2001342774,1568.5000953669,1859.0401268013,1993.6601333626,1981.0201377874,1972.1001319895,2129.5801467895,2041.680137634,2479.6801643372,2302.2601394656,2633.5801887516,2710.0602264413,4154.520263672
SM (d18:0/16:0),-0.2736621117886542,8.754483809765215,15.552268988758414,8.025527041455203e-5,6.360973284708939e-4,705.6 -> 184.1,PC,4210.9202995313,4318.94033432,4187.5402679456,3750.000255584,4472.600337983,3311.6602401713,2721.080196379,3057.8002243032,4287.4803657523,4454.4202766403,3813.3602485661,4242.4402885429,4697.0403518682,5048.4603118886,5388.3403282162,5329.3404121415,10604.1006813067
PCo(32:3),-0.26443234960803114,9.97975684748672,14.76003408200566,1.220960371431541e-4,9.331625695941063e-4,714.5 -> 184.1,PC,12077.00080109,10743.140640255,9783.840728761,9835.880706788,11161.500869752,9311.820655822,8350.7405319201,8573.0205574033,9610.7407646142,9223.4406394992,11530.3407135019,11845.720733643,11645.26083374,16050.361251819,14341.100959777,14233.6409873972,2886.2202224731
SM (d16:1/24:0),-0.26214275606304993,9.123939110257323,14.350402970644183,1.5174721268766575e-4,0.0011197897763848437,787.7 -> 184.1,PC,6456.2404594444,4280.9403152457,5270.9803886425,4308.5202598569,4411.2603607187,4159.8202896127,5013.3403625483,4300.1602706923,4867.9403953541,4938.8203506465,6509.6404800442,5738.1204071051,6205.8805046075,6090.5004158016,6110.3204116852,6524.8004455558,15561.8409767029
C26:1,0.25323020191625456,12.487765625243762,13.649063199537395,2.2035123120070548e-4,0.001540868121871973,393.3 -> 393.3,FFA,66889.024543774,67413.1448440109,55887.2639693986,59232.6040115184,60286.5843353268,84854.4662246685,75956.3852424605,72073.2047882083,58027.7841720716,62162.5843658263,56110.0038948148,57710.3837776172,59486.3839340141,54078.1037101673,59484.9440154648,58890.84410857,19580.181320189
SM (d18:2/24:1),-0.2570609445724959,8.318314064058148,13.62486218892797,2.2320986812164094e-4,0.001540868121871973,811.7 -> 184.1,PC,2729.160186767,3169.9002838129,2930.3002090451,2733.1602058401,2990.8202285775,2975.6401939386,2789.3602218615,3198.5001983646,3044.0802192674,3186.6602363587,3845.2402648934,3645.8202629083,3954.6802787781,4334.4402847291,3215.1002540596,3617.3802986145,5050.7403602613
PC (38:3),-0.2560498418553411,8.353450102938744,13.531129985281877,2.346387280936925e-4,0.0015691464941265687,812.6 -> 184.1,PC,3337.3402328486,2926.3201980603,3078.3802452077002,3176.2402038575,3189.1402015699,2880.5802001955,2789.8801612867,2863.8802299494,3742.0402641286,3221.9602355952,3864.3402862565,3522.6602439877,3595.74024582,3938.0802688604,3487.2202529913,4325.5603027354,4873.6803550732
C12:1,0.24622904093712855,11.097792596768988,12.867979746413376,3.342522528286306e-4,0.0021675752153129378,197.2 -> 197.2,FFA,25895.4018478388,26197.4817810079,21579.0415191658,23740.4616928091,25217.4018859811,27785.6818580659,25875.3217697076,26706.3018646222,22220.1216201797,23966.9616088822,21202.6415176364,21312.7015838611,20869.8814621008,20727.8214607228,23693.8217391969,21338.80153656,14202.7810058631
PC (38:6),-0.25021869144212017,7.466674751576951,12.606158552250864,3.844778578014521e-4,0.0024199488696914923,806.6 -> 184.1,PC,1813.4001159676,1737.8601074223,1319.2800941463,1871.4401283259,1464.4401092525,1779.9801139837,1823.4401359563,1813.6001319882,2177.4801521299,2161.3601722717,2109.8401451107,2248.9401664735,1853.5601310731,1991.9801597588,1992.1201248177,2068.6601600642002,1498.7001228325
PC (34:0),-0.2446700922587869,8.70700633718281,12.434325598376176,4.2151449903681426e-4,0.0025772600798250928,762.6 -> 184.1,PC,4954.1603393553,3711.4602661119,3849.1602630603,4403.8802757238,3441.440246581,3037.1402130128,3669.7003288271,3179.1402168284,4345.420295715,3965.4203147892,5183.080356598,4684.8002891519,4687.120304108,4295.5203208924,4709.8203582776,4888.0203933702,8230.9204902642
C12:0,0.2291389847359839,11.961851733262087,11.169138810020854,8.316922390699701e-4,0.004943948310027044,199.2 -> 199.2,FFA,47766.9033088692,44269.2232665997,39861.5025253305,40538.1628608665,44950.303085331,50250.043739322,49896.00354003,50913.643379207,40536.5630874566,41059.422958375,38495.782806394,37109.7825012184,39008.562980652,42564.443031313,41999.482978817,41399.4227905259,23986.2818527216
PC (32:1),-0.22037151614796432,10.949857878698934,10.301801642437681,0.0013290039286494738,0.0074843905455523,732.6 -> 184.1,PC,21547.501541138,19345.2212371815,18560.5215110787,18902.2213897711,18370.3812446684,18142.9010391156,17486.5010490464,16115.7011909526,18647.2215194742,18080.2013015688,21763.6014709586,22525.9615669238,22857.7613258204,22908.6218795639,25442.3616600067,25213.5620956374,30069.9421653802
PC (36:4),-0.2253301136014079,7.783133689994437,10.30755037738028,0.0013248702815370724,0.0074843905455523,782.6 -> 184.1,PC,2216.4601516723,2187.3801574708,1829.4201240548,2170.8001441947,2362.3402061458,1761.600120544,1807.7201156616,1680.4801139828,1937.0401496886,2191.7401390064,2367.3801727292,2072.9601364135,2420.8401718146,2831.3202247607,2768.3401603709,2633.2201995845,4421.960300445
SM (d18:0/18:0),-0.2190309106079691,9.660227112984304,10.097995256684644,0.0014843070823957205,0.00814465937519703,733.6 -> 184.1,PC,9005.2805862366,7796.0205917418,6594.0804939258,8878.2006950379,7814.3805465655,7516.4406814548,6886.3404006953,6460.6204757669,7726.3206024167,7606.3205299362,10602.7209510741,8327.4405288669,9095.2006530717,9229.0607070771,9551.6206436184,10606.9608879069,11872.8607711758
C28:0,0.2152930932832351,12.686745258440125,9.871528909203064,0.00167855965726507,0.008980294166368124,423.4 -> 423.4,FFA,78441.6453246875,69877.4250030426,64534.5846328463,65988.3846740512,64569.3250579896,93350.2670058984,90192.6064147554,87555.046440125,72857.245307881,71727.9452057124,68631.8051605253,68991.7050857398,66317.7248153632,68605.7048645069,63882.5044021523,60898.5843505784,23953.0817413311
SM (d18:0/20:0),-0.21459743484216826,10.152652645158746,9.729654900120146,0.0018131852851401601,0.009463942707804738,761.6 -> 184.1,PC,12875.5609130833,10201.8208007695,10608.2208671476,11924.460781104,10185.2606506333,9396.7606620781,10017.6207275303,9625.5207290737,10151.8206443734,9372.040824886,12568.7808990453,14120.2409477184,13917.7609786968,13783.4609832794,14115.1608657715,13013.3409385749,19020.1812019292
C34:0,0.21048178584533142,11.556953714528834,9.418221265489022,0.002148398179503557,0.010946600247946695,507.5 -> 507.5,FFA,34340.5024032613,31728.2021560662,29711.9020461999,30660.3023262036,31351.7022819526,41189.9630851681,39032.3229942344,40060.3628654467,31309.942291263,31495.9622573827,29745.8419494667,31292.7223815907,31229.1422958391,32590.4623603808,28443.0020332359,30058.7220077434,15378.2811698904
PC (38:4),-0.208843175568126,8.335207988248987,9.000766657128596,0.0026986637350249775,0.013430559053380121,810.6 -> 184.1,PC,3273.8002319322,2658.2801818833,2979.5002326972,3533.5802879342,3575.7002487178,2973.0801925682,2623.3801765431,2616.1401710518,3460.0002555838,3428.5802230848,3787.4802932748,3794.8202819811,3769.7002220158,3582.0602684023,3476.1602134722,3411.1603050231,5126.9003601079
Lyso_PC(22:5),0.20838118374675382,8.104864744487502,8.929471884544313,0.0028060547102035224,0.013647629726898949,570.3481 -> 184.1,PC,3298.0202293388,3117.4802322386,2083.9001502975,2171.4201545716,2416.140186309,4765.6003875714,3728.560253143,3668.1403312696,2196.240158081,2673.6202163689,2662.8402023324,2373.8401794435,3220.6002388009,3071.1601943961,2919.2202301027,3231.3801956184,1769.9401206975
PC (36:0); PCp(38:6),-0.20623164324442753,7.318154762234877,8.486189176961432,0.003578525922956088,0.017017878833613394,790.6 -> 184.1,PC,1387.3400993343,1449.460094452,1547.2401237489,1553.4801139832,1457.8200912476,1268.3400726318,1750.0401344299,1385.0800971986,1411.2400970455,1506.580112457,2137.2801475506,1631.0801200872,1702.0401229866,1775.9401397706,2068.0201492306,1750.0801467899,2908.0001907348
PC (36:8),-0.2018830789754384,7.392295441518042,8.166698888104923,0.004266649023868046,0.01984919328495135,774.5 -> 184.1,PC,1533.4200973506,1665.4801254255,1272.640098572,1689.8401298521,1535.2801094057,1541.1801109319,1771.0801086424,1639.0201225292,1908.1401405324,1792.8001174925,1895.7601318371,1955.8001403804,1965.9601402284,1912.3601417545,1785.3201293947,1703.0201225284,2613.340179443
C30:0,0.19294202790532108,12.740700645416917,7.930214279536642,0.004861603927320997,0.02213581362652539,451.4 -> 451.4,FFA,82157.9856033059,79164.0458145124,69262.3045997723,72601.4852447204,71715.4053192067,90622.926887516,87655.9668311973,83274.4254646433,80264.4055099237,81013.7457465877,73013.165416679,71999.4852256882,70530.5848235872,69200.0245742942,61207.4642639242,62740.8446884013,18169.7811965941
Lyso_PC(20:5),0.19840366339030757,6.889883297404106,7.7104895074571544,0.005490086232196565,0.02447663445187635,542.3168 -> 184.1,PC,1204.2600860593,1480.9001083378,1172.9600715638,1397.7801017763,1370.0801048276,1253.260093689,1353.360103608,1284.5600967406,1221.1200790403,1250.760089874,1150.2600746149,1137.6000785828,1131.5000686644,1176.2200889585,1193.6600875854,1140.960079193,1313.3400955198
C17:1,0.18819850637207783,11.65279136239056,7.532696876563364,0.006058914154528077,0.026461380185081807,267.3 -> 267.3,FFA,37021.0424346808,32941.5422515877,35050.5425338744,33841.9625129709,34063.9823608387,42812.5630836529,40822.3028259287,39814.1028633127,32805.5824127182,33024.5822753926,33973.4025230405,34404.7825775135,32062.4021873454,34395.7824211071,32797.4622230521,33064.782382968,13673.1409568842
PCo(34:2),-0.19227606241453907,7.643132269862306,7.484175708698531,0.006224355628476246,0.026640242089878335,744.6 -> 184.1,PC,2130.7401466364,1810.8801078785,2000.9201240534,1930.1601181024,1820.2201194763,1796.280105592,1977.6801300047,1755.6001091009,1777.3601226807,2052.9201354987,2496.1201896678,2163.6401519764,2268.8001556399,2560.8801612865,2418.1201629636,2111.040138246,2849.9401931778
Lyso_PC(10:0),0.18704494270346975,6.995116250738143,6.893048152429007,0.008653159105811015,0.036309334287128577,412.2386 -> 184.1,PC,1496.7200965875,1185.6600952149,1301.7800941465,1233.1400833127,1530.5200996401,1668.1801223756,1342.6001052861,1521.5401191708,1388.3800849918,1356.2601013177,1394.5600967412,1302.3600921624,1281.1400947565,1212.9600830079,1136.8800773623,1068.4200744631,1438.1001014708
C24:0,0.17705918931584225,13.782000168281801,6.684165914454866,0.0097273026427437,0.04003159164513753,367.3 -> 367.3,FFA,169773.81263728,145540.850234971,137042.609085079,136502.609390238,139829.350166308,200522.593719454,192692.953598023,180103.71261596,154458.310211209,148995.690658561,154263.691284154,149216.230453499,145958.49053189,146115.270126325,142656.75001524,137198.55010988,41301.702835082
PC (38:2),-0.1739961291181025,8.329383573085535,6.235664606750035,0.012520259735395084,0.05055350157310468,814.6 -> 184.1,PC,3736.0402793896,3078.1201972974,2819.7602081297,2976.6602478036,2588.6002006532,3023.8602180476,2710.8401908873,2043.2801513677,2744.460224151,3144.6002159118,3729.2603378281,2938.8801956179,2778.1001930223,3521.5002174374,4159.8603248606,3555.6002159116,8506.7006835846
C15:0,0.16945950716967637,13.710879720552452,6.122790992677066,0.013344993820651973,0.051924157774900406,241.3 -> 241.3,FFA,159097.030914313,148259.9099884,132373.349334737,130579.528717004,135749.569335915,185256.593719518,174362.533554086,170440.951278676,138377.22977451,138045.229614271,136350.709259068,135940.108154269,136468.229492214,144123.289810186,144442.190414418,152111.530975322,39058.582794191
Lyso_PC(18:0),-0.17411291538333548,7.63600748604918,6.1332857850866525,0.013266010161143114,0.051924157774900406,524.3638 -> 184.1,PC,1843.4201393115,1646.10011673,1829.7801437374,1865.7801513673,2503.9801788319,1733.980110169,1694.8401069648,1987.2201309205,2212.8801765432,2113.6601600637,2140.1401138311,2583.4601631158,2222.760154724,2162.0001373311,1983.9801406857,2056.6801414498,3154.5402030936
SM (d16:1/24:1),-0.16787839667886112,8.187864607008255,5.794620279246999,0.016075286457222965,0.06143055896153062,785.6 -> 184.1,PC,3185.9202117917,3275.0202102664002,2677.0401916505,2684.9601860038,2606.2801933299,2575.1001777659,2455.780185699,2417.4001846326,2709.840175631,3060.4602394103,2752.8401947034,3634.1402587889,3229.3602447527,3527.1802635189,2851.8401908872,3437.4002609269,5384.400352477
SM (d18:1/20:0),-0.165620494177686,9.020354496378493,5.729226315469738,0.01668483185162436,0.06264129853065988,759.6 -> 184.1,PC,6245.3004226666,5114.7403335589,4114.3602371208,5182.1803779588,5133.9604644759,3996.440231324,4724.2603340153,3767.7202644341,5269.2003669737,4136.040294646,6542.1605072024,4740.560337067,4799.240333556,5576.9003868101,6020.3204421998,6969.7804183956,11250.0007553173
C19:0,0.15924327913190997,14.585481216852813,5.40900327066629,0.0200331513805154,0.07266261687169992,297.3 -> 297.3,FFA,295931.84117127,299684.881401061,252189.2977295,252157.377517668,263179.419876107,298793.519409154,299497.70158386,297626.720932001,276461.318267829,290116.302307125,247335.337577788,250230.416992173,258319.318908692,242407.377746602,252782.678955071,254543.377105681,67751.444732647
PCo(34:3),-0.1662057813777331,6.947151598532058,5.421741752234087,0.019887511121893436,0.07266261687169992,742.6 -> 184.1,PC,1378.5001106256,1134.7400779722,1245.8600769043,1235.6200904845,1103.4200782776,1218.380084992,1085.6800804135,1086.9000778198,1405.2201042176,1425.3401069644,1196.3000869751,1242.5800971986,1378.5401153567,1399.8000984188,1615.4801177979,1252.6200904845,1751.7801246654
C18:2,0.15689496363101968,11.185910529353992,5.229862695491747,0.02220228500564342,0.07918814985346154,279.3 -> 279.3,FFA,27692.2619590729,26035.1417465268,25331.1618385304,24404.3416938816,26033.40193939,27937.9220123274,26992.7419662495,25685.5217666594,26306.1618499737,26282.6819114675,23332.0216598514,22517.8215713469,24553.8617134122,25213.8417053246,22146.1615829469,22737.3615875215,14117.1009483347
SM (d18:1/18:1)9Z)),-0.1572856004527894,7.810164052255527,5.040551620185793,0.024760604294243618,0.0868650708027563,729.6 -> 184.1,PC,2246.5001335142,2062.800151825,2049.160167695,2257.3001785294,2218.7001571655,2103.300144195,2290.960170746,2307.1801414495,2696.2202224727,2103.3201179505,2727.4202156056,2450.6001663212,2266.8001556401,2404.1401901234,2540.3401794422,2873.2602424597,2693.7602157585
SM (d18:1/18:0),-0.15357772369928802,9.299262786429757,4.946032891436559,0.026150609010397608,0.09026177948750143,731.6 -> 184.1,PC,7052.5405273401,5320.980403899,5727.8204231264,6249.2204742421,6595.1405220065,4959.0203590401,5820.5404396063,5417.6803894038,6526.7005691528,6374.9604644807,6449.2204780568,7055.6205177291,6853.6004028307,7132.6604957601,7135.9204635582,6265.6804847737,12491.0408744635
Lyso_PC(20:1),-0.15777530806342302,6.932206506442276,4.890520118888411,0.027004549644378942,0.09172974006185862,550.3794 -> 184.1,PC,1131.4200859071,1119.8400764465,1271.9600906378,1347.300086975,1133.8200798034,1323.4400901796,1170.4600753786,1129.7000846862,1305.4601058958,1546.6001091009,1253.1600913999,1300.0401000981,1207.1400794981,1429.9801177974,1475.9201126092,1495.3801040649,1257.3800964357
C22:4,0.14951746621456977,11.430481409679919,4.752907867831708,0.0292488284476722,0.09780077012190391,331.3 -> 331.3,FFA,31706.8022155704,29883.8221282941,28633.3219375632,28337.9620094278,30242.1421661377,32805.0423965465,32849.6821899402,31782.9023513757,28691.2419281032,29682.8620758027,27221.8818817152,28169.061935425,27991.7419319157,27912.4419326789,30913.2621841415,26933.6819648666,20940.6414222699
PC (38:9),-0.1466302844236274,7.227772016952408,4.281665831395768,0.038525573159696284,0.12683804086423084,800.5 -> 184.1,PC,1367.5800933836,1367.5200958249,1434.6800880436,1566.0601005553,1546.1801033023,1486.5201034541,1448.2201004025,1411.1800994865,1581.3600997929,1646.9401245121,1545.7601203912,1475.8001022342,1704.7001037592,1629.3601226802,1811.6001205436,1807.04013443,2079.1201362614
PCo(34:0),-0.1457449437790236,7.337829505322525,4.242194730138422,0.03943116240634392,0.12785255689329694,748.6 -> 184.1,PC,1595.340126039,1605.5601196289,1491.5401115411,1533.2201118468,1233.8200950623,1572.8000831608001,1483.5201034552,1633.8601074228,1589.4401054377,1652.0401306153,1771.0201339721,1553.3201065066,1801.5801391596,1527.0000991829,2011.2001342792,1877.2201461788,3159.2202148442
C26:0,0.13779321488862784,12.750521735762803,4.046183347096985,0.04427133011188238,0.14140394990959448,395.3 -> 395.3,FFA,78708.2660445934,73209.4855079801,69269.2247238123,69418.125076294,70223.184974644,92688.546524053,86459.8263702267,84682.7259063691,73959.785354599,75680.5851822072,73246.3055572548,74958.7052612018,71285.3053436242,75458.645416267,69112.124938943,67773.7846526986,28102.9420165958
Lyso_PC(22:4),0.13999112641930136,6.9356480321038525,3.8525336126449012,0.04967090513641443,0.1542996649921644,572.3638 -> 184.1,PC,1501.8001098636,1286.040088654,1323.6600952152,1438.9000930786,1094.0600814819,1315.2800865168,1443.140098572,1327.4800834652,1155.9000816346,1171.7800712586,1336.3200836178,1411.1801033022,1164.900081635,1285.8200874333,1202.4400711061,1257.8800888064,1206.4200859068
Lyso_Sphingosine-1-phosphocholine,0.1405324818583809,6.814632706118555,3.8498369627185465,0.04975082656289413,0.1542996649921644,465.3379 -> 184.1,PC,1155.960090637,1053.9200706482,1224.8400955202,1325.6401062008,1147.8800811765,1223.7200965876,1176.9600715632,1382.5200881951,1171.7000846863,1099.8200759888,1221.0400772097,1080.3400802613,1036.6000785827,1121.4000778197,1151.8200836182,1136.620082855,1459.2001075741
SM (d18:0/24:0),-0.13742609329722574,7.09334573693348,3.7319760334183716,0.05338020804264634,0.16319092173037594,817.7 -> 184.1,PC,1444.9400939941,1245.8600921638,1178.1200790405,1347.3400802605,1334.5800971994,1182.8600769043,1453.5801048276,1256.0800895687,1470.0001106275,1393.9201011658,1397.9600982664,1452.7201118471,1717.7601127625,1329.1200904846,1490.600105286,1524.1800994881,2306.9801673888
C24:1,0.1315923178162229,13.129815427709731,3.691626034812316,0.054686279173767255,0.16482906680543932,365.3 -> 365.3,FFA,107999.566993695,97153.366973875,86657.5056533671,90175.746147169,92475.7062683226,121078.367950432,114994.427764916,108202.627647404,94611.9662322935,97711.887245166,100815.946449245,97457.2673568701,92064.9861755243,95475.8470001082,95505.7469177025,91636.0060806281,20766.141502381
PCo(38:3),-0.13393842154037433,7.161369111067509,3.5623342523119286,0.05910456938089237,0.17567191454876344,798.6 -> 184.1,PC,1353.9401016233,1421.4600753786,1585.1601066594,1360.9800910952,1477.8201141353,1275.7600936894,1315.8600921625,1393.4601097101,1389.5600967417,1567.740104675,1580.1201095575,1522.5601119988,1692.9601020805,1606.1601142892,1636.8401260368,1598.9801063533,1904.8401412966
SM (d18:1/16:0),-0.12698984934894206,10.152788749557438,3.4059319917034543,0.06496240746358856,0.1904377424275062,703.6 -> 184.1,PC,11736.6207580668,9842.1806602422,11193.340724929,9942.7807540926,10104.7806282074,9368.8006210323,8141.5806083736,9196.8206863321,10010.9407043455,9280.3806114214,11637.420867908,10438.7205467237,12171.7208862234,11162.7607841543,12319.7409248342,12067.9208374033,37158.8032455607
PC (30:1),-0.1250313273849703,9.626733382791604,3.2894505457262895,0.06972635180194064,0.20164107142723378,704.5 -> 184.1,PC,9574.3806533819,6960.9804725623,7934.3205986005,8343.1605415312,7683.7405967727,6407.6805114707,5871.7403144845,5827.0604171738,6580.6404800412,6804.0204467795,7546.0005569389,8395.0405616701,7134.8605079628,9226.4207191369,10787.8807563661,9138.9407272342,18346.8410759066
C20:4,0.12346195443633229,10.91895448924434,3.2361103758756258,0.07203145910706,0.20282542432777423,303.3 -> 303.3,FFA,21353.4415168751,21986.801509859,20570.8214035033,20144.3013420112,20969.0214653012,21590.3214530936,22578.2616386401,22636.441616055,21777.6613807669,21463.981594084,19696.3614387525,19385.5013809204,21254.5215873717,20071.6614685024,19099.0212707552,18944.7414093008,13304.8209495521
PC (34:2),-0.12415711263444366,9.717601269590974,3.246781675777072,0.07156384466809321,0.20282542432777423,758.6 -> 184.1,PC,9023.8005485431,7939.9606666525,9064.5806999157,8522.2606925943,7151.5004234325,6910.720443727,7212.9206047043,7137.1005935664,8167.5605888342,8396.1406021097,8871.2206115731,10360.6007423381,6791.7604675291,9181.0404777411,9816.2807083144,8854.5007286145,18247.5612678524
C14:1,0.12261819195482665,12.876468956378076,3.2046647329771076,0.07342855671002708,0.20407417059669863,225.2 -> 225.2,FFA,68023.76470945,142675.85008241,58771.943908703,68959.544723504,77907.505355811,70668.165130627,85631.505981431,99091.5074005,63146.384338359,93327.926803585,55413.484001146,60951.564392061,83910.845779403,67525.665100074,94068.40696714,115152.208175666,40406.66294861
C20:1,0.11469685518357095,12.090531847793237,2.8014040131300817,0.09418180130540033,0.25520539397660275,309.3 -> 309.3,FFA,50624.8637390056,43694.6028327877,44374.5230789284,44655.5830764621,45526.4630813524,56921.9240722378,53582.8836593636,53574.5837860048,47815.983428936,46270.0631179889,47064.9434432973,46161.4232559154,45600.8832473741,48700.5236663857,45444.3429908692,44742.9032897988,16399.5211181652
PC (40:3),-0.1191976930022865,6.881115836004771,2.780743237496953,0.09540388559873,0.25520539397660275,840.6 -> 184.1,PC,1184.640094757,1314.1001014709,1073.4800834656,1246.98008728,1198.140094757,1149.8800849915,1014.180065155,1102.4400787353,1342.140094757,1192.9400863649,1140.1400756837,1524.0201148991,1197.8400955199,1364.1800918583,1295.8400917053,1285.0600967399,1521.8601112359
PCp(40:6),-0.11915787719415787,6.917399489377131,2.781673332532282,0.0953485010097032,0.25520539397660275,818.6 -> 184.1,PC,1112.9600791929,1101.3600730895,1231.3200874328,1144.7000732423,1313.5401000984,1248.6400909426,1118.0400848388,1127.8400726317,1186.0000839231,1312.040096283,1363.440093994,1266.7400932308,1323.0000915524,1436.9400787361,1244.9000854486,1334.2200889593,1836.9801177975
Lyso_PC(7:0),0.11535630229644907,7.046913808515005,2.633334221626015,0.10464176042693389,0.2760463989675471,370.1916 -> 184.1,PC,1381.4800872808,1353.7800941476,1265.4800872801,1442.3800964344,1435.9801063533,1623.1601066594,1401.9400978087,1691.3201255801,1391.1000976562,1220.3600883486,1293.1400794976,1453.7201042188,1470.5001068127,1309.2400856015,1502.4600982658,1332.1201019286,1112.2000732422
PCo(38:5),-0.11490179861016678,7.094405574514215,2.616240365904403,0.10577478838943394,0.2760463989675471,794.6 -> 184.1,PC,1265.5000953675,1319.1200904842,1252.6200904848,1374.1400947572,1467.8601036064,1299.8601036071,1367.8200950621,1572.4401206961,1362.7601051329,1487.5001144409,1319.7800827029,1636.8601341247,1710.6401100164,1420.660102844,1653.4001121516999,1538.0001182556,1447.9601135259
PC (32:2),-0.11025440247035907,9.146718372261349,2.547174020786425,0.11049172961584038,0.2848822908167451,730.5 -> 184.1,PC,6661.6204795825,5180.7803802482,6018.7804107666,6009.5204200694,5174.4603614802,5704.2604141253,5492.0004386911,5002.3403930657,5147.460376738,5907.3604316745,5757.5004158027,6251.4604454047,5669.6204223624,6724.2605285664,7252.620502472,7384.3605575565,6489.4604911808
PCo(36:2),-0.11002310444901273,7.503199328719841,2.434391575253663,0.11869994254742756,0.30240223458511306,772.6 -> 184.1,PC,1945.2001457208,1820.8601074216,1882.8401374812,1590.0201187127,1534.3201141351,1699.9401054372,1729.0001297014,1543.5800971976,1881.5001106264,1514.3001213074,1982.7001342776,2043.6401214603,2035.7001419056,1834.3601303106,1600.9401168823,2315.5801620477,3678.7202796963
PC (32:5),0.10640446924454748,6.848878806045434,2.2135137321796874,0.13680675818827065,0.3444311323798814,724.5 -> 184.1,PC,1192.9800949095,1243.1600875854,1209.9800872803,1192.5200805666,1122.3600769042,1251.2000885007,1315.7800903324,1369.3400917053,1191.4800796506,1233.8600921633,1194.9800796513,1181.100086212,1114.3400764464,1068.0200767513,1180.1200866694,1262.1600990291,1323.16009903
PCo(36:4),-0.10436448375393242,7.164756715794906,2.1663257956716677,0.14106291373116742,0.35101701788918405,768.6 -> 184.1,PC,1223.9400825504,1706.2401084897,1394.3800926205,1589.2601127619,1321.4000968936,1517.320114136,1383.3001022339,1402.2401046753,1481.4401130689,1382.9600944519,1743.1601181018,1539.2801094054,1487.6200866706,1780.2601394653,1683.0201263421,1636.2001190188,1459.1601066597
PC (32:3),0.09430249741597238,7.3489251287344075,1.7831769912184754,0.18175969365131825,0.4470870625446219,728.5 -> 184.1,PC,1827.2801284796,2108.5401535043,1700.2801094048,2023.5801391599,1538.30009842,1872.8401374814,1720.8401184092,1223.5000915528,1457.6001091005,1663.0601272569,1624.3601188657,1889.3001289371,1686.7801132208,1684.4001197815,1744.4201164243,1706.7401123051,1750.7001152051
Lyso_PC(17:1),0.09401976275352658,6.914026796709426,1.7358769426376135,0.18766209445880125,0.45636009334299393,508.3325 -> 184.1,PC,1280.4200935363,1235.4400939942,1275.9800834657,1241.560077667,1180.0600738526,1505.20009613,1331.2400856022,1343.2401046753,1127.3800849915,1084.8800735472,1192.000076294,1278.8600883483,1259.2200851441,1380.7401008614,1479.1600990296,1184.0600929261,1236.9400978088
PCo(38:4),-0.08975473600086636,7.2236911302571665,1.606165523988615,0.2050316499617352,0.49299745046979027,796.6 -> 184.1,PC,1607.0201148993,1421.9800987247,1543.8601188659,1717.7601127616,1439.7001228333,1432.8400917054,1316.6400871275,1535.3200874325,1179.5800895695,1491.1600990289,1694.4001235964,1691.3201293956,1668.760105133,1702.4001312252,2079.3001403817,1618.0801124569,1672.9201049786
Lyso_C17 sphingosine-1-phosphocholine,0.08885502353005614,6.826546951598189,1.5426255082586433,0.21422742623194851,0.4983116218873585,451.3223 -> 184.1,PC,1121.7400741579,1278.1200942992,1424.2001037599,1095.9000740051,1122.4800758362,1260.2400856016,1301.3600959779,1154.1200714108,1127.360080719,1119.7000808716,1181.9200820923,1246.7600860594,1293.9600868228,1068.6000633239,1219.3200874331,1151.2200851443,1155.9200897217
PC (34:4),0.08853838171799307,7.054243511415647,1.5505016774498372,0.2130613949818275,0.4983116218873585,754.5 -> 184.1,PC,1243.900089264,1149.8800849914,1690.9401206981,1290.8000793461,1738.6601295469,1403.4400978089,1328.6400833131,1537.3801078799,1395.0401077271,1418.7600936891,1263.6801071165,1102.1800842287,1305.4400939944,1883.5001449591,1429.6800994871,1198.3000755316,1440.2400932316
PC (40:7),-0.08905447274880984,6.834943403506184,1.5485138426105118,0.21335497210762489,0.4983116218873585,832.6 -> 184.1,PC,1191.9000968929,1152.6000785825,1109.2600860594,1082.5200767514,1098.7200851441,1207.6600913998,1145.2600784304,1124.3000793455,1305.0001068115,1260.3401031498,1303.5800895678,1221.3000984188,1231.5000801085,1131.8600807193,1288.06010437,1190.0400772096,1431.160095215
PCo(36:5),-0.08702487057457449,6.911721435936581,1.4864749208361037,0.22276420226116825,0.5125971966009678,766.6 -> 184.1,PC,1206.3400840755,1162.5200729368,1184.2800941465,1193.940090179,1264.7800941469,1195.2800903319,1125.3000717163,1371.6800918594,1138.600074768,1258.020072937,1319.7600936887,1176.6800765991,1401.3400993349,1513.0801200857,1238.740085602,1530.44013977,1307.500095368
C20:0,-0.08189357099664948,14.113620244185544,1.430826189479827,0.2316296512550209,0.5273270783890902,311.3 -> 311.3,FFA,206217.354400637,177509.972610498,169992.03198239,167784.972549457,169644.13189693601,211803.434875495,202937.054138184,188896.473510778,258762.398590117,248194.437835647,209516.074371326,202876.794403025,190215.673400885,176691.273254375,168470.671539325,163527.471771246,62300.204498283
Lyso_PC(20:3),0.08089113002825808,9.324056329734773,1.375158408055583,0.24092757122701544,0.5427210551850663,546.3481 -> 184.1,PC,6400.120456696,6633.3004150392,8291.94059372,9204.4207115149,8668.9605674717,6509.0404357898,5876.1004638671,5562.8603439301,6568.7404747019,5668.3804359427,6685.3004608164,7396.2405967717,7438.420452118,7154.4205474847,6965.8205184922,7603.2605552669,2050.5401153562
C20:5,-0.0786991426623458,11.523630873909475,1.3175355609684871,0.2510348197929269,0.5595984524550662,301.3 -> 301.3,FFA,30750.2421989399,29152.0421028119,28052.3621482845,30067.3621597309,30090.1420478821,32574.9822654669,31606.9023742703,31434.7022285442,30579.8023185694,34161.182392118,31260.7423171965,32262.7823524543,33800.8224906931,32856.3221893326,33606.802383419,35281.8223800622,20526.2014312782
Lyso_PC(19:1),0.08071468181628434,6.842420668871579,1.2732819570889173,0.25915188876971873,0.5717371566672146,536.3638 -> 184.1,PC,1559.6401100164,1194.220088959,1104.0800819397,1220.2000808715,1109.0400810242,1265.5400772095,1138.7200775149,1175.6400833135,1095.3400840758,1199.2401008607,1323.2800788874,1077.1800765991,1177.960090637,1069.4600753785,1169.7600746155,1345.8401031495,1345.6800880439
C18:4,0.07472691310874545,10.935003553266096,1.1858529270283995,0.2761676689158907,0.6030600117142919,275.3 -> 275.3,FFA,19986.5213966408,20120.6013603203,20813.6015701277,20136.3614768959,21177.1214294438,24433.4616889957,22542.2815933198,22470.9214706395,21874.1416320766,20789.3215064959,21864.1414909364,19712.2614021308,20736.4014778114,20911.5414237932,20903.6614799548,20275.941471102,12110.1808624252
SM (d18:0/12:0),0.07605268243640667,6.736868476820773,1.123212151351618,0.289227844573174,0.6251180474659475,649.5 -> 184.1,PC,1108.640071869,1224.9400787356,1134.1200752258,1107.6200714113,1136.9400825504,1050.3000679017,1193.1000900271,1096.7000808714,1046.7800712585,1182.0800704955,1166.580078125,1022.3200683594,1179.7400817868,1080.4200706482,1076.7000808717,1052.7800827026,1243.2200736995
SM (d18:2/14:0),-0.07536891688902163,6.819134226198834,1.10986527268643,0.2921112371336203,0.6251180474659475,673.5 -> 184.1,PC,1129.9200782774,1110.1400718693,1147.8200874327,1149.8000755308,1111.7600822451,1125.3400840759,1221.0800819398,1220.9000778199,1158.7200813295,1349.7600936885,1340.3400917052,1081.8200683595,1212.720085144,1147.2600746156,1310.4001083371,1357.8000984198,1051.0400695802
PC (34:5),0.0746072432460716,6.8021245830303725,1.0852394846826083,0.297528397334344,0.6304067032628675,752.5 -> 184.1,PC,1088.4000854491,1148.3400688172,1169.340084076,1218.100078583,1245.8200950629,1246.900089264,1265.2400932315,1082.7400741579,1197.9000816342,1181.4400825499,1089.9600715638,1163.2800827022,1077.8800697326,1232.7000999454,1177.9400863649,1095.9800796507,1316.820083618
PC (40:10),-0.07367912140937638,6.798892796119255,1.0584788879990352,0.3035623718464667,0.6368857605406263,826.5 -> 184.1,PC,1167.9800949095,1098.720081329,1101.9000778197,1117.9000701903,1118.2200775145,1079.3600730895,1179.4200897216,1140.4400749208,1329.9400978087,1274.960098267,1091.5400772094,1099.1600761412,1239.0000915523,1140.9800834652,1222.3400917052,1317.4201011658,1235.7000961304
PC (36:5),-0.06842051195154446,6.885763777102983,0.9164312283225513,0.3384137632145196,0.7031120905622058,780.6 -> 184.1,PC,1274.3400955199,1301.6800880435,1170.0600852965,1122.5200881963,1159.3400802614,1119.3000869749,1230.2600898742,1077.9400787354,1249.6400947571,1521.1401252745,1320.0600891111,1258.520095825,1179.9000778197,1225.6800880433,1196.1000823976,1210.0600852969,1590.3801193226
Lyso_PC(11:0),0.06743264822354787,6.948158228192005,0.8942901094515445,0.3443173707801921,0.7073222885084285,426.2542 -> 184.1,PC,1278.2200927738,1430.6801033022,1446.380111694,1182.6000785827,1235.9200897221,1200.3400878903,1396.1800994873,1312.840084077,1284.3600997917,1309.2601013186,1083.5800743103,1205.020084381,1460.3801116935,1278.3200912475,1359.6400985716,1284.7200851443,1370.0200881962
PC (40:4),-0.06661334912650246,7.220122230439547,0.8842119279704352,0.3470506555765654,0.7073222885084285,838.6 -> 184.1,PC,1598.5001220711,1577.1801071172,1575.2001152043,1372.1801109311,1417.7000885017,1514.4401092522,1497.1801033017,1447.2801017762,1460.8201141351,1484.380100251,1505.4800949085,1758.9001235969,1357.3000946047,1629.5200920107,1933.2601280218,1762.4401130683,1865.8201408388
SM (d18:1/26:0),0.06683325284974784,6.700819983077708,0.8647115700117103,0.3524235423547649,0.7114965855086764,843.7 -> 184.1,PC,1099.6000785825,1083.0800590518,1068.1400794983,1041.4200668332,1083.7400741581,1115.8000717164,1146.3200759887,1084.3000755309,1030.1800727843,1087.76007843,1010.7000694274,1070.5000686648,1059.1000785829,1094.4000778197,1125.7200775146,1060.4600715638,1387.6000938415
PC (40:6),-0.06524315520442447,7.226509529923043,0.8489987773045193,0.3568357331705472,0.7136714663410944,834.6 -> 184.1,PC,1351.5001029961,1756.9001159667,1685.360126496,1434.6401100167,1777.0801124575,1443.1201133734,1275.9200935365,1447.0601005558,1428.6200828556,1610.4801330573,1529.6801109314,1661.8601303097,1746.3001441957001,1765.3801078793,1689.5201148992,1638.6801185614,1606.3401222238
SM (d16:1/22:1),0.06445666430962776,7.500625229916344,0.8371568091470358,0.36021119289218334,0.7137518081382151,757.6 -> 184.1,PC,2124.6401443481,1969.6801376343,2128.3401412962,2078.1601486199,1740.9401245114,1518.5200996401,1626.9601173397,1856.160133361,1641.3001098631,1680.8401412969,1788.040122986,1897.3401489261,1839.320137024,2083.3201522823,2242.8401679977,1606.2401046745,2675.6801986686
PCo(36:3),0.06351192790679071,7.121582184874367,0.8004240374976437,0.3709666195225791,0.7283197851177241,770.6 -> 184.1,PC,1487.8001098628,1414.9400901796,1490.4601097109,1477.5600967401,1462.2001037592,1368.2401008607,1509.3201026922,1584.2801132203,1434.3600997926,1453.2000923157,1248.7600784304,1281.0600929261,1361.0400886534,1577.9001197809,1698.580123903,1531.8001213065,1579.2001075741
Lyso_PC(19:3),-0.06129386313795808,7.639889988144506,0.7627039747427773,0.3824836431701542,0.7425384256720247,532.3325 -> 184.1,PC,1876.5401191716,2086.9601287863,2472.6201629641,2093.0001564026,2240.4801673885,2158.600128175,1801.6201019293,1894.480129241,1968.2401275637,2035.5001525883,2003.9201393131,2246.5801391608,2489.1201896668,2554.7801780707,2189.8201751715,2313.140144347,1310.0600967409
PC (44:5),0.06228953729076692,6.750055000547564,0.7542041241468889,0.3851484357457698,0.7425384256720247,892.7 -> 184.1,PC,1141.4400787355,1150.8600807192,1106.3400802608,1120.3600730895,1087.2200737,1168.4000816346,1248.9000778202,1083.2000808715,1095.7800712587,1114.2600822446,1081.580078125,1129.880088806,1116.2000770571,1091.2200775144,1108.1200904847,1204.5800743103,1237.7800827023
PCp(42:4),-0.061857985144400975,6.729393016821654,0.7429683394215401,0.388711669202573,0.742716939369202,850.7 -> 184.1,PC,1077.4200706479,1041.460079193,1164.9800720213,1029.7200698853,1043.7000808713,1148.6000785829,1107.3400802613,1009.2800788882,1241.6400947569,1254.4800910948,1066.1400680541,1193.0000839235,1064.0200805662,1140.7600860597,1062.8200798034,1200.8400802611,1170.1000900268
PC (42:2),0.0611950186567625,6.746930927002392,0.7279904955708876,0.3935353235519731,0.7452792853108163,870.7 -> 184.1,PC,1102.4400787351,1064.9400634766,1175.6800765989,1177.4400787355,1162.26007843,1143.6000862122,1104.8000793455,1177.9800834657,1141.6400833128,1088.7000694275,1098.0400848389,1066.2400779726,1128.0600852967,1100.6400756837,1151.7800788879,1179.7600822448,1175.6600875854
C18:1,0.05556942640245031,13.152873828439693,0.6585038284902112,0.4170886454836065,0.7750554468061214,281.3 -> 281.3,FFA,112253.888351429,93560.126136783,93202.3259582368,93557.5264587277,92620.2264480346,113314.548332184,108328.467544574,101094.387382531,105827.287261958,103213.147094716,102367.066688535,100479.846679663,91842.3061141799,100106.647407548,96975.826980585,95378.266479471,27126.7419319159
PC (34:3),0.05696274485096227,7.690507114636658,0.6582329329415479,0.4171844783720961,0.7750554468061214,756.6 -> 184.1,PC,2383.5001564023,2481.9601745606,2502.4001655587,2157.040138244,1733.1401214605,1887.8201370236,1940.3001213073,1955.580158233,1826.1601448062,1698.9801292424,2110.9001655563,2110.5401649477,2220.760139466,2161.7001609795,2587.8402023324,2106.5001373276,3224.5402679439
PC (50:0),0.057940226979421014,6.677838951767286,0.649969698814146,0.4201235132220097,0.7750554468061214,986.9 -> 184.1,PC,1073.9400825501,1077.620075226,1054.9400711057,1128.3200798035,1120.4600830076,1077.4200782777,1074.1000709534,1095.9400787353,1087.3600692749,1058.5000686644,1054.7400741579,1067.2200851439,1066.7400817869,1115.9600830075,1060.8800773618,1063.0200767517,1059.4600715638
PC (40:5),-0.055524917471576445,7.546350196333439,0.6235009201071122,0.4297492895982348,0.7860371621711303,836.6 -> 184.1,PC,1865.120147705,1942.8201255791,1729.9801368721,1833.6401100156,2404.4601783746,1903.6601448052,1863.6001396183,1912.2801551825,2206.8001441948,1981.560127258,1584.9601058962,2217.5401611343,2389.4401664738,1995.7001380927,1854.9001159667,2231.3601646431,1580.840114593
PCo(40:5),-0.05514182056192778,7.1350025121907645,0.6038522851017554,0.43711196815907705,0.7927284846274787,822.6 -> 184.1,PC,1239.5600776674,1377.1201019279,1565.5401077271,1285.3400878901,1398.3600921636,1648.440120697,1298.8800811771,1647.5601272586,1355.2200889592,1467.4800872807,1307.0000877381,1490.1401062019,1706.9001235957,1707.8401184083,1665.7801094057,1514.2201042174,1533.1401023864
C22:6,0.05207682139527418,12.380736631282952,0.5778649679209593,0.44715040424990943,0.7974182209123385,327.3 -> 327.3,FFA,59872.7042999344,54003.4640197942,54474.1436233501,55381.964065553,51093.923721311,66012.304656961,64290.564613357,60028.204071033,65569.724601722,61232.183959949,60798.863914491,56005.583877571,53083.92375183,56013.943946827,53378.443710308,53442.9235992225,31051.162117009
PC (42:8),0.05475894205984284,6.675224977694134,0.5802357984344022,0.4462199103186725,0.7974182209123385,858.6 -> 184.1,PC,1150.5800781249,1077.0600852964,1035.2600746156,1124.9200744625,1063.220085144,1123.5000839232,1036.8800849915,1033.3200645446,1047.2000808717,1088.7600746155,1024.7600708009,1089.1400718689,1133.1000785828,1079.5000762939,1053.4400749205,1014.0800666811,1135.1600799561
PC (46:2),0.0535208072852235,6.698297134283384,0.5552008270183711,0.4562003912714049,0.8068337498519063,926.8 -> 184.1,PC,1088.5600700379,1059.7400856017,1119.4000892639,1069.6600799563,1124.3400840758,1143.2200737,1098.4800834656,1089.5600738524,1096.0200767517,1104.8400764462,1081.1200866697,1055.5600776673,1085.4400672912,1084.9400749208,1120.2000846863,1058.5000801083,1123.5400848387
Lyso_PC(6:0),0.05252744548927636,7.0529630464117865,0.5456242208430453,0.46011116789363954,0.80708024532163,356.176 -> 184.1,PC,1544.0801124576,1461.4801025384,1340.9001045224,1329.3600883482,1270.8600959778,1490.5800895688,1367.7000999456,1409.0600929264,1442.3001060489,1497.5001068118,1552.4801216124,1332.6601028447,1320.1600952147,1153.4400749206,1404.0800819393,1371.7801055899,1510.2200965888
C16:0,-0.049236599920700695,18.562588304881462,0.5175319150712312,0.47189639979177483,0.8090484999903726,255.3 -> 255.3,FFA,4608625.02044634,3748546.17278977,3992470.72924694,4027900.18414331,4224559.2202161,4571357.33651762,4304683.14761237,4069766.13015796,4704654.3965445,4444880.30819628,4647656.61456518,4542500.02658069,4330468.03765719,4458976.82421947,4329151.41076552,4099676.15417245,212711.674194336
C22:5,0.047347898804136444,12.175749170692635,0.4775484685804514,0.4895348630331259,0.8090484999903726,329.3 -> 329.3,FFA,51942.80353546,48825.0635070844,45537.843353272,45116.1031875702,47914.3433418111,57289.8837280129,52845.1039580991,54039.883781422,49703.0435333335,52773.683853143,51075.283622751,50495.0037269535,50079.96374512,47453.3632888882,49959.5235557479,48371.843521118,25730.0218963637
Lyso_PC(17:2),0.05076700558062608,6.875608669876904,0.505101449832984,0.47726712479630934,0.8090484999903726,506.3168 -> 184.1,PC,1334.3600921638,1183.3600921629,1236.2400856018,1092.0400733948,1153.8200912474,1394.2201004037,1299.3000946047,1286.3400917056,1217.2800788878,1128.0000724792,1142.3600807191,1360.8601074221,1209.6800918579,1197.5800781245,1411.9001121516999,1206.2800750732,1191.9600868227
Lyso_PC(4:0),0.049194202366578704,6.96112272572157,0.47617571620430077,0.4901596856464778,0.8090484999903726,328.1447 -> 184.1,PC,1313.4200935366,1262.0200958251,1275.6600723263,1234.2600860593,1276.98008728,1283.6600952144,1313.1401023864,1515.4401130671,1279.7600860598,1337.3600883482,1352.5600967406,1305.9600906372,1145.140083313,1405.5000953682,1396.9601097103,1163.0800819397,1472.6401100161
PC (36:3),-0.047886783197509525,8.314864181103433,0.47328876538141884,0.4914780607418152,0.8090484999903726,784.6 -> 184.1,PC,4373.1402778633,3064.9402465818,3210.6202583316,3835.5602531427,2436.1401367174,2520.0201721193,2912.80022049,2707.5402221696,2904.5002250662,3126.140209198,3689.5603065472,3176.7402496346,3223.4202613826,3276.7802124024,3423.5002555839,3753.9802284255,5613.9203796379
PCo(32:2),-0.04900893096839226,7.948398052236202,0.49221224781142325,0.48294212756234134,0.8090484999903726,716.6 -> 184.1,PC,3268.7402153006,2609.7402000418,2656.6401863086,2645.1602058421,2517.2201881412,2094.7401466373,2082.0401535026,2735.5402107234,2146.1201477052,2145.2201309214,3015.1002197263,3006.6402282719,2484.9801559443,3026.7201843242,2550.8401756286,3513.8002548235,1774.3001251216
PCo(40:6),0.04830177738720555,7.922950434910018,0.4779051346998102,0.48937273986850116,0.8090484999903726,820.6 -> 184.1,PC,2981.4802055359,2406.3001518243,2220.3401527406,2232.7801818856,2826.3002090446,2951.9601707454,2823.9002075192,2659.1801948556,2424.5401725761,2672.9001884465,2617.760204315,2711.0201950078,2355.5001640325,3098.9201812738,2712.7201805108,2316.0401573169,1488.8201065067
SM (d18:1/14:0),0.049934783249824984,7.1121541730563536,0.49331969944372034,0.48245018794074424,0.8090484999903726,675.5 -> 184.1,PC,1326.1800880436,1260.0400886529,1461.360095978,1339.70009613,1509.220108031,1632.5801124586,1412.220108033,1326.5400886539,1299.2200889586,1149.8600807191,1555.9201087949,1359.0000953677,1359.920101165,1320.1000938421,1752.0601348885,1363.9600982672,2427.7601699828
Lyso_PC(15:0),-0.04707447489697348,7.015777184159845,0.43761841847937255,0.5082741888201519,0.8303105069275764,482.3168 -> 184.1,PC,1317.1000938417,1457.0200920115,1403.4200935369,1311.9801101683,1202.4000930785,1470.9201049811,1260.2800979612,1207.9400863647,1417.7401084896,1473.680107117,1369.8200950622,1223.9000968931,1400.3600997915,1701.0801086428,1366.5201072691,1311.1400871282,1307.4200859066
PC (40:9),0.04690621549218991,6.809643967994675,0.42867526173553117,0.5126396940235871,0.8310976857655124,828.6 -> 184.1,PC,1118.7000846861,1065.9800834652,1257.2400894166,1181.9200973512,1229.1800842288,1260.2600975041,1076.5400733948,1107.4400749205,1295.8401031498,1081.8600769045,1227.0000915528,1137.5200881953,1072.7800674437,1114.6000709533,1062.3400764465,1233.360088348,1595.4801292429
PC (30:2),0.0448727829519788,7.517945735402379,0.4065131385862202,0.5237446252378051,0.8427169157961676,702.5 -> 184.1,PC,2161.2601470948,1859.52014923,1921.540161133,2213.5601615907,1884.4201164239,1945.0001487743,1645.9601211554,1850.9201202393,1908.5201416012,2507.5601806637,1582.980113982,2220.9801559443,1423.3201065058,1914.2601509092,1996.3401489259,1824.3201255794,1994.9601326001
PC (48:2),0.045300986830641425,6.6944951692359815,0.3976820352957686,0.5282887847680913,0.8436850741818771,954.8 -> 184.1,PC,1130.6000785826,1075.2600784301,1060.3000831605,1083.7200775146,1088.8600692748,1075.8200798034,1117.2400817872,1116.1800842285,1107.1400794981,1079.3000679016,1166.1000709536,1083.3200683592,1054.4600715638,1056.1600723265,1074.5800781246,1071.0600738525,1111.8800811767
Lyso_PC(18:4),-0.043193993468548034,6.810408652024423,0.36416265182563734,0.546203444976865,0.8594671854783023,516.3012 -> 184.1,PC,1131.140079498,1071.2600708008,1064.360080719,1231.5000801086,1135.5000877379,1241.0800895697,1178.540084839,1148.8200836182,1407.7400970452,1170.9800910954,1233.800083161,1133.5800781249,1036.140071869,1194.3000755311,1342.1600952144,1203.2400894159,1195.5400886536
PC (44:10),-0.043354699353115,6.845117012054338,0.3677329213414282,0.5442426209598613,0.8594671854783023,882.6 -> 184.1,PC,1103.7200698852,1187.6000823976,1162.5400848388,1109.8200836181,1197.7400856019,1158.4400787355,1320.2000885009,1216.4000930786,1241.9800872805,1282.1600914005,1146.1400833128,1172.2800827022,1183.8400840759,1201.7600936885,1291.8401107786,1475.7201080325,1145.7400817868
Lyso_PC(2:0),0.04210197858183883,7.001780619262081,0.34969521123431235,0.5542857143112031,0.859544513497083,300.1134 -> 184.1,PC,1154.0400924682,1182.9400825499,1316.2600975043,1354.3800926205,1384.960102081,1539.5800971987,1633.2601203919,1251.3400955206,1272.2800941467,1409.7400894169,1396.020103454,1407.0201034538,1226.5800933837,1245.5400733949,1416.3600997916,1393.1601028435,1384.0801010132
PC (52:4),0.04286748637505433,6.709588732354848,0.3565644490755564,0.5504204712731156,0.859544513497083,1006.8 -> 184.1,PC,1124.5800819395,1109.8000793459,1087.680065155,1082.7200851442,1071.7800827027,1143.1000862122,1148.640083313,1095.740093231,1063.7800827025,1120.0200881953,1059.8000793457,1128.7800827026,1067.7000846863,1188.5800743105,1081.2200698854,1113.2200813294,1061.3800621033
Lyso_PC(13:0),0.04089814286109323,6.922031107643906,0.3285631850865176,0.5665063640674366,0.8651673842165788,454.2855 -> 184.1,PC,1219.4000854496,1272.1800918577,1058.1800689697,1334.4201011659,1326.9200973513,1398.2601013179,1358.7400932312,1260.4600868226,1362.220088959,1211.1200790404,1309.940105438,1286.700103759,1161.7800788883,1341.880088805,1179.260082245,1338.9000930785,1315.5201034554
PC (42:3),0.04124335010129028,6.838082038637603,0.33261591858730544,0.5641227853185047,0.8651673842165788,868.7 -> 184.1,PC,1303.1200942988,1185.3800697328,1194.1800918577,1192.1600875852,1303.9001007083,1146.5600776673,1134.360080719,1217.1400794982,1139.6000938416,1206.4200935362,1297.0600967409,1298.9400863648,1195.6600837706,1165.3800888061,1110.3600769045,1227.0800933838,1175.7200889584
PC (48:0),0.04037485606226344,6.693443677265458,0.31589842489231024,0.5740830306483841,0.8651673842165788,958.8 -> 184.1,PC,1107.9800796508,1079.8400802612,1109.1800804138,1142.440071106,1064.4000816347,1071.0800704956,1080.3200721742,1077.0800743104,1088.7200775148,1073.6800804138,1065.9800834658,1081.7600708009,1121.4000816344,1065.4400711058,1158.2600936889,1053.4000778198,1096.7200813294
PCp(36:5),-0.04061011288632128,6.851237120218313,0.32207743469204964,0.5703618493965378,0.8651673842165788,764.6 -> 184.1,PC,1146.7000808714,1158.8600769043,1325.1800956728,1175.4200859073,1112.3000755311,1125.6600913999,1109.3800849913,1114.3600807189,1213.9600868228,1280.7800827024,1253.7600975028,1190.1200828553,1169.0200805666,1294.7200965881,1184.0000762939,1192.8800773622,1663.080127716
Lyso_PC(21:0),0.03842480415072965,6.789538991362413,0.28762381232864254,0.5917472863967463,0.8796123561235787,566.4107 -> 184.1,PC,1161.2200889587,1143.2000770574,1219.1601028437,1136.160083771,1200.320083618,1146.3200798035,1072.1200752257,1171.4000816341,1055.6200675966,1150.1200904845,1289.9600830085,1169.2400817866,1051.4800796508,1158.7400817869,1185.8600807188,1176.9000892646,1338.8600997924
PC (46:0),0.03808718829300806,6.695552985110968,0.28107264697029144,0.5959990263454155,0.8796123561235787,930.8 -> 184.1,PC,1125.4800796508,1070.2600708008,1085.2800827024,1080.8400764465,1077.5000762938,1076.4800682067,1131.6000823972,1064.7200813292,1094.5800704956,1097.1400756835,1078.5600852966,1080.5200729368,1091.7400817871,1071.5400695802,1106.0400810245,1080.0000762939,1156.5200881956
PCo(42:6),-0.0377195060292425,7.078284916226416,0.28192060420084886,0.5954451391173947,0.8796123561235787,848.6 -> 184.1,PC,1336.4200973502,1575.0801048289,1164.7200813295,1325.5401000976,1432.9600982662,1520.2401161196,1429.6201095576,1382.1201057438,1448.0000991821,1333.7001075743,1359.7401008601,1492.060089111,1284.5800895689,1465.1001052859,1660.5801353455,1710.1801147466,1308.8400802607
C14:0,-0.03195843173138878,13.447582055729653,0.21785108301679657,0.6406821859900432,0.89029862209006,227.3 -> 227.3,FFA,125056.50965117,108763.348052975,120137.809120207,110473.14788818,115745.908004731,126726.509010328,123725.189422593,120474.40945434,128495.509170517,126771.588569646,124495.928649905,127148.628967293,123764.608871465,125909.889282255,122163.068603524,117757.928794884,54649.503845207
Lyso_PC(14:1),-0.035977838589917904,7.282320146610249,0.25903812572168583,0.610781746606097,0.89029862209006,466.2855 -> 184.1,PC,1489.42009735,1854.7401313777,1580.8000946039,1549.6001167307,1564.3400993346,1536.8801002513,1610.9401283271,1753.7801208491,1687.940128327,1480.0401115409,1629.2201156619,1821.8401222218,1732.560123443,1838.5401268006,1802.0201301562,1628.0601120006,1330.6001091004
Lyso_PC(17:0),0.03511446912839835,6.961796528604233,0.24232147226899414,0.6225344300907167,0.89029862209006,510.3481 -> 184.1,PC,1370.1600952145,1341.5600929261,1279.1000900268,1139.5200843807,1361.1400909418,1309.680091858,1181.2000808714,1287.6400794983,1166.7600708008,1418.580097199,1446.2601013183,1228.7600708007,1168.2800788881,1211.0400772093,1319.7400932309,1312.1601028446,1821.1601409909
Lyso_PC(22:6),-0.036095294432644774,6.869167671150988,0.2549778240776046,0.6135916444736405,0.89029862209006,568.3325 -> 184.1,PC,1200.5400848387,1234.1600761413,1180.9200820923,1082.4400787352,1176.1200828552,1174.300086975,1187.3000831604,1278.7800827023,1324.3800926213,1089.200073242,1230.4400787349,1096.3800888061,1349.5800933841,1256.8600921632,1427.0400924684,1235.1400833131,1440.7400932321
Lyso_PC(5:0),0.03362175170554469,6.993128319644796,0.2229181881161395,0.6368253448517793,0.89029862209006,342.1603 -> 184.1,PC,1227.0600814817,1368.0201072694,1121.44008255,1434.4800987245,1300.5401000972,1563.8801231379,1422.2000923153,1287.4600830077,1426.4800949091,1291.1400985722,1162.5800743104,1394.4600906374,1418.2001075747,1426.8001022337,1353.3400917047,1265.4400978088,1374.2000923164
Lyso_PC(8:0),-0.034571776122097844,7.212835512682925,0.23838264379370777,0.6253767026685454,0.89029862209006,384.2073 -> 184.1,PC,1864.0201187145,1407.220108032,1494.6801071168,1431.1200942984,1316.700099945,1553.2001075751,1513.1801147464,1714.3801383968,1634.9401130673,1716.3401260379,1595.6801147461,1394.2601051339,1587.9801139832,1690.2801170341,1663.2401046753,1624.3201179499,1392.8801002503
PC (36:7),-0.034147712562524024,6.889015510383059,0.2283849377154148,0.6327239672071192,0.89029862209006,776.5 -> 184.1,PC,1116.2400779725,1390.3000831607,1210.5000915527,1232.8800888058,1080.5600738525,1259.9800872805,1156.3000793456,1168.3800811773,1521.5401153565,1181.5600814817,1427.4201049804,1305.2001075736,1189.9600906372,1162.6200828553,1173.9600868222,1131.6400871275,1541.4600982657
PC (42:4),-0.03334543437854839,6.912500698829062,0.2182708904726809,0.6403605830994219,0.89029862209006,866.7 -> 184.1,PC,1320.88010025,1231.1800880432,1175.8600807186,1124.280078888,1183.4000892642,1381.860103607,1392.2601127636,1079.3200798035,1180.7000808712,1216.6200866698,1136.4000968932,1293.6400833133,1353.5601043692,1407.920104981,1329.4400825499,1453.7201232908,1346.8200988768
PC (44:3),0.035298681764341096,6.707873727966186,0.2417107442562485,0.6229732463811697,0.89029862209006,896.7 -> 184.1,PC,1114.3400840758,1074.8600769041,1118.7000732422,1087.1600685122,1128.6200828547,1091.8400802612,1096.2000808717,1105.4800605773,1099.6200790407,1094.0000839231,1097.8800697326,1245.5200843812,1055.1400794982,1094.4400749206,1076.2800712587,1059.2600746155,1084.0200767516
Lyso_PC(18:3),0.031582944225504006,6.840907571521433,0.1950107553423397,0.6587785239268118,0.8990705961055739,518.3168 -> 184.1,PC,1155.6800765991,1290.5400924685,1187.0200843805,1240.3200836178,1179.2800865174,1230.7600898747,1217.1800689696,1120.300079346,1259.5000915524,1241.6200904845,1359.1800994871,1164.5600852969,1111.2600746155,1192.7800941466,1120.1200904843,1201.6600875854,1267.1400909421
Lyso_PC(19:2),0.02890598911281995,6.841514200542403,0.1634423149581643,0.6860068340289578,0.8990705961055739,534.3481 -> 184.1,PC,1120.0200805662,1092.3200836182,1146.3000831605,1138.5400848383,1181.580078125,1225.9000968933,1462.7800979611,1305.7000885006,1384.4000968925,1141.6200752262,1200.340087891,1200.8000946044,1169.3400764465,1107.5600814818,1294.8600921628,1223.9800796513,1145.6800804138
Lyso_PC(22:1),0.029377742923250627,6.853546555218543,0.16884938581359865,0.681136425805563,0.8990705961055739,578.4107 -> 184.1,PC,1233.8400917057,1169.0400962829,1165.4200935363,1261.0400848389,1314.4401054389,1280.640090943,1181.8200798035,1091.9000740053,1300.2600860598,1200.060081482,1160.6200904846,1346.1000900267,1175.6800918574,1135.8200798036,1226.8200912475,1191.9600753784,1289.4400978087
Lyso_PC(3:1),0.02855023878641753,6.916656985318609,0.16016204176430726,0.6890073727164211,0.8990705961055739,312.1134 -> 184.1,PC,1402.0801048279,1252.5000839234,1201.1600723264,1417.5401039121,1244.9400825503,1276.9800910953,1199.8200798035,1225.9800872803,1346.8000869751,1379.0401039116,1266.0800895694,1267.7600936883,1199.3000869748,1257.8400878906,1377.9801139838,1177.0400810237,1149.7800750733
PC (40:2),-0.03047707890017453,6.839576482987401,0.18103198027195422,0.670487868966315,0.8990705961055739,842.7 -> 184.1,PC,1126.8000831602,1225.7200889587,1155.4800758359,1075.5800704956,1092.8800773621,1106.7600784301,1164.3400764463,1133.5800857544,1119.4200897216,1173.9000968933,1268.2400856014,1145.3000831601,1094.9600753784,1219.2400856014,1285.80009079,1209.0600891112001,1965.1601486205
PC (42:5),-0.03082898813435291,6.951323368727692,0.1870553235427881,0.6653788304836403,0.8990705961055739,864.6 -> 184.1,PC,1379.4401016236,1236.5600967407,1174.3200874329,1195.9400825498,1369.5400924681,1348.4400825498,1340.5001029963,1183.1000823973,1143.0800857546,1461.0801124572,1347.0200958256,1360.9401016246,1219.6800956725,1358.9400939935001,1358.5400848386,1457.1000976567,1250.2800865176
PC (44:0),0.030881057904209377,6.707187706665125,0.18493920951276177,0.6671624780808849,0.8990705961055739,902.8 -> 184.1,PC,1098.9000701905,1066.2400741579,1078.6600799559,1083.4000778197,1182.4600830084,1068.2200736999,1083.3600769044,1112.5400810239,1084.9800758362,1119.6400794984,1120.2200813292,1055.4200782775,1153.0400772095,1061.580078125,1065.7400779722,1144.5800933838,1137.26007843
PC (46:1),0.029383667132475602,6.704974161829745,0.1673919557493484,0.6824401371266124,0.8990705961055739,928.8 -> 184.1,PC,1093.2200698851,1088.640083313,1056.9200859067,1121.8600769042,1091.8600769043,1079.0600776672,1107.1200752259,1103.4600868223,1211.4400901796,1092.460071564,1075.6800651552,1148.8400802617,1060.2400779725,1066.9800682067,1072.0800743104,1055.160068512,1164.1600761415
SM (d16:1/18:1),-0.03160191222053572,7.351328946481044,0.20003128430228756,0.6546955954178567,0.8990705961055739,701.6 -> 184.1,PC,1886.7401618953,1818.4401092535,1679.8801231383,1775.9401168824,1417.9401092534,1777.7401313786,1480.0001106263,1320.920093536,1755.0801315315,2010.9401321394,1638.3001403804,1683.320129394,1734.8001251207,1568.2601051326,1765.3601303113,1616.0601196287,2382.4401588444
SM (d18:1/12:0),0.030088975464203045,6.752681854526548,0.17599466548880116,0.6748382006725997,0.8990705961055739,647.5 -> 184.1,PC,1166.0200805663,1112.0000686645,1076.5400772096,1244.8000831599,1014.8600807192,1138.3200836181,1203.0600852968,1050.840072632,1115.8400802614,1143.3000793458,1192.9000816345,1078.1400794982,1144.1400794983,1111.9600753785,1168.4200897219,1089.0600738523,1274.8200950624
C18:3,0.026388728755781417,10.723048602105827,0.14777194600539234,0.7006737244517667,0.9087525880768367,277.3 -> 277.3,FFA,19927.9814567547,17744.3411941546,17766.8412780715,17384.1611862168,17228.5212326027,19042.981384278,19372.7414283762,16955.1812133789,19019.8013992288,17167.5013046257,19984.1014709447,17476.9812393211,17198.7211570748,19069.0813026417,18094.7812919646,18356.5013008107,11279.7807998686
PC (44:1),0.027033923039435276,6.7248237988313795,0.14179535251886843,0.7065026724042636,0.9107926017741711,900.7 -> 184.1,PC,1161.2000808715,1082.3400726318,1112.1000785825,1060.8400764467,1110.1600799561,1107.4600677492,1090.2600746156,1082.0800743103,1143.1600761415,1080.320072174,1132.02009201,1095.7400741579,1075.5000724792,1065.1600723266,1108.3000755309,1160.2600860591,1290.9400863647
C22:1,0.02429672453370019,12.343794694388563,0.1257887349743072,0.7228390188379853,0.9262727546786159,337.3 -> 337.3,FFA,59431.5840453931,55975.783977495,52868.743743879,51357.4834823532,53564.1440200617,62470.7247734073,59459.4842834518,60203.4441146796,57043.3640594393,55616.0438614127,59097.6841048998,56522.5237121616,53838.5437087978,59314.6838989138,59473.224159232,58002.6443023513,16971.0611953724
Lyso_PC(20:0),0.02483727790838255,6.954815098826918,0.12133337741158812,0.7275928097108153,0.926814650464967,552.3951 -> 184.1,PC,1332.02009964,1219.6000862126,1153.2000808716,1301.8400993348,1443.020103454,1358.0601043695,1175.5200729372,1356.0800895692,1187.1200942992,1373.0400962834,1514.9601058964,1222.1800994872,1438.0000991823,1219.0800895693,1285.8400993347,1171.6600799562,1487.4201164254
PC (42:6),0.02425041766746398,6.742576683565335,0.11424828441060608,0.7353584116912257,0.9311639059285344,862.6 -> 184.1,PC,1072.4800682067,1163.1000900266,1071.2200737,1054.8200798034,1170.4200782775,1073.2600822449,1181.560089111,1135.8000755308,1075.9000740052,1107.780078888,1115.880088806,1100.3800773622,1159.8600921627,1150.2400779728,1189.6000900266,1101.0400810242,1265.7800827023
Lyso_PC(21:4),0.022929046414882356,6.936460987681869,0.10333164924691918,0.7478675744285673,0.9359278416825346,558.3481 -> 184.1,PC,1467.9600906362,1320.3001022333,1358.340114594,1151.9400939941,1253.3000831604,1280.7000923163,1296.0800781252,1106.8400840758,1324.1600913995,1272.7400894166,1231.8800888066,1211.5600814818,1281.9200935367,1437.7601013178,1277.5800857544,1291.1000785831,1397.200115203
PC (44:7),0.023486533909657957,6.706007781502386,0.1069589358541343,0.7436332672922088,0.9359278416825346,888.6 -> 184.1,PC,1073.4800834656,1058.6600685117,1089.2000846862,1126.5600738525,1085.1800651552,1098.5400810241,1131.580078125,1072.0400695799,1114.7000732422,1076.9600753784,1078.9000740051,1083.7200775147,1123.2600822446,1140.6200866698,1099.520072937,1096.5000724792,1155.9400901793
Lyso_PC(15:1),0.020994332254456065,6.807818789374179,0.08603789756941005,0.7692759065148917,0.94873014810212275,480.3012 -> 184.1,PC,1251.5200958252,1075.7400894163,1125.5400848391,1051.1000785828,1057.9400749207,1182.080078125,1327.7000999454,1341.500091553,1315.7201004029,1113.0600776674,1074.1600723266,1176.1600799561,1256.0400962831,1204.4000930787,1133.140083313,1238.9400863643,1147.4200782776
PC (42:7),0.02087140005635237,6.69906239511891,0.08441785528617185,0.7713974101391092,0.94873014810212275,860.6 -> 184.1,PC,1104.4200935362,1036.5000686646,1015.0200805666,1091.1800804138,1073.060081482,1078.1800842282,1183.76007843,1091.8600654603,1069.380077362,1032.6000709533,1143.6800765992,1087.7800712587,1128.9600868225,1094.4200706483,1064.3800697325,1145.3600769046,1176.7801017763
PC (52:0),0.021250628641632827,6.6271715835224985,0.08711611529577934,0.7678759403987109,0.94873014810212275,1014.9 -> 184.1,PC,1080.5400695802,1047.6400756835,1036.2400741576,1022.4200706483,1012.9200706482,1020.3000717163,1016.1400680541,1030.7000808715,1044.140079498,1056.9600791932,1041.9800720216,1053.0800743103,1049.920082092,1052.9600677492,1012.2600669861,1040.9800720213,1088.6200675965
PC (44:4),0.01976633879354831,6.726478230121639,0.07589063724047795,0.7829455278221817,0.9519905849656073,894.7 -> 184.1,PC,1094.8600730899,1178.2400779722,1083.1200714111,1135.5800819399,1094.0200843811,1064.0000762941,1135.8400802611,1107.520072937,1146.6800880431001,1153.3200798033,1132.700084686,1239.8800735471,1096.4400749208,1072.1800727845,1088.0200805665,1065.9400749206,1074.0600814818
PCo(34:4),-0.019986140583921157,6.7510741037150055,0.07763172649109862,0.780532851020741,0.9519905849656073,740.6 -> 184.1,PC,1027.2000732423,1137.0400810246,1332.5200920101,1045.3800582889,1033.9600715639,1083.6000823975,1020.2600708006,1143.5000915528,1174.9800910949,1034.8200798034,1045.6000823973,1172.920078278,1189.1800765991,1297.3000907901,1101.3400726321,1167.8200912476,1298.9200935361
C18:0,0.017749248196805477,18.497013380140007,0.06725719982205192,0.795372972507416,0.9543739782182343,283.3 -> 283.3,FFA,4536019.09103502,3685855.42312721,3854277.8825687,3810730.44928046,3988481.33572411,4585602.97229007,4285257.40811236,4057518.11157289,4360715.85366815,4114119.81860503,4353586.89749186,4313415.92897077,4062844.33877512,4167694.4715888,3992494.55941873,3820629.41162127,238026.458847061
Lyso_PC(20:4),0.017987942084834754,6.898187643684594,0.06350104882885077,0.8010455898536627,0.9543739782182343,544.3325 -> 184.1,PC,1193.2800941464,1059.1200790404,1239.3000907894,1148.2600936887,1309.9200935367,1307.1000976561,1521.3801040664,1249.5800971981,1268.5600967406,1202.4400901785,1136.9600830081,1352.2200965883,1117.3000831603,1492.4201087948,1146.3800773622,1442.6801147465,1189.5200843815
Lyso_PC(22:0),-0.013893189234579773,7.242940784954983,0.0385110626576477,0.8444204765037749,0.9543739782182343,580.4264 -> 184.1,PC,1356.0000953671,1475.4001197822,1377.4000930791,1700.0001182546,1928.0201416006,1661.9001197826,1381.9400978081,1559.1801109306,1679.3401107799,1273.940090179,1786.2201271053,1432.0401000978,1853.2801208498,1525.3001022344,1768.1001167297,1562.9801177984,1851.7201271059
Lyso_PC(24:0),0.015606723279084123,6.803425784244056,0.0474356995905687,0.8275869844923412,0.9543739782182343,608.4577 -> 184.1,PC,1093.2400817869,1104.2800674439,1076.5800743103,1192.0200881959,1083.2600822447,1227.8800888056,1156.1000900267,1214.3600921631,1222.0000877386,1135.1400833128,1094.180076599,1142.6200752257,1188.1400909423,1208.0800895686,1197.9000816344,1091.160057068,1608.9201240539
Lyso_PC(9:0),-0.013538414766642646,6.9422350973746,0.036038866852362794,0.8494352507809929,0.9543739782182343,398.2229 -> 184.1,PC,1225.9000892635,1300.100086212,1105.8800849915,1312.5000991821,1257.4600906368,1218.8200950622,1410.6601066591,1324.7601051335,1229.1800842288,1331.7201042175,1325.3400878903,1266.2200927735,1321.940090179,1338.0800971989,1358.5800971981,1345.3600997927,1367.9001121521
PC (34:6),-0.015156190975662464,6.74200338010609,0.044607942623486,0.832726587801211,0.9543739782182343,750.5 -> 184.1,PC,1140.9400825499,1086.840084076,1180.3400840757,1118.3800697327,1028.0000762938,1043.4400672913,1103.2400856012,1060.6000823975,1075.3400764465,1015.1000823974,1228.9200935361,1106.9600868225,1219.5600852966,1177.6000823977,1070.340080261,1189.8800811764,1342.5800895687
PC (38:5),-0.013124884804291784,7.573526806044434,0.03482271234449108,0.8519676436522104,0.9543739782182343,808.6 -> 184.1,PC,1995.8401641847,1763.0601081839,1963.3001403815,2003.54014206,2091.0401496902,2042.8601379396,1841.3201446536,1831.0001106263,1855.6601333618,1993.3801460274,1915.4401512143,1747.2801246645,2390.7201461777,2236.7401809698,2233.0201301563,1700.3401184075,2593.5601882937
PC (38:8),-0.01720876814318108,7.0041091137270435,0.05833528187008241,0.8091467086276439,0.9543739782182343,802.5 -> 184.1,PC,1348.320095062,1328.8801078791,1382.3000946036,1262.9000854493,1199.160076141,1293.4600830079,1242.9600830082,1326.9000968941,1229.7800865174,1455.9600906366,1172.7400894163,1392.2001075745,1320.7200889591,1407.9801025394,1550.4601135252,1250.0400848384,1868.3601455672
PC (40:1),-0.01895732089197673,6.778909102299915,0.06989655008242934,0.7914874625484045,0.9543739782182343,844.7 -> 184.1,PC,1238.3000831602,1175.4000892639,1119.5600662234,1154.8400802613,1043.8400726319,1032.960071564,1049.560070038,1089.4400749207,1169.9000816346,1024.9800758361,1131.6400833132,1100.2200737,1336.4401092524,1062.3800735475,1232.1400985726,1194.6000862124,1537.4201049805
PC (42:0),0.015214294004981711,6.721674195989316,0.04490802265007954,0.8321732460248545,0.9543739782182343,874.7 -> 184.1,PC,1075.8000793456,1071.9000816347,1126.5400848388,1088.0800743104,1070.1600799559,1096.620082855,1115.4400787352,1118.2600822448,1106.7000846863,1069.3400764467,1141.0200920104,1095.8600807192,1139.4200935362,1123.3200798035,1104.3600807187,1113.1200828551,1257.8400917051
PC (42:9),0.013504948783049222,6.687309756482526,0.035315125200643394,0.850936863894285,0.9543739782182343,856.6 -> 184.1,PC,1075.6800765988,1093.5200767517,1100.1200866695,1025.6800727841,1023.8000679017,1085.94008255,1032.2400779721,1139.9000778195,1078.6800727842,1127.1200828547,1132.7600746155,1094.0800819397,1161.1800880434,1013.3800735472,1027.3800773621,1075.0800819397,1175.1800880432
PC (44:2),0.013003475030554115,6.716927979073453,0.032810279357122774,0.8562607655042103,0.9543739782182343,898.7 -> 184.1,PC,1081.9000778195,1202.1600914,1091.2800865174,1079.8000793455,1061.6400756837,1080.8800811766,1107.2400741577,1067.5000724793,1117.640083313,1088.3200683594,1157.7600822444,1104.5600814817,1085.0600776671,1062.9400749206,1055.780078888,1242.9400863647,1157.5800895688
PC (44:6),-0.01318270361442779,6.717779855478367,0.03373618001177636,0.8542691177310461,0.9543739782182343,890.7 -> 184.1,PC,1142.2600784302,1054.7200737,1078.5200653076,1067.9200782776,1136.7600822448,1082.6400794982,1102.4200782775,1072.320072174,1142.0800704956,1111.7800788878,1087.3600845338,1211.2600822445,1095.7000808716,1208.8600807194,1077.4200859066,1107.2400741576,1079.8000717161
PC (44:8),0.015712764271667064,6.693319821057828,0.04783278422565829,0.8268782381198063,0.9543739782182343,886.6 -> 184.1,PC,1131.0400810242,1070.3400802612,1085.9800758363,1072.4200668335,1066.5800819396,1054.6000709535,1056.2000770567,1096.7200813291,1067.4200744628,1057.960079193,1114.3200798033,1109.0200653077,1069.1400756835,1098.4600753784,1099.3800888062,1142.8800811766,1149.6200828552
PCo(42:4),-0.015235159638514758,6.720746577659403,0.04504760988429979,0.831916508168303,0.9543739782182343,852.7 -> 184.1,PC,1051.920082092,1164.7000808715,1031.5000724793,1185.4200859067,1027.7800750731,1095.2600708007,1046.8200721741,1103.5600738525,1020.3000755309,1210.0400924686,1058.6000709532,1137.8600769042,1137.5800781248,1074.9600753784,1229.200084686,1155.2000808716,1166.5200843811
SM (d18:2/18:1),0.015495780282014067,6.804472792620591,0.0468350240932951,0.8286650459532222,0.9543739782182343,727.6 -> 184.1,PC,1165.6200828556,1179.3400840759,1154.0000915525,1189.8400917058,1117.2400779725,1182.2800827026,1182.7800865172,1136.5800819396,1174.5400772094,1161.3600845335,1100.740077972,1160.0000839233,1161.8000793459,1303.0800819392,1117.7000808717,1265.5200843811,1281.7000923161
PC (36:6),0.01218191072052666,6.746967864230572,0.02882293235954947,0.8651885206278711,0.9593282042195047,778.5 -> 184.1,PC,1013.7000732423,1191.6000862121,1157.9600677489,1114.8800811767,1095.6200828553,1050.3400726319,1144.8200836181,1092.2800788875,1023.9200744629,1098.5600814817,1097.7400779723,1308.6600913999,1193.420085907,1139.5200691224,1048.9400825499,1103.6800689698,1371.6601104736
SM (d18:2/20:1),0.011268820202694074,6.866201638401402,0.024869605990891053,0.8746924109952436,0.9648668863555782,755.6 -> 184.1,PC,1386.0800971987,1150.860080719,1115.2400779729,1147.6000823975,1294.3800849914,1211.3600845339,1185.2800903314,1264.5000839232,1255.4400978088,1213.9200782774,1201.0400810243,1214.3400878907,1205.1600914006,1263.320083618,1309.6200943001,1259.4200973511,1233.0800857543
Lyso_PC(24:1),0.00891237757859436,6.826926792407829,0.015508912742971503,0.9008918600783326,0.968454248833188,606.442 -> 184.1,PC,1143.0800895696,1105.5000801084,1079.6400833127,1186.2600860592,1053.4200782775,1148.8400764465,1293.360092163,1390.3201065062,1194.8800849911,1262.8400917051,1131.5200843804,1165.6200752259,1302.960079193,1129.5400810241,1152.58008194,1239.7200813296,1362.3801078793
PC (32:4),0.00972061899839688,6.740917044767896,0.01836289781707201,0.8922088400143109,0.968454248833188,726.5 -> 184.1,PC,1075.9400787352,1185.4000816341,1072.2200698852,1085.4200744628,1116.3200759886,1175.8600807186,1112.2600860598,1088.6200828551,1153.5800781251,1088.2800750733,1216.2000732426,1137.3400764467,1065.1400794981,1083.1600761413,1245.8400917047,1086.8000793455,1178.9600753785
PC (42:1),0.00926717988502027,6.739818513265876,0.016694318064615743,0.8971942578996879,0.968454248833188,872.7 -> 184.1,PC,1100.9800682067,1102.0000762939,1172.6400833124,1079.8600845334,1143.6800765991,1060.360069275,1132.5400848388,1143.0000724792,1146.3000793458,1091.9400749208,1171.4800872801,1098.6200752258,1104.5000801086,1198.2800788877,1160.7200851438,1137.6400833127,1100.8600807189
PC (42:10),-0.008149767043559122,6.720395056564484,0.012885470713110081,0.9096229159601438,0.968454248833188,854.6 -> 184.1,PC,1130.6000785824,1064.1800727843,1066.9200630188,1065.3400802613,1081.8400650024,1056.9400749207,1150.7400779728,1073.3000679017,1167.4600868224,1079.8000869751,1052.1000709534,1121.2800750732,1126.2200813294,1200.1200790403,1154.8200836185,1061.9400787354,1247.7000961304
PC (44:12),0.00986125650097438,6.76322973392653,0.01893113654281997,0.8905640902905525,0.968454248833188,878.6 -> 184.1,PC,1141.1000938416,1098.0400733948,1148.7800750732,1089.8200798032,1228.7201004025,1118.9000701905,1068.320072174,1196.8600845336,1123.3800849915,1315.8600959772,1105.4400901794,1067.160079956,1140.9600791931,1080.8000831602,1091.4600830077,1329.4201011662,1109.660079956
PCo(44:4),0.008915690558263667,6.743051529957564,0.015449656080627427,0.9010804032154601,0.968454248833188,880.7 -> 184.1,PC,1171.12008667,1089.0400733948,1065.9800720215,1196.9200859071,1063.0600814819,1126.5000915526,1074.2400779724,1134.8400726318,1083.7200736998,1145.6200790402,1165.0200843811,1117.0000724793,1120.3800811767,1214.480079651,1107.1400756835,1139.1600799565,1181.3400993342
SM (d18:0/26:0),-0.008430156298651318,6.839904690036313,0.01389839238913737,0.9061536732723859,0.968454248833188,845.7 -> 184.1,PC,1192.4800834656,1187.9000854495,1098.800075531,1221.9000930792,1146.4400863645,1185.7400856019,1283.2400894161,1208.2400856016,1119.2800788878,1193.3400802613,1240.9800949095,1273.5400924685,1329.2800941462,1220.8400878907,1056.0200805665,1388.9201087959,1175.8600730891
PCo(40:4),0.006986259739860798,6.912208151301464,0.009577344595619763,0.9220403591836733,0.9768150339866639,824.6 -> 184.1,PC,1342.1600952147,1318.7600784294,1331.5801048278,1280.8000984194,1266.3400955199,1232.0800781254,1130.4800758366,1073.0400772095,1420.3800964359,1164.2600746154,1473.1201019287,1178.6200828549,1367.2400894169,1208.540084839,1129.4600715636,1233.8400878906,1438.5000877385
Lyso_PC(20:2),0.006362832382746099,7.293497456650191,0.008107989484152256,0.9282519518112905,0.9785513186582078,548.3638 -> 184.1,PC,1659.3201179512,1848.920139313,1848.2201194751,1644.8401107793,1644.580131531,1508.7801094069,1573.340122222,1552.2201080322,1546.9800949095,1428.7400932312,1907.7201538087,1823.4401473991,1592.0201034545,1780.5001296993,1707.8601188667,1786.3001251207,1244.6000823971
Lyso_PC(19:0),0.004452320791739993,6.828033434369326,0.0038727937868667794,0.9503782589399911,0.9813076354976565,538.3794 -> 184.1,PC,1227.1400871275,1106.4400749208,1228.5600814816,1335.3400917049,1172.2400817872,1120.2000808715,1134.6600723268,1124.8800888058,1101.680088043,1128.4400749205,1474.4801139839,1085.6000785825,1243.500083923,1225.6400756833,1186.1400833128,1218.80009079,1244.8400917054
Lyso_PC(22:2),-0.004887269302141946,6.836558438343184,0.004668796539631259,0.9455240638658818,0.9813076354976565,576.3951 -> 184.1,PC,1268.1400909422,1113.4800758361,1235.6200866707,1061.7800712584,1189.3800811766,1212.1200714113,1063.8200759888,1335.6600990288,1137.9000892637,1396.5401039116,1065.4800758363,1200.4400825502,1311.5200920105,1281.6600875856,1236.7000808716,1119.7600860591,1251.6400833125
Lyso_Sphinganine-1-phosphocholine,-0.0048310310649211765,7.130280601558242,0.004638934747042356,0.9456982882774394,0.9813076354976565,467.3536 -> 184.1,PC,1859.8001365667,1399.400104523,1377.6200942988,1262.9600868227,1274.0800933842,1578.5401306147,1384.600105285,1664.5401267999,1496.2801055915,1693.160129548,1372.5800857542,1322.3201026914,1535.4001045216,1641.1201095573,1717.7801361079,1352.8400993348,1178.6400909426
PCo(38:6),0.0037196392726449386,6.988891944820072,0.0027234573354624203,0.9583798870047207,0.9813076354976565,792.6 -> 184.1,PC,1178.7600860598,1326.5200996393,1409.0800971974,1367.980098724,1237.1400871276,1253.680080414,1313.5800857548,1275.2000923153,1262.0401039125,1273.1000900268,1313.760086059,1374.9600906374,1450.4000968936,1255.6000862131,1269.0400848387,1403.7800979614,1812.2601394659
SM (d18:0/14:0),-0.0038936053751419887,6.952925557487007,0.0029789686911279034,0.9564731289544475,0.9813076354976565,677.6 -> 184.1,PC,1349.5401039122,1181.080101013,1186.2600936889,1301.880092621,1253.5800819392,1406.6600914003,1169.5800743106,1262.680095673,1145.3600883486,1209.9800758364,1368.3801116941,1220.8400802608,1327.3001022343,1541.5401268007,1300.760086059,1281.1800956725,1732.1401100164
SM (d18:1/26:1)17Z)),0.00550657977564418,6.84598495851012,0.005921031165428303,0.9386647237563828,0.9813076354976565,841.7 -> 184.1,PC,1172.5600852971,1116.5000724796,1177.4000778198,1364.2400970457,1061.740070343,1188.9000816344,1185.260074615,1131.6400756838,1137.3200798034,1094.3400650024,1457.2801017764,1215.7400856019,1165.2200851435,1173.6600914003,1192.2000923153,1166.8800849914,1631.9601097123
C17:0,-0.002428756367528126,13.924130178747511,0.0012585790209413972,0.9716998189267145,0.9855349298988527,269.3 -> 269.3,FFA,185010.773574829,158988.49133298,149668.489593507,149528.230483999,154937.331367487,195020.793548569,184115.89366148,177245.071655288,169672.511611924,163777.232574457,178457.572418249,170524.192535422,164165.871368409,186554.433242784,183814.473495531,173262.531768816,40828.862838747
PC (40:8),0.0025440988758571766,6.744962790796935,0.0012568710761011737,0.9717190196666258,0.9855349298988527,830.6 -> 184.1,PC,1098.8600769044,1086.0200729372,1093.6200752259,1085.8800811768,1184.2800865169,1130.4000816344,1103.4400825498,1033.3800773621,1198.4200973506,1085.7800750732,1211.6000976559,1151.9600906369,1114.1400756835,1143.3000717162,1024.3600692747,1091.740081787,1393.2800941462
C22:0,0.001845111472663602,13.603888365477461,7.262485041792388e-4,0.978500412776223,0.9877315487458102,339.3 -> 339.3,FFA,145573.429931634,126222.929458612,119068.028396598,118820.128311129,119821.689224253,156384.950958284,147451.170745852,144506.909927356,144824.810279841,139063.650268542,143651.150039697,138303.349838248,138198.870864861,143364.09005737,130906.309555048,124099.508254991,51079.543594373
Lyso_PC(3:0),-0.0012028317223773044,7.060511712955243,2.8641070529289436e-4,0.9864975072067387,0.991128950902545,314.129 -> 184.1,PC,1201.580085754,1403.9000968931,1323.4200973515,1300.0600929267,1261.0800895688,1615.8801116948,1557.5601120006,1490.6601066595,1427.5801086428,1504.8601112369,1415.8000984192,1361.1001014709,1259.6800880429,1559.400119781,1488.4001045235,1430.2800903323,1325.3201065063
Lyso_PC(18:2),5.983601490478392e-4,7.048167008251903,7.078435378105041e-5,0.9932872020763553,0.9932872020763553,520.3325 -> 184.1,PC,1360.5601043707,1138.4800720213,1355.8400917061,1249.6000938418,1096.4800872803,1624.2601165772,1700.1801261907,1440.4000816346,1458.8400993357,1588.2601127635,1509.1201057435,1227.1400947569,1313.3000984191,1311.3200950629,1435.4201011658,1383.220096589,1539.0000991827
