lipid,logFC,logCPM,LR,PValue,FDR,Transition,type,EKO-R1-Cells_r1,EKO-R1-Cells_r2,EKO-R1-Cells_r3,EKO-R2-Cells_r1,EKO-R2-Cells_r2,EKO-R2-Cells_r3,EKO-R3-Cells_r1,EKO-R3-Cells_r2,EKO-R3-Cells_r3,WT-R1-Cells_r1,WT-R1-Cells_r2,WT-R1-Cells_r3,WT-R2-Cells_r1,WT-R2-Cells_r2,WT-R2-Cells_r3,WT-R3-Cells_r1,WT-R3-Cells_r2,WT-R3-Cells_r3,blank
C20:0,-2.133722162656982,15.488950147593705,535.6450065562967,1.6705488887904437e-118,3.5749746220115496e-116,311.3 -> 311.3,FFA,159329.651275606,139158.529953005,131400.429168695,141457.089752218,129478.208831754,133151.689392068,194005.752563412,177612.952514665,185023.253478991,756895.595397985,760878.598449735,759871.714843742,859817.225250285,861429.05920424,824173.4599609,117718.188232408,116208.147949243,116641.088867184,62300.204498283
C22:0,-1.0614026268980998,14.133419528197951,140.85973185980106,1.7266894039762512e-32,1.8475576622545888e-30,339.3 -> 339.3,FFA,122915.28845215,104808.347717291,102537.887359624,94044.96643064,90360.546371474,85215.38568114,112468.748230015,107876.667419393,111831.868057242,240901.157928468,242651.057632435,236745.456954956,227100.43630981,222305.776290882,217180.775970455,92298.527038532,89342.046142581,90568.94618226,51079.543594373
C22:6,-0.9788237682008717,12.773545702239092,120.10153813172754,6.01041454424874e-28,4.287429041564101e-26,327.3 -> 327.3,FFA,43546.922904963,41428.022918698,39700.542861936,40347.68299866,37460.082695003,36607.1826477027,43260.643127442,44215.403114324,43699.263061523,80000.925735458,81047.246314993,84449.345489484,90225.386947639,85530.166107171,89177.726409894,39886.682907107,39362.162818912,37263.502532957,31051.162117009
C19:0,-0.9434301542106857,14.683850061543572,111.80828450063814,3.935877222162547e-26,2.1056943138569627e-24,297.3 -> 297.3,FFA,166876.59097291,158389.330612137,153961.330322277,134773.569152808,155436.331649763,179823.433502197,154209.911895764,159505.111328095,175539.592559812,306208.600402847,305565.280525208,304460.642997711,353329.144241382,357974.106048677,355717.16455089,126632.828796398,132376.429367068,140856.090454119,67751.444732647
Lyso_PC(20:3),-0.8604093696398688,9.412011639895525,92.30199256738615,7.440934196550197e-22,3.184719836123484e-20,546.3481 -> 184.1,PC,4919.2604026795,5165.1803779599,5301.4803199778,3823.7402305595,3355.4002532963,3600.9002456658,4484.0203781116,4278.6603088378,3581.3602981559,2802.4402160656,2903.3001823428,3233.1002235416,13569.5409851105,14029.181041721,13760.4810333196,4486.9803276057,3317.3402290335,3625.1402587903,2050.5401153562
PC (32:3),0.7095340041248281,11.05502614988066,63.51746191030699,1.5895154738149793e-15,5.6692718566067595e-14,728.5 -> 184.1,PC,28295.7619476468,23701.5616798399,22679.0616531214,23635.061553949,22835.6614837666,20938.6213760254,23801.0014915422,25089.9812850872,24432.6217041004,10234.6207199027,11803.8607330301,10548.4008445737,13809.5809593196,13293.3407592729,13972.6810150191,13881.3608894289,14135.9809913669,13437.4610328722,1750.7001152051
C15:1,0.6325761745473996,13.210283519716718,50.72175926040518,1.064330318684367e-12,3.2538098314064936e-11,239.3 -> 239.3,FFA,49063.9232101397,88472.126022325,92858.1467208892,51068.323463433,178693.933547988,244222.996353146,40241.122772221,53780.463684102,83714.3657302827,43247.563087462,55840.263931266,75384.6054077151,43639.323043821,50835.2434234813,79884.785583464,37210.1626205399,47112.643096925,74463.82528686,37924.2226715055
PCo(32:3),-0.6338683782226346,8.747277174501063,50.09416877065834,1.4654182439394306e-12,3.919993802537977e-11,714.5 -> 184.1,PC,2589.7201461793,3177.4602279656,2986.3601913455,2819.340175629,2466.4601707446,2773.0602111805,3005.1002426152,3189.98023224,2726.6601715087,2395.4601821889,2138.4401512148,2377.2401733412,5949.42046356,6772.0205154415,6638.920440673,3375.9402236924,2556.2201995852,2975.6202087412,2886.2202224731
C20:1,-0.6084668531627083,12.253101815076782,46.924867104905104,7.376084638942165e-12,1.7538690141484704e-10,309.3 -> 309.3,FFA,38875.3228607056,35436.882316595,32900.5023689256,30249.3820800804,29743.6420517,30679.0422897278,36542.9825439411,35621.8623504625,37562.5025978124,43073.4033279476,45241.1431312522,45713.8231696979,62091.0645217638,57531.6641083018,57086.6643829068,31779.5222091645,32612.5820312495,30497.4623413066,16399.5211181652
Lyso_PC(19:3),-0.5735009845337541,7.692859574530791,40.32810176502141,2.1469844844711322e-10,4.594546796768223e-9,532.3325 -> 184.1,PC,1666.2801246648,1568.3401222232,1633.5401306159,1183.1000938409,1365.7200927737,1285.6400947567,1259.160095215,1430.2800979616,1367.1201095584,1356.2800979618,1334.1601066593,1339.98010254,2936.5802535996,2804.4002151498,2422.7401962295,1533.4000892635,1632.4201164256,1294.8000793456,1310.0600967409
SM (d18:1/18:1)9Z)),0.5524984025384894,10.67469037212757,38.6249826500229,5.135732926058543e-10,9.991334965241163e-9,729.6 -> 184.1,PC,19987.9213752735,17443.9609489289,17252.4814605662,16387.6810874984,15224.1208801232,15425.0010223431,19257.7213020277,19569.9813423033,16768.9811744673,9499.6405220085,8528.6406631421,7636.1805610641,11163.6407356269,11046.0206871032,10249.7407607901,12051.0006637726,12039.4809379439,11623.9808464095,2693.7602157585
C24:5,-0.5039943989183093,12.70735197897826,32.28117405232092,1.3339956609473314e-8,2.3789589286894075e-7,353.3 -> 353.3,FFA,53278.423767073,49230.4434585537,46371.183288575,45999.983329773,42975.1430053723,42216.3030471848,53085.283592229,51243.503517146,52011.1636200006,61886.564270015,63310.10447692,64406.924453749,71318.324783327,69706.065032933,65616.7845153884,46157.063415524,47460.583312991,44554.243179324,27545.1619339023
C16:1,-0.48758282596525426,12.15333548927699,30.207759125490952,3.881534922441957e-8,6.389603641558298e-7,253.3 -> 253.3,FFA,42579.4030036842,33137.9622077941,33086.3622779835,31237.0821723943,27619.281986241702,26940.5219421361,35748.7427368249,33353.3223686149,36658.9426841634,29955.1621017467,32604.482185359,34302.9424285969,60012.884139995,62427.2440796013,61507.2843360834,29064.1621398897,27932.0618400577,28191.2619056664,17972.8213386525
PC (32:2),0.48148501204121735,13.819525015477488,29.49262104129112,5.6129996774467025e-8,8.007879539823963e-7,730.5 -> 184.1,PC,181678.134094199,152100.030456723,144377.250457575,149638.410522419,139283.348358225,134614.729095534,161308.732177732,162869.054504253,155166.909851214,79666.026290878,78409.78463746,77716.645233163,101275.866485574,100916.165939291,98694.268249468,112041.128204436,112373.14788818,104267.166534412,6489.4604911808
SM (d18:1/18:0),0.4816582579157831,13.258652505673632,29.506660251837726,5.572488042556266e-8,8.007879539823963e-7,731.6 -> 184.1,PC,116955.548736597,104153.589019741,99906.046020548,96049.167297442,93090.127136139,91977.547561661,110237.909423874,112404.627044567,103123.248046889,52433.443527223,52517.563583367,52030.084190372,70753.924774167,68529.324554443,67896.585281366,77937.565368646,71586.465164189,68073.464828478,12491.0408744635
C18:2,-0.47222710936495793,11.995388896268235,28.338192211888952,1.0186625354307729e-7,1.3624611411386587e-6,279.3 -> 279.3,FFA,33589.2423553443,31542.5424041692,28360.8420639023,27961.7220077524,24820.4016227732,25893.1619110064,33036.5025444067,32755.7624664352,34139.3823852557,34062.5625343232,37608.4826278611,37617.4226684503,46184.363456704,46793.3432807864,46768.6833648859,25125.021827696,26141.521797177,25618.2218551636,14117.1009483347
PCo(38:4),0.4541621218688329,9.924975147590422,26.073319745943984,3.2869475921874585e-7,4.137686968988918e-6,796.6 -> 184.1,PC,11340.3007125847,9553.9206237832,9407.4806480454,9479.7407379171,9458.3805923476,8790.3205757132,10850.4407997048,10899.8608283913,11138.8608779908,4974.1603584286,5467.9403762811,5267.1803627013,7099.6004600512,6626.9204902647,7423.2805023221,7726.2605476396,6788.880504608,6660.4204559311,1672.9201049786
C20:3,0.45023123132559734,13.429924097436155,25.79887956583252,3.789083649520662e-7,4.504799449985676e-6,305.3 -> 305.3,FFA,145884.15052796,116120.98788069,105720.327270493,100798.387523602,92005.8060989605,91267.5465698259,126656.628612531,127602.189556121,129245.588493345,59459.7241211144,59315.7642135594,60775.3242187334,79098.1255798467,83832.3659591788,81236.6254501326,77543.4650077878,78641.4455604532,79831.925975779,18531.941375734
C22:1,-0.43343410584331693,12.319835836370173,23.89874421430426,1.0153797542725162e-6,1.1436382495490446e-5,337.3 -> 337.3,FFA,41060.6629714935,39507.0427932757,36555.1224975607,36776.9825744683,36183.822456358,33983.302482599,40740.9030303908,40269.1430206241,40682.1629333453,43547.3630752553,44880.5433387768,43905.6628570563,55299.103805533,54095.7838973888,51259.3034973102,36267.7025260976,37635.4626159711,38109.6625442506,16971.0611953724
C17:1,-0.43045862815456043,11.403934700496363,23.542474832361677,1.2218636765264348e-6,1.3073941338832851e-5,267.3 -> 267.3,FFA,20136.2014350888,19828.3614616383,19075.7413902309,19011.2212829604,18432.121318816,19057.6813354481,21081.5014228796,21356.5815048214,22042.6015510549,20809.0415306088,21081.6615333544,20498.6213684089,32373.3821945182,32003.0423088042,30902.4420776411,18785.8613700852,16510.221195221,18136.4812927232,13673.1409568842
C24:0,-0.4278275720323303,13.269288831984426,23.30233495438256,1.384318480016404e-6,1.4106864510643353e-5,367.3 -> 367.3,FFA,80974.165771472,72624.204940805,74306.284957858,72968.8848647973,68172.024749754,69067.404754651,75334.4853820866,72918.38507078,75974.705299377,88101.30628969,91416.6066207638,92320.266571032,98999.546356195,94933.546516402,92949.966384918,70998.585144063,71184.5852279829,70858.384803778,41301.702835082
PC (30:2),0.41971006789767407,10.962812997509783,22.366093813502303,2.2531693467949394e-6,2.1917192737005318e-5,702.5 -> 184.1,PC,22918.802047726,19878.5414810296,19598.6611938551,19642.8614425555,19512.4811706329,18710.2413711676,21591.6417236277,21361.8617172196,22811.9813842934,11943.4608459438,10490.1206512471,10774.1807403568,13939.9409675734,14732.360935188,13921.4611434963,15612.9412117156,15374.0812187297,14916.2009735062,1994.9601326001
PCo(34:1),0.41514455339875667,12.474231051850197,21.934521468035257,2.8211310456876254e-6,2.624878451205008e-5,746.6 -> 184.1,PC,62396.924499513,53947.184295659,53882.7036247106,56213.904342649,53607.003936755,52466.104202256,67950.42463683,67272.7255477867,61715.804306016,33139.1223525936,32543.0819282472,31488.0623016291,41335.323188789,39039.843231209,39381.742599499,45010.102920538,44202.1628189213,40778.1626892085,6560.4005050659
C24:1,-0.4096295380296663,12.931174816526664,21.364736845304247,3.7969088625551392e-6,3.385577069111666e-5,365.3 -> 365.3,FFA,62388.1045074244,59883.9444046005,60678.8643417282,57195.3241195637,57553.5439796332,55666.94401548,61936.2641296452,57596.9642333932,63157.364547738,72682.304634114,78679.765609734,77489.10546109,72224.4849395928,69991.425369266,71190.845069888,55632.1038207827,59860.4640350081,58208.2040481526,20766.141502381
PCo(38:3),0.39924736849500153,9.698692954787532,20.142190821613944,7.189316901734463e-6,6.154055267884701e-5,798.6 -> 184.1,PC,8938.3806724537,8812.3005638102,8093.7605552662,7132.300521848,7784.4804573067,7257.3405838005,10262.5407714796,9159.7405891354,8566.6606674201,4442.3603134158,5323.2203254708,5100.6603546149,4905.3003425591,5544.6603431722,6460.1604576113,6371.4005393974,6357.8404579159,5760.1804351792,1904.8401412966
SM (d18:1/16:0),0.3945264657901114,13.660404768469835,19.83021692246757,8.463411588304692e-6,6.966038768835399e-5,703.6 -> 184.1,PC,144101.35025021,122526.806854314,120241.747909734,129046.908523441,119981.529937694,114170.847961578,143202.128204373,144000.970336879,138734.090026819,71832.3444671765,70329.745208697,65336.2054634105,94769.3068313351,98744.746711804,90267.606819103,99868.927093459,97692.846908639,93916.547042814,37158.8032455607
PCo(32:2),0.3930002366980831,9.757051687806184,19.525702664241727,9.925515615857594e-6,7.866890154790833e-5,716.6 -> 184.1,PC,8677.7406501765,9094.2206192028,8289.3606491092,8892.7606887809,8844.6406631428,7767.5405731221,9833.2407989451,9234.0605621349,8344.9805221566,5322.6603622443,4903.9604072561,5112.4603157031,5902.7804603574,5716.7603645329,6136.9204635632,6444.8405456546,6244.5805244453,6823.4205017094,1774.3001251216
SM (d16:1/22:1),0.39076748892326346,11.474481667449886,19.41763541351594,1.050326839909398e-5,8.027497990736114e-5,757.6 -> 184.1,PC,33321.3222656366,28530.6424636987,26114.7019882295,28461.9020233016,26685.6817360006,25421.4217910929,31424.5621490524,33050.082412716,30445.6422653054,16264.4610061672,17082.0211563011,14825.4012832546,21544.741573331,20656.1014099117,20744.3215255822,22345.6215515178,21306.6615295419,20814.4416236803,2675.6801986686
C14:1,0.38725678483037196,12.813240186516177,19.09884547618026,1.2411994836498154e-5,8.85388965003535e-5,225.2 -> 225.2,FFA,42452.323028564,62613.90439607,69203.884857178,40298.402961727,113083.528045635,150693.990493759,36045.062576295,43759.243209842,58759.0044403,38745.362648,45257.683319086,60216.104446383,39600.222740175,43573.483230609,61361.184356708,32720.622245793,41068.96295166,56231.7241897678,40406.66294861
SM (d16:1/18:1),0.38936552392315427,9.316237474952898,19.107244314891876,1.2357493786257567e-5,8.85388965003535e-5,701.6 -> 184.1,PC,7354.8205108661,5444.7403144825,5948.3204078665,5482.7404136651,6346.9804611208,5995.4004745519,6499.5604591372,7447.4604797345,6696.2405586238,3635.6202735888,3736.8002662663,3649.2002563475,4408.0802841175,4527.0203018191,4237.2203140273,5035.2403221137,4648.1403083792,4270.8803520191,2382.4401588444
PC (38:3),0.38414330509696554,11.995634295422429,18.78098249543433,1.4662189058742775e-5,1.0121640188938561e-4,812.6 -> 184.1,PC,44694.882781979,38447.882629416,38464.1222305403,40042.962997441,38446.2625427178,36414.2622985781,46582.663337705,47525.563644411,45734.32336424,22156.4014778193,21274.6616020181,21820.201622005,29548.8022003212,29360.3219833312,30658.0220718307,34279.8024215706,30868.66228867,32585.4423828,4873.6803550732
PC (40:4),0.3811700695486834,10.246541650240559,18.415979782749844,1.7756265921410567e-5,1.1874502834943317e-4,838.6 -> 184.1,PC,12367.9208183273,12207.0208206117,10767.7408790604,12169.8008651675,12508.0007400536,11155.840835579,13847.1009941117,13404.840831753,12803.7008857794,6750.5404548641,6799.3004455546,7080.5805587727,8181.7005195563,7820.0005874612,8601.2606620746,10769.2208175572,9848.7805252087,9001.4405822752,1865.8201408388
C24:6,-0.36970491239467457,12.324649236201315,17.404515763554002,3.021073759162861e-5,1.9591205589722794e-4,355.3 -> 355.3,FFA,42549.823043822,38713.542724608,37887.762451172,36388.122497556,35129.2024002027,35991.0625076235,38893.442802428,37574.002899169,40451.5628356938,47629.4031600976,44767.3229827904,45816.403213501,46443.563354487,44178.3630447388,43674.182952876,37757.1624298134,36425.7625656135,37621.12272644,33288.402328494
Lyso_PC(20:2),-0.37065634568778233,8.084428628099266,17.0620338342202,3.6178385005852853e-005,2.2771101150742678e-4,548.3638 -> 184.1,PC,2478.4201927186,2152.960166931,1768.0001220697,2318.52017212,1851.7201347353,1765.740135192,2016.4401435854,1993.060134887,2224.5401573191,2233.4601669299,1798.2201385498,2059.9801521305,2730.3402137756,2755.0201873786,3026.160213471,2081.6801567088,2190.1001777649,2031.1601257323,1244.6000823971
PCo(34:2),0.35989114834708597,11.108537186677111,16.465961162848032,4.953140526767762e-5,3.0284916363665745e-4,744.6 -> 184.1,PC,23832.9013900721,22193.381851189,20856.5613479592,22142.9614448654,20365.9214668259,19776.0013504142,24466.6618423487,23560.2219352871,24414.0815505907,13079.2010078292,11852.8009300114,12611.6808738667,16550.6210708599,14952.1010665753,17550.1413383403,18316.1412773002,15981.1011352575,16562.3609695271,2849.9401931778
PC (34:3),0.3515915442965891,12.366813710838908,15.746753617760533,7.241209699583576e-5,4.3044968769746816e-4,756.6 -> 184.1,PC,61266.404510502,54492.664260869,48566.603546146,51121.063713087,46656.403701772,48327.103645325,58407.064819338,57752.324340822,58388.3642654473,31093.5419197139,31388.2622261025,29689.481758129,40436.362350479,38539.122428875,36252.102714539,44435.623046885,38652.0026245135,41538.8431777951,3224.5402679439
PC (32:0),0.3480152842949437,14.589532664171132,15.445035277616626,8.493978148205707e-5,4.912733307340598e-4,734.6 -> 184.1,PC,271728.580139288,243569.216491484,227029.979248136,239880.035278362,234358.217773407,221830.915161152,280746.196411077,273602.37817382,262725.27746578,141976.649322504,135381.549499283,136361.849578937,183965.389892484,177898.113525461,182354.792449885,205443.79238896,196066.771698108,191857.413391117,19829.7414550925
PCo(34:3),0.33618410919999686,9.192968451694608,14.242680818463684,1.6068449687062849e-4,9.049074297451183e-4,742.6 -> 184.1,PC,6226.9004096988,5893.7804489114,6031.3003921499,5215.7003479002,4929.2203712451,5315.5803680418,6644.5004882822,6074.1404609683,5728.9403915426,3320.1602172854,3590.6602859489,3152.0602531425,4572.1803436269,4434.0802841188,4429.7803077702,4601.820343018,4093.6003150938,3863.6602668752,1751.7801246654
PC (38:4),0.3294804397667309,11.964179714599625,13.826492580287763,2.0048926696941292e-4,0.0011001205931142144,810.6 -> 184.1,PC,42835.582931528,37375.3625945921,37815.6231613276,39067.1225166422,38373.122673036,35929.8421935986,45245.903610234,44092.783157355,40643.002410899,22783.7621231099,23409.8618240466,23537.0619697709,28619.001853948,29282.202209463,30112.2423629808,31748.442314143,30601.7618560735,31430.5024642728,5126.9003601079
PCo(38:5),0.3293178035819118,9.195199634277476,13.669328341978616,2.1798589626545518e-4,0.0011662245450201852,794.6 -> 184.1,PC,6156.7803382846,6006.5204353322,5480.1404304509,5467.0602951064,4792.8803215031,5299.6403427116,6493.000415801,6809.8004455556,5866.6804351798,3409.640228271,3663.2402381884,3507.1602439871,4437.8003387445,3619.7402648923,4603.8803672787,4640.38028717,4490.680301666,4016.6803283678,1447.9601135259
PCo(40:4),0.3281367144120176,9.115728235687387,13.56179868305024,2.3083578330331228e-4,0.0012048501860221666,824.6 -> 184.1,PC,5658.9404296882,5083.3603286739,5078.9803085339,5138.3202972426,5169.1603775024,5160.7803306599,6098.8605041527,6333.4804763798,5719.0204048164,3107.5002288818,3678.0802803036,3502.5402564986,4308.4602966312,3558.0402221675,4056.1003189082,3613.0402908307,3799.5402717596,4698.120372772,1438.5000877385
PCo(36:3),0.3254213527270071,9.810824492401457,13.405915229497921,2.5083204087867917e-4,0.0012780489701913651,770.6 -> 184.1,PC,9947.0607070937,8771.6207351709,7906.9605407771,8366.8407402008,8204.1606330861,8359.4006462077,10468.5208015492,9089.5006217992,9669.7806510972,5503.2204246504,5252.1603240981,5083.1804046633,7692.8404579137,5467.7603874187,6774.7005004844,6871.5604553277,6270.7204971313,7382.9606552111,1579.2001075741
C18:1,-0.3203104750528104,13.597920353653434,13.084925798971653,2.9768162557021385e-4,0.0014814852993494363,281.3 -> 281.3,FFA,121865.229095445,100407.786849981,91462.346466084,82118.2856063586,77050.1451339752,75649.245079036,113554.487190223,110850.047698981,119119.428504976,105316.088233956,111126.228111304,105689.287734983,126560.32839965,131744.750190714,131620.869773839,80482.5854034169,86724.2863387845,79997.765678378,27126.7419319159
C18:0,-0.313057574613127,16.257393475535455,12.50620790650646,4.056020229694414e-4,0.0019727007480786467,283.3 -> 283.3,FFA,699354.948486402,577070.178894183,579482.581329152,558102.398651168,491308.036392072,495140.495452744,759609.354705825,707087.11059568,729759.592163072,757004.932220241,732678.375274697,725312.513915849,683855.769958662,679666.149414212,667530.985412478,593547.20053072,565034.242035034,574466.683502192,238026.458847061
PCo(34:0),0.3122490077616472,9.844204571072147,12.345236417654121,4.421131536942228e-4,0.0021024936642347484,748.6 -> 184.1,PC,9236.6205711384,8640.5406684895,8037.0006370523,8136.7205276477,7836.0006599368,8364.1405334477,10978.1806449872,10283.7406730663,9429.4406814443,5950.960430145,5541.1603660576,5159.5803947426,6409.9404563896,6862.1404151917,6581.3604469281,7602.6205825798,6563.4205322294,6171.9204902651,3159.2202148442
C17:0,-0.3018277474824793,12.691461355949802,11.614719434347904,6.543190777974643e-4,0.00304400614453603,269.3 -> 269.3,FFA,55258.22377014,52385.343582144,50064.623443595,49544.383392337,44836.063117988,47404.8432846087,50917.423263552,51553.063674914,54530.323806775,54731.263839724,55060.523925768,54436.863952638,56827.764221189,56250.604049672,58313.244514465,51972.803817751,50120.943283084,50929.123451233,40828.862838747
C26:1,-0.3005284567513667,16.40704405826091,11.527092779614577,6.858919284336287e-4,0.003122997291165884,393.3 -> 393.3,FFA,870211.923179796,757416.781662024,747899.535015408,708611.669501919,651892.346431357,625640.199478127,651859.378200148,671051.187087782,699824.249008174,856880.00123625,879067.497588919,889431.625747622,714897.149871844,697060.615417508,681556.066650375,681102.127814843,702760.649757082,691210.2857664,19580.181320189
SM (d18:2/24:1),0.2954462539305103,11.20613934113449,11.108440969340421,8.593569968233348e-4,0.003831299944170701,811.7 -> 184.1,PC,26289.222034461,22030.9613037177,22613.6813278196,21074.0814742959,21036.3613624483,19634.9815597532,26904.722015365,24655.4418068016,25702.4815521203,13889.1409149151,12710.9009933412,14122.301094045,17918.6811256463,16750.4811820901,16863.3210525499,19008.9011612003,19337.18151856,18867.7812461802,5050.7403602613
Lyso_Sphinganine-1-phosphocholine,-0.29937358526333135,7.4885707752543365,10.98443836316429,9.188012239257355e-4,0.003932469238402148,467.3536 -> 184.1,PC,1332.3001060493,1507.8801116942,1588.9801216132,1402.6601066578,1330.860088348,1340.7801055907,1274.5800933837,1309.4800834656,1191.8000907898,1171.5600891112001,1382.6200981136,1445.5800895684,1429.2401046752,1085.120075226,1585.4401168822,1742.5801315298,1665.9401168836,1765.3201446529,1178.6400909426
SM (d18:2/22:1),0.2944156954506646,10.525551514328983,11.011149186263179,9.056547927850377e-4,0.003932469238402148,783.6 -> 184.1,PC,16606.9410629241,13618.2208023005,14853.6810607822,12868.7008018505,12704.7010192847,12798.260898582,16527.9811096047,16197.3412551974,14612.0608787505,9358.5606041,8341.0005531377,7529.9404830929,10720.8807678238,10578.4407119752,11243.74067688,12116.2609214906,11723.5808677625,11682.9807929969,3191.4002113351
PCo(32:0),0.29331176619189964,10.733787393786287,10.935740142202434,9.432679538831203e-4,0.003958026316293877,720.6 -> 184.1,PC,16988.981327055,15466.6609497123,15431.8012275597,15849.6810722442,15529.6010627836,14875.4609909181,19005.1013069303,18259.7214126575,19193.8011817878,11127.2007675241,11613.3409118654,9377.0806960955,12644.6408119292,12043.5809020919,11719.3609657341,13703.3810310145,11703.0409393189,13177.3810844405,4154.520263672
C22:5,-0.28763807302129546,11.8114663697881,10.53991218888522,0.001168239701865215,0.004807755696137615,329.3 -> 329.3,FFA,28748.8221359232,28465.781944277,28265.8819503755,24650.2017135591,25242.361907958,25348.5018997186,28889.9819869955,27649.721908567,29368.062156673,29810.782051089,30379.022136689,30464.7421989479,29655.4023056039,29871.1620635913,30079.4422302262,27274.521949770002,26776.2419662499,26843.8419494636,25730.0218963637
SM (d18:0/18:0),0.2774224530264244,14.322335700484567,9.822751699648506,0.0017236627049082125,0.006959694695289764,733.6 -> 184.1,PC,231982.63629158,196066.1916504,185868.15209954,193988.889587399,190150.053710798,181637.853210432,221079.033996589,223943.69497675,213504.395874125,126977.208404527,117882.389831569,121627.888885477,157475.609893645,155184.850250043,155747.250060991,167639.83242796,168002.771484526,155038.371429436,11872.8607711758
C16:0,-0.2706803660458639,16.275641255056595,9.354179125232804,0.00222477589439064,0.008406279827709803,255.3 -> 255.3,FFA,775395.959381133,642347.898742714,611806.7816163,561519.040771527,491986.355773674,492927.232482842,769120.915649393,691358.155303966,747932.35220351,715443.326507616,713154.648773004,702060.009170432,699268.371001957,711846.733795191,702152.886779762,579061.339874405,597136.778320488,587997.999511636,212711.674194336
Lyso_PC(19:2),-0.27763362080464543,7.238981500448601,9.373699675967558,0.002201207967591569,0.008406279827709803,534.3481 -> 184.1,PC,1287.8000907894,1087.5400695802,1224.080089569,1112.5400810244,1156.980075836,1107.5400772094,1066.3600730896,1137.5600852969,1149.1200790402,1099.4800758365,1244.3600769044,1190.5400848388,1161.3600730897,1210.3600959777,1493.0801086418,1153.7000808718,1074.4200820922,1285.5400810242,1145.6800804138
PC (32:1),0.2705672380178086,15.771534566625823,9.34603840652494,0.0022346799834286426,0.008406279827709803,732.6 -> 184.1,PC,628806.14746114,539351.43408199,522283.83471665,532826.82250959,503424.33679205,499034.91467289,611292.87829587,595896.35791025,576783.70190419,335797.51879888,323163.165710425,307757.802307141,446383.13183589,425449.24792488,430448.59045414,472995.332092325,450870.83215317,442595.35107415,30069.9421653802
PC (34:0),0.2706593183969766,12.5416953683922,9.342453296665951,0.0022390558419600874,0.008406279827709803,762.6 -> 184.1,PC,61774.924636828,58888.103347786,53270.943206782,55380.023941029,53033.1846847657,53223.203308117,65830.243743896,66022.285018918,61918.8848876848,34994.8625335994,34891.202644343,33210.3025360091,45945.68371582,47418.643424987,44811.503616341,48673.463050841,47647.7431945845,46283.302932743,8230.9204902642
C32:0,-0.2689646786125873,11.738024224665287,9.21715318396491,0.0023975806653135723,0.008846245903053525,479.4 -> 479.4,FFA,27017.0819778475,30122.4421310396,29745.8423194905,24661.0017204273,25064.6818847643,25120.9618225116,25480.5417861983,25422.7617454482,27392.44199371,26149.1018257106,26609.001762389,27164.6219329791,24964.1417045553,26695.8818969699,28163.9221153276,29771.5020866347,28831.1421737695,34361.5422782876,18435.8812904344
C26:0,-0.26695525827076105,15.103527451490352,9.097853255889278,0.002559096794709002,0.00928214769606316,395.3 -> 395.3,FFA,340272.86437225,306697.780391726,303691.243156444,284144.041557313,269512.479530353,257189.178337096,272149.459945673,284669.999885557,285741.040168762,331634.103691064,344373.68478394,347197.083229064,289484.460006746,282509.121269237,280992.899742154,282132.660621677,274719.958808929,277662.600120566,28102.9420165958
C22:4,-0.2632632828055718,11.690796375480243,8.830214481741663,0.0029628356198900933,0.010567447044274666,331.3 -> 331.3,FFA,26999.7819747866,26645.3018760682,25113.9418487534,23487.1617050195,25258.581703184,24366.8217086815,25302.6218032822,26474.7818756107,27210.4218673708,28548.561981198,27911.7818298322,27464.7820129361,26682.8218460067,25578.0218200674,26648.8019828854,27003.702018734,25860.981765747,24969.4817428587,20940.6414222699
PC (44:10),-0.26381150760457067,7.372547330320499,8.503895658280104,0.0035438692918234355,0.012432590630331397,882.6 -> 184.1,PC,1196.8800735469,1106.3200759887,1298.2400970461,1186.060081482,1223.4400825499,1326.8601074223,1270.5000953674,1379.9201011654,1493.1001014712,1298.2000885006,1155.40007782,1192.0600852966,1439.6201095577,1441.2401161187,1557.8000984188,1342.9600906368,1398.4001007082,1214.680088043,1145.7400817868
Lyso_PC(20:5),-0.2608569312602182,8.057290654836976,8.456612523214915,0.003637186350278292,0.012554159338057331,542.3168 -> 184.1,PC,2322.7201690671,1489.3601112372,2179.4401435836,2079.3201408382,2153.8001327516,1910.800148011,2134.5601425164,2155.5001525898,2490.280158996,2948.5001907354,2280.3401641851,2291.6201438902,2072.7801589967,1579.6201133727,1870.7601470946,2287.8801650984,2071.2001686089,2201.7601776122,1313.3400955198
Lyso_Sphingosine-1-phosphocholine,-0.26059893133950085,7.20399876675529,8.2409041872426,0.0040956724392726546,0.013912284158799176,465.3379 -> 184.1,PC,1096.0200653075,1056.7600708008,1083.2600822449,1073.1400794983,1050.7600746156,1065.7000732421,1098.7200736998,1250.3600807189,1129.2600822447,1210.2000770573,1061.3400726317,1043.6200675963,1067.0600776671,1140.7400856019,1171.0400772093,1178.9400749201,1213.6000785821,1257.7400894161,1459.2001075741
Lyso_PC(13:0),-0.2567580423081854,7.353684335159498,8.046237956918398,0.0045598247557798064,0.015246914027138727,454.2855 -> 184.1,PC,1305.1800880432,1174.1800804138,1227.2600898735,1405.8601036072,1218.9800834656,1202.2400779732,1124.5800743104,1236.4400863646,1322.8600959779,1506.480098724,1321.9600753781,1158.3800849912,1325.1200866697,1173.1000900267,1111.3000831603,1250.6000976564,1488.0401115413,1338.4801025393,1315.5201034554
Lyso_PC(7:0),-0.252357839523839,7.3768299873315835,7.783821473466931,0.005271616819252636,0.01735578460492406,370.1916 -> 184.1,PC,1303.3200912477,1212.9600868224,1164.7400817868,1485.6400985719,1392.8001174924,1269.3200988768,1207.3600959782,1201.300086975,1339.02009201,1200.3000831604,1274.2600860597,1352.8000907897,1306.920101165,1288.4200859071,1156.6000633242,1431.9401130678,1411.8801078794,1625.360103607,1112.2000732422
Lyso_PC(11:0),-0.25064033082468123,7.325938986560198,7.659080897851625,0.005648727374435005,0.01808005419024182,426.2542 -> 184.1,PC,1161.4400825499,1136.3000793453,1201.9600868224,1099.4400787354,1390.8600959776,1162.680091858,1235.5000877382,1398.0200958252,1179.5000877382,1552.4401092535,1142.6600913999,1247.6400871281,1160.4800834656,1208.9600868224,1239.2600975033,1179.9200859068,1190.4200859069,1427.8600921635,1370.0200881962
PC (32:4),0.2478807488038211,8.191854811187723,7.655300015693067,0.0056605777137673,0.01808005419024182,726.5 -> 184.1,PC,2922.6402359,2708.720176697,2699.2002067564,2679.1802101121,2720.3201675411,3231.8802375783,2694.0802001947,2613.5601730351,2631.3201904293,1959.3801307672,1813.5601272587,1950.3601379386,2099.4201393142,2033.8201370238,2554.5801963786,2066.4001350412,1829.6601409904,2029.8801536559,1178.9600753785
PC (36:4),0.23928330549898816,11.533590480796466,7.295541061826441,0.006912594946678562,0.021754342920429593,782.6 -> 184.1,PC,32307.2423782567,27600.441619866,28281.501785283,28551.2218017509,25473.6616744909,25989.121795665,28740.721778864,30216.801727279,33009.24247742,17412.6010665988,17083.2611122113,18466.961380012,21581.3817443892,20491.9011344963,23177.561653126,27290.6016387878,25180.3418502725,22320.3615112321,4421.960300445
PC (52:4),-0.23847222772962814,7.162782532759153,6.901541033578367,0.008612148359264868,0.02671014128815481,1006.8 -> 184.1,PC,1091.3600769039,1129.8600845336,1124.7000732422,1093.3800811768,1085.9200706481,1099.5200729372,1103.4400749206,1139.1000823976,1090.340084076,1135.2400817869,1139.5600700378,1098.7000846862,1118.6400833133,1070.7600784302,1154.700099945,1189.0800895692,1164.9000778203,1176.2000846864,1061.3800621033
PCo(32:1),0.23062749604531482,11.57062876000766,6.778266535610366,0.009227446116911888,0.028209620985987772,718.6 -> 184.1,PC,31804.562149051,26538.8617095833,26300.6018524169,29080.781967152,26339.881797788,27425.6023864649,32460.8219985823,35371.2025146346,31771.3024444641,19678.7812118594,18643.4614028888,18146.7811813429,22768.921623228,22167.6614227239,22026.3016204745,26667.6615028332,23419.26187133,25260.841781621,3835.0202789303
PC (44:7),-0.2347021597321543,7.260369910919492,6.706716545183123,0.009605042271638251,0.028950409100430785,888.6 -> 184.1,PC,1280.5800895692,1078.5000762939,1273.5600967402,1199.820075989,1190.0200881956,1095.1200714112,1192.4000854491,1189.1600723273,1164.6600799558,1220.3000907897,1201.7000808714,1197.8000793457,1174.4000816344,1280.1800918577,1307.8000869757,1248.0400848388,1135.7200698851,1161.3000831601,1155.9400901793
C20:4,0.22112465124484063,11.690709776516643,6.2324554547087985,0.012542969153106208,0.037246322523202015,303.3 -> 303.3,FFA,36663.2025871341,30400.7021369906,32508.7023582444,28737.8420410157,28010.3618545531,26586.341865536,33174.8624114924,31702.4421958907,33167.1024970996,20622.1813964844,22823.6417236322,21626.7415084855,23619.501701353,23464.1614990233,23969.5817260725,23773.6417388922,24037.9216728198,25820.5817336982,13304.8209495521
Lyso_PC(24:0),0.22215613963925523,8.892724116487836,6.209657467928864,0.01270552123455022,0.037246322523202015,608.4577 -> 184.1,PC,5481.4003753665,4806.2403335562,4365.3603057862,4570.520301817,3632.380229949,3905.8202438374,4900.380352019,4652.2803077675,4365.6003265376,2719.1201858528,4036.7403144835,3584.3602523811,3399.0802650454,2947.7802200322,3526.620231629,3650.1802787782,3101.9002227776,3268.1602401724,1608.9201240539
PC (48:2),-0.22539683566610022,7.166147333040875,6.165716300621558,0.01302496219205694,0.03766678255540791,954.8 -> 184.1,PC,1096.1000709534,1092.8400726319,1094.4200820924,1122.5400848386,1106.6400794983,1080.8400878906,1195.5200920108,1123.4400787352,1088.0600738523,1168.9200820923,1198.5800857542,1087.0000762936,1196.7600860602,1107.5000724793,1086.360080719,1126.2000846861,1144.9000854489,1060.9200706483,1111.8800811767
C12:0,-0.21823823636190184,11.8950608157184,6.072541389170284,0.013729927210146478,0.03917605897295129,199.2 -> 199.2,FFA,31953.22229004,29802.782264712,31382.942176822,30192.5220222457,28213.8220443693,27651.1418685958,29127.9220657306,28903.38217162,33381.4423141506,28720.0420150755,30463.7822341884,29604.3220596286,32541.5023193353,31225.0421752886,32895.462356566,29894.4021301234,29352.0220947223,29402.022056572,23986.2818527216
Lyso_PC(19:1),-0.22144518769698623,7.312636827909177,5.978329135592491,0.014482716448875985,0.03976617806724027,536.3638 -> 184.1,PC,1225.8400840761,1361.1400947577,1049.5600700376,1179.6400794984,1157.8800735477,1193.9000854487,1297.8800926208,1237.4400978083,1313.8000984191,1337.6000976564,1373.1401023864,1197.4200935366,1395.4801063533,1183.5800819399,1108.8800773623,1206.6600761415,1090.5000724793,1251.8000869752,1345.6800880439
PC (34:5),-0.21925498432912974,8.094715113447895,5.9818620216301746,0.014453734708868382,0.03976617806724027,752.5 -> 184.1,PC,2092.5601539628,2024.4401626576,2036.9201393132,2429.3201484682,2247.2401504517,1772.3201255791,2571.5801544209,2240.1801528923,2327.1401824939,1820.7401351929,2145.8601455683,1813.8401336675,2727.2001800549,2347.5601806626,2337.1201820366,2623.1002006538,2086.7801361086,2176.420154571,1316.820083618
SM (d18:0/22:0),0.2166207798895532,11.240996692006227,5.976929542023214,0.014494214435723088,0.03976617806724027,789.7 -> 184.1,PC,24093.741882328,21827.5017623918,21452.2014312785,22077.0414962763,21447.0614242487,21701.1615066427,25101.7416458223,25068.3216476396,25994.5615997194,13764.500930792,14834.1610069161,13556.6610603345,18650.1812438886,18756.3012771685,19839.3817367673,20104.3613471925,18498.8813209489,19260.2814712641,5912.8204383852
Lyso_C17 sphingosine-1-phosphocholine,-0.22100567705819935,7.251045745219007,5.945285265363523,0.014756702869716552,0.03997385334328281,451.3223 -> 184.1,PC,1237.9000816348,1252.9000930788,1167.340084076,1083.0400886535,1161.9400749206,1166.1400909422,1199.7200813292,1081.6800727846,1295.8400878901,1185.9401016233,1334.3000907896,1257.4000968925,1163.8000831604,1154.7600860598,1108.6200752258,1087.320083618,1147.4600715637,1338.1800842288,1155.9200897217
Lyso_PC(14:0),-0.2170142522089366,8.691641716425078,5.911093086056987,0.015045833046972592,0.04024760340065168,468.3012 -> 184.1,PC,3897.9602508541,3463.0402564995,2799.1402091965,3619.9002952563,2991.0001792906,3074.8402557361,3371.9002571127,2911.7201805116,3385.4802093512,3148.5402336122,2679.2602195755,2760.820213318,2777.7801818842,2998.0201950064,3561.9402427674,4213.9603004454,3731.6203193652,4154.2002677898,2486.4401474011
PC (44:1),-0.21967512712464585,7.280169769059914,5.877164720399119,0.015338502089170205,0.040523943791141034,900.7 -> 184.1,PC,1256.7600860599,1271.9401016235,1165.6400794984,1190.6800880433,1197.8600769041,1133.5800857543,1110.2400817872,1240.1800842287,1213.9200782779,1366.760097504,1236.4000968937,1347.0801010128,1238.1200866702,1218.3000869752,1120.3000717163,1141.3600845335,1122.5800819394,1102.0200843813,1290.9400863647
Lyso_PC(18:4),-0.21815481509518111,7.226483874650505,5.787101363852418,0.016144187313164637,0.042132391280697956,516.3012 -> 184.1,PC,1081.3400840756,1166.8200759889,1207.0000877375,1103.7000770568,1277.080089569,1198.3600883485,1069.5400695801,1162.1600837703,1133.0000801084,1165.2800827025,1226.7201004026,1104.4200744628,1208.200096131,1180.4000740053,1168.3800888064,1117.4800872803,1323.3401069639,1075.9800796508,1195.5400886536
C14:0,-0.2122065292638133,13.181908818016751,5.748430554213088,0.01650339429763471,0.04255092023727504,227.3 -> 227.3,FFA,87576.6858520371,75012.665222171,74533.945129383,64528.564773553,67020.624496442,68720.244979858,81633.245590211,71542.445037834,75513.245391853,71365.584930433,67478.364685013,66271.344619744,84678.725357052,86301.6462249651,86225.686218247,69794.345138539,68858.104919417,70506.905319207,54649.503845207
PCo(36:2),0.20987223404427263,10.963504217148152,5.607258970623434,0.017886220412665885,0.04556727581322023,772.6 -> 184.1,PC,20756.7414474543,17751.04129028,17508.6210708596,19803.8814544405,16255.9612960818,17184.5210952821,21426.2015609787,22385.2017593346,20077.0213165159,11918.1607055728,12892.2409324603,12457.9209098757,15290.0609626792,14989.9409904435,15546.0609321519,16339.2611084126,15448.0410347068,15739.8010177567,3678.7202796963
PC (40:3),0.20852711837661284,9.229788543206482,5.489845314035861,0.019127235256709705,0.048155627587480904,840.6 -> 184.1,PC,5686.0804252624,6081.3603706367,5586.6203880303,5318.1603775018,5867.9604225151,5274.9603157044,5874.320323944,6453.7004241936,5291.2603492762,3761.6002311712,3353.5402297974,3549.3602447501,4697.5203781117,4603.1403121941,4257.3603363048,4976.4003601078,5804.6604270944,4077.8202972398,1521.8601112359
PC (44:0),-0.21191604418730883,7.18469715281047,5.454287241015021,0.01952036590080049,0.04857393375315471,902.8 -> 184.1,PC,1128.6000785828,1059.9400749207,1063.4800720215,1092.6800689697,1184.1600875853,1147.8400878905,1228.2200927733,1101.740081787,1166.8600769037,1078.6600837703,1186.5600776672,1161.7200889586,1075.3400688172,1100.9800796508,1136.5400848388,1252.100086212,1137.0600852965,1137.6800804138,1137.26007843
PC (36:3),0.20378134025010716,12.811294753008054,5.300429064695437,0.021320171939440167,0.05244272178207121,784.6 -> 184.1,PC,75718.905807508,63793.324813847,62480.443984977,70494.845184309,61737.1042556714,63494.445083627,77959.065200757,80076.264373774,73090.866256715,44225.9028930699,44079.9230194072,42933.80285643,57088.623641977,52078.703704838,55013.1237258834,60589.363937373,60987.864089969,60324.444641108,5613.9203796379
SM (d18:0/20:0),0.20303776730642134,14.652684413384685,5.265558080227436,0.021751447580787887,0.05289556570782508,761.6 -> 184.1,PC,271759.080810568,236527.953430125,219236.432830836,234959.777099358,235759.194152608,225860.6762697,279570.002136371,279423.558471659,271015.198425394,156552.971466079,149337.030761775,147977.591369602,210374.934326239,211078.675720249,203652.114318894,217839.736511181,209126.839843559,206959.396057135,19020.1812019292
PC (40:7),-0.20254259472362962,8.70045991266293,5.152608619866577,0.023211477473832547,0.05581186718427152,832.6 -> 184.1,PC,4036.5003318781,2682.3202247625,3230.3802299488,3490.3202285779,3485.6602554304,3059.9802093503,3305.3802375812,4086.9802856444,3311.1802520745,2917.1802291873,2982.2001876818,2602.3201980601,3604.4802589418,3711.3202285774,3664.6002311701,3682.5002212534,3928.5402679444,3802.2002754224,1431.160095215
PC (50:0),-0.2037601177479306,7.129486585356749,5.033748943933558,0.02485803468533177,0.0591068824740111,986.9 -> 184.1,PC,1069.020072937,1146.3000946045,1061.1800689698,1121.6800842284,1061.880077362,1076.8600692749,1115.3800697328,1078.9600791932,1112.4200782776,1070.8600769044,1145.7400817868,1086.800075531,1111.540073395,1132.8800773618,1061.6800804137,1091.9800720215,1086.4800834656,1086.0000801084,1059.4600715638
Lyso_PC(22:6),-0.20120669699000512,7.564411160847728,4.974630254086875,0.025721701133664645,0.060488396072574,568.3325 -> 184.1,PC,1623.9801139831,1585.4601211553,1423.0401077267,1896.3201217652,1352.3800849914,1379.9400978087,1174.3200798033,1490.8801002501,1380.860103607,1351.0000724788,1398.0200843813,1474.0200958242,1397.9600944513,1496.2201118463,1551.7201156611,1455.0401039125,1414.6400985713,1819.4201354992,1440.7400932321
SM (d18:0/12:0),-0.19758943510799948,8.434222085266944,4.886659685924954,0.027065001630220874,0.06295554727029638,649.5 -> 184.1,PC,2469.9401626585,2997.880207063,2944.3202171345,2547.4201698321,2250.8601875314,2657.7402153013,3148.1402053839,3465.6002159129,3025.0802497864,2460.0601997366,2433.9001808168,3000.9002113338,2931.1601982128,2919.0002021775,3288.5402259837,3187.44021988,2263.5001602192,2995.3802108772,1243.2200736995
PC (38:5),0.19555474415851257,10.73988621919444,4.866025305987108,0.027390518146018297,0.06302764390589156,808.6 -> 184.1,PC,16746.2613067499,14856.8809890749,15653.8611335776,15642.7011108395,16056.981227864,16006.0410118011,17352.3412590171,18599.6214790375,16773.5212364279,11123.540809633,10393.6007309036,10653.8007507309,12527.4609260559,13415.3408279341,14241.4210548402,13625.6810340839,13842.3208923296,13003.6010017207,2593.5601882937
SM (d18:0/16:0),0.19367524880704046,12.876693316652158,4.788303084748009,0.02865364222891201,0.06480072093163344,705.6 -> 184.1,PC,78029.54414368,71775.065803545,65900.864105237,70442.785659804,67761.865386966,63511.20382692,80776.726348876007,77402.085693354,75623.305732719,48255.382980344,44802.8033752511,42974.06223679,60035.264328001,57186.303939829,56159.223709112,65235.864669796,64512.364563003,59109.364898682,10604.1006813067
SM (d18:1/24:0),-0.19382185940093255,10.869472016028602,4.781522575501072,0.028766675179930735,0.06480072093163344,815.7 -> 184.1,PC,15909.520870198,14043.6809043741,13420.9211311361,15218.4810791002,14476.1609878461,13388.1008834719,17508.9411926153,15867.6211051821,16996.9010848986,11878.560787188,12615.9409675557,11838.8207397516,16278.1211814809,17199.6611175575,16818.4010925457,17230.5212402369,15765.1611022825,17254.0212631321,8831.2206382744
C12:1,-0.19284758104817676,11.072680109768507,4.7355802210058195,0.029544880959456735,0.06518148995179116,197.2 -> 197.2,FFA,17382.4612197907,17554.9012641903,17190.1811599754,17221.4612579372,15629.4410667415,17172.5812454247,17625.4612655638,15932.3211326615,18149.2812652569,18377.4213409429,17572.2813110371,16101.3811950663,17311.6812591555,16862.001190188,17574.2812728883,16854.7012100212,16028.3211822511,16314.541160584,14202.7810058631
PC (46:0),-0.19793307579285685,7.155109452960718,4.752988186401909,0.029247463377580683,0.06518148995179116,930.8 -> 184.1,PC,1061.4400749206,1120.040073395,1133.6400794979,1148.1200790404,1160.4200897217,1076.4600639343,1115.2600784303,1077.5000801084,1077.4600715638,1076.900074005,1072.540081024,1118.3600807189,1199.2400779725,1070.0600814817,1115.44008255,1075.7000694273,1105.9800796509,1146.2200775144,1156.5200881956
PC (52:0),-0.19515462989648089,7.077166367278873,4.607794600817224,0.031826939494494694,0.06949964338593739,1014.9 -> 184.1,PC,1080.000076294,1163.2200851429,1012.4800758363,1056.800075531,1056.9000701904,1016.4200668335,1011.18006897,1047.6800765992,1025.0400772093,1030.8400764467,1031.8400726318,1108.1800880434,1038.5800704953,1058.8000717162,1088.7400779723,1028.5200767515,1022.1400718689,1034.7600708009,1088.6200675965
PCo(42:6),-0.19239620337577854,7.535878597341549,4.546402919866459,0.03298797907059079,0.07130734869804474,848.6 -> 184.1,PC,1375.220100403,1246.0600891113,1356.5000953677,1484.6201248175,1575.0401077269,1472.2601127621,1558.0801124574,1351.7400970461,1766.3801269527,1377.3001022339,1583.2001190184,1347.8000793459,1294.8601036079,1611.0201263419,1467.3201026922,1331.560092926,1629.8201065065,1478.6601028451,1308.8400802607
C34:0,-0.18483458152511267,11.289158208285981,4.352649198558751,0.036951423951959377,0.07752553652665987,507.5 -> 507.5,FFA,21683.8415374779,20531.4414215069,20873.6815834035,20311.7613983156,18505.2012786904,18435.7612953183,20191.8214187628,18789.2813491847,20983.6215934715,18686.5412597684,20183.8214111316,19751.6012954688,19204.0413208003,21260.1015548693,19536.2013359096,20062.5013351449,19661.121421815,20047.1614837642,15378.2811698904
PC (42:9),-0.18895992563604183,7.355619287923554,4.363118000002728,0.036725028542055,0.07752553652665987,856.6 -> 184.1,PC,1200.1800842283,1230.1400947568,1153.6200714114,1340.0400924691,1254.9200820922,1258.2400741578,1428.2400970463,1520.0200805662,1258.6600914001,1131.8000907898,1248.7000846864,1228.2800941458,1325.7001037602,1322.2800827026,1373.0400962823,1512.6600952153,1213.9200973505,1224.8200759887,1175.1800880432
PC (46:1),-0.19006390368622636,7.146441028102802,4.381236084874181,0.03633663705571567,0.07752553652665987,928.8 -> 184.1,PC,1127.4600753783,1124.0800819394,1064.8600769044,1069.4200706482,1148.0200805663,1124.000076294,1115.3600883482,1075.0200729369,1087.620071411,1071.2400703432,1167.860099793,1081.8800811767,1068.94008255,1082.1000900268,1097.1600875854,1062.8000793455,1105.1200828552,1138.6400756839,1164.1600761415
Lyso_PC(2:0),-0.18718050401524655,7.403773251607252,4.284913306164295,0.038452043475748876,0.07989065343505106,300.1134 -> 184.1,PC,1212.1400794982,1226.3400993344,1348.4800949094,1419.140110016,1353.060115814,1372.6200904844,1214.040081024,1495.0200843807,1236.6400909419,1477.7000999451,1257.6200828552,1315.5200843811,1217.7600860594,1246.9400749207,1222.8600883484,1340.3400993344,1327.7801055907,1389.500091554,1384.0801010132
Lyso_PC(15:1),-0.1858678887466892,7.227561381309758,4.202835405053655,0.04035644866947004,0.08304115399294795,480.3012 -> 184.1,PC,1297.6200981143,1096.3400878911,1273.9600830082,1140.000087738,1080.1000747681,1189.1800918581,1092.9200820924,1245.2000923153,1184.4800987243,1241.9600868224,1224.4200859068,1244.9400863647,1108.1800842285,1138.8000831603,1180.1400871278,1134.2800712587,1168.6800956727,1035.200065613,1147.4200782776
PC (30:1),0.1796815556064829,13.932845243306753,4.12380431754201,0.042283891181237855,0.0861785972646181,704.5 -> 184.1,PC,167583.930877815,143219.729858262,133586.68939211,144789.690094036,137571.290130681,138140.08898932,163288.052337742,164187.551361058,159412.029632489,97585.646713277,94353.206619207,91111.206680265,125410.968261785,124445.088561829,119071.927429255,132873.549621512,130914.22930902,128058.61093132,18346.8410759066
PC (44:2),-0.1831700047195133,7.251689863127632,4.085520106528663,0.04325213787594381,0.08732035382501864,898.7 -> 184.1,PC,1284.3400802611,1201.3400917052,1138.9600791931,1180.3200759888,1235.1000900269,1159.2000770567,1201.4400825501,1163.9800949095,1235.6000862121,1191.1000900269,1126.2000770569,1191.3400802612,1119.9400825499,1084.3000793456,1149.6200790404,1204.4600906371,1200.5400886536,1417.3400878909,1157.5800895688
C30:0,-0.1770162267749395,12.049847856982822,3.9974111509775985,0.045570207699586446,0.09114041539917289,451.4 -> 451.4,FFA,38300.442756652,35279.7825279307,35178.6025352493,32946.5423126218,31744.3421096733,30679.4022903428,34561.6424674987,35742.6825141897,38653.8426132181,35267.022430421,32405.4822273265,34615.7825126622,33877.442333219,33682.8024291963,33060.7822608904,34371.5425148002,34781.1823158269,35478.2624435447,18169.7811965941
PC (48:0),-0.1809905737518016,7.141911304410437,3.9736632185997585,0.04621712437618394,0.09157837607873484,958.8 -> 184.1,PC,1118.0400772093,1088.2800865172,1089.9400711059,1131.4200859072,1107.3800811769,1091.1400718688,1099.0000839233,1089.5400695801,1178.1400794982,1076.3600692748,1109.9000854491,1063.3600845337,1124.7800750732,1103.7800827026,1159.2800750735,1076.1000785825,1060.400085449,1096.0000686645,1096.7200813294
Lyso_PC(12:0),-0.17730402190232564,7.710154962700655,3.8786874571562002,0.04890277428308028,0.09529424525875335,440.2699 -> 184.1,PC,1905.72013092,1841.9001541131,1589.9400939937,1675.9001083385,1576.0200996395,1660.5401000991,1597.6201057435,1294.6600952147,1840.160152435,1738.600120544,1692.3201141347,1762.740135192,1676.4601135255,1414.8201026916,1472.9401054382,1609.1201057426,1824.3601188675,1535.3601074216,1451.9201011664
PC (42:2),-0.177999700493149,7.3899725792323485,3.8759348632194115,0.048983023263845175,0.09529424525875335,870.7 -> 184.1,PC,1282.8600997928,1438.4601058955,1336.9201011653,1272.1600990295,1458.440109253,1223.9000930785,1334.4000968932,1303.5600929261,1317.5801010127,1204.9000778193,1287.3000793462,1347.1600875866,1237.9600906373,1296.5200805668,1353.6800956733,1473.3201103214,1313.0800971988,1308.6800994868,1175.6600875854
Lyso_PC(17:2),-0.17491637308696856,7.218412494195682,3.7206182529736553,0.053744467362618065,0.1036154596000024,506.3168 -> 184.1,PC,1169.2600784303,1076.9200706483,1247.8000831602,1132.5600814821,1168.6400871279,1171.160087586,1145.2800827026,1174.4800796509,1242.2600898741,1172.2200889585,1247.6000823971,1197.0000877384,1080.1200828553,1099.6600837701,1154.3400878905,1111.1200714111,1137.8800697326,1139.2400817871,1191.9600868227
Lyso_PC(5:0),-0.1737083512719377,7.443509862917983,3.6960744141773896,0.054540645094229664,0.1042115897336174,342.1603 -> 184.1,PC,1494.5201072697,1454.4601058961,1260.6400909423,1206.5000915529,1311.8800888053,1269.5600967403,1536.7401008603,1470.960113526,1362.6000976563,1325.200088501,1275.8200912474,1207.6800880432,1317.1800994873,1334.2800941459,1364.1800880431001,1394.4401092531,1436.3600959782,1494.6801109309,1374.2000923164
PC (34:1),0.1697158989493608,16.075580442960838,3.680593938830043,0.05504923712103399,0.10425253755664844,760.6 -> 184.1,PC,718439.53735358,625946.4675293,615681.92504881,640023.64477531,618382.27978512,592354.24707039,735265.83569345,717270.35009764,716286.33178706,416540.10217282,418892.18878172,396344.26892094,567741.03820796,554693.09460455,566153.21997077,599172.04687475,577937.09692386,556355.75952141,46707.243446354
PC (36:8),0.16900916085906575,9.751910032781396,3.620246209741552,0.05708042520209709,0.10715097362498928,774.5 -> 184.1,PC,9153.0606002747,6758.7404212961,7359.4604835511,7861.600681304,6820.4004745484,7479.1404571615,10003.9807014396,9251.0607185363,8237.6405639635,5330.3403396615,5348.3204154975,5023.7203292841,5906.900428771,6191.1804008489,7838.1405982962,7254.2204780589,6810.800479889,6911.6805229189,2613.340179443
PC (40:0),-0.16701063683803669,8.413024982491036,3.4901976775406567,0.06173321292251295,0.11383988932735144,846.7 -> 184.1,PC,3019.6602058422,2469.1601715093,2554.340198517,2711.580207825,3160.1802215569,3103.100215912,2297.500144959,2616.2001876843,3226.0202255248,2990.5402183531,2695.9201965326,2770.8002128596,2135.5801582338,2555.4201736453,2530.800170899,3320.5002250675,2768.020195009,2875.680206299,1443.9400939939
PC (44:8),-0.16958085369275974,7.262243176091354,3.503435289779171,0.061241670857135146,0.11383988932735144,886.6 -> 184.1,PC,1236.8200798031,1114.7800712585,1246.4400787356,1165.3200836181,1247.4200859068,1208.8000793458,1173.6600723265,1288.7200851435,1256.5800933834,1128.3200874329,1184.5200843815,1195.0200958254,1147.4600753784,1286.8000907903,1173.2400779727,1229.2600822447,1146.9400825499,1232.30008316,1149.6200828552
SM (d18:0/26:0),-0.16853641698639452,7.403174387987165,3.4766780556205727,0.06223956566028093,0.11383988932735144,845.7 -> 184.1,PC,1242.9600868221,1176.1200828551,1223.2400894169,1383.260105133,1326.8401069643,1334.3800964348,1583.3601226806,1389.7800941469,1500.6800842291,1237.840080261,1316.4600906377,1243.4400863645,1514.7201080332,1329.6400833134,1148.1200866694,1468.520126342,1362.6600914004,1288.4801101687,1175.8600730891
Lyso_PC(18:3),-0.16516756910539163,7.310697798680383,3.327901714804991,0.06811372023403643,0.12352827228884573,518.3168 -> 184.1,PC,1289.1000976564,1359.0000877381,1249.0600929264,1249.3200874331,1346.1200904846,1068.2400817869,1272.9800872803,1354.3600959773,1084.2800712584,1175.80009079,1145.7800827026,1288.0801010135,1265.4800910952,1274.7000846864,1139.6200790404,1337.6200866703,1064.2400817868,1323.8200912469,1267.1400909421
C15:0,-0.15957597098171056,12.49841404668234,3.250272166038144,0.07141159908283493,0.12594247924831925,241.3 -> 241.3,FFA,41926.9431457495,45398.563186641,46867.383331295,40980.923057552,53367.943695067,61356.024658197,40706.742965695,39043.9026794436,45249.562881463,43083.623016365,41470.362960814,43728.723175046,50298.863906857,51393.6838149958,52795.943542486,38253.902694707,40874.502883918,44562.083084102,39058.582794191
C20:5,-0.1595634277666454,11.636150548362792,3.2463655680355714,0.0715820173376905,0.12594247924831925,301.3 -> 301.3,FFA,27394.2819938655,27651.8020858746,28782.9021148672,22342.8016738925,22696.2015228297,26153.7618789659,24476.7417907739,25198.281768802,25676.1017379749,27118.8617782526,25369.6018905596,27623.4018630982,23700.5416488667,23489.4616775546,24583.4217033394,23223.2415656978,23503.0015640283,24887.3816909772,20526.2014312782
Lyso_PC(17:1),-0.16283445643367023,7.370970235141986,3.241406324971173,0.07179898349670537,0.12594247924831925,508.3325 -> 184.1,PC,1204.0200805668,1731.2601242057,1051.4400711061,1260.6000900271,1330.9801025382,1274.6001091005,1402.4601097112,1231.0000991816,1344.7600975033,1312.7000999456,1325.4600753787,1189.8200836181,1296.5000991816,1252.0200920102,1241.4400863646,1204.3800926207,1360.1801071165,1354.7400894158,1236.9400978088
PC (40:8),-0.1629227161287709,7.659914098186032,3.271546922847831,0.07049112478823533,0.12594247924831925,830.6 -> 184.1,PC,1388.1600914005,1979.200138091,1509.3201141348,1293.7201080323,1800.0201301577,1605.6801300042,1625.2801094053,1499.3801078797,1826.2801284782,1421.2400970458,1399.5400848381,1604.0401153566,1348.8801040651,1551.4801063532,1851.0001297002,1818.0201148983,1499.5801048284,1733.6201210025,1393.2800941462
PC (42:0),-0.16243174950067685,7.251891914842671,3.2122230135269256,0.0730901167689463,0.12716491860613421,874.7 -> 184.1,PC,1177.3800888061,1125.0200843809,1151.2600746155,1187.1200866704,1127.2200775147,1302.9401016229,1212.1800880433,1251.1400909424,1266.6200828553,1151.2000961305,1083.6000747679,1087.8000793456,1197.8400840759,1165.0200805666,1204.9800872802,1171.4600830075,1193.8000869753,1295.8600730899,1257.8400917051
SM (d18:2/18:1),0.1601685899741691,8.141119218904992,3.1958858869943896,0.07382376271959597,0.12740552598381885,727.6 -> 184.1,PC,2722.6201934816,2547.340175629,2364.3801689151,2743.7602081314,2716.140159608,2147.6601600657,2733.060211181,2567.9001770027,2799.1601867664,1672.8401184084,1744.2601127634,1814.040130616,2194.8601341245,2130.9001579287,2073.2001609807,2086.7001266488,2404.7601585375,2134.7201499918,1281.7000923161
Lyso_PC(21:0),-0.15990235992018378,7.883048271585646,3.169085918857398,0.07504443566650132,0.12745642248120065,566.4107 -> 184.1,PC,1871.2001495352,1670.2001075744,1878.0201148993,1992.2601432793,1815.9201278689,1835.8601150527,2069.5601501464,2165.7601432799,1947.4601249694,1368.0801010135,1927.860153198,1765.1201210019,2150.120159149,1816.6801414493,1602.840122223,2404.8801841726,1985.1801490777,1824.680130005,1338.8600997924
PC (36:1),0.157664825660992,12.746885113140536,3.173746190323585,0.07483062438596101,0.12745642248120065,788.6 -> 184.1,PC,67266.204910281,62795.464538573,62444.823913593,61594.50471496,59486.184112548,58246.584548929,71607.785705569,70581.043945306,69861.764709474,41514.163040179,39217.3822555587,39668.6427993793,54475.3244056678,55249.6041946366,58509.7040176473,58312.244682293,59311.324386596,52360.203201297,14336.3008880579
Lyso_PC(19:0),-0.16005403148359565,7.529607407582728,3.1469012433326427,0.07607129803528506,0.12818313212244883,538.3794 -> 184.1,PC,1321.560100555,1538.1201210024,1456.8601036073,1472.340110778,1722.6801185617,1444.1201019276,1289.4400901797,1484.2001113894,1559.7401123042,1187.6000747677,1576.9000968925,1350.7600975037,1451.8200950615,1561.4401206973,1343.6200942993,1749.2201461787,1434.3201065071,1345.5000953675,1244.8400917054
Lyso_PC(18:2),-0.1573529298986971,8.03979680249384,3.078099125875905,0.07935321929411135,0.1326686635073424,520.3325 -> 184.1,PC,2326.6401672363,2309.6801681509,1808.2601127627,2222.2201461788,2151.1001510626,2088.3201408391,2196.3801460254,2176.0601501457,1917.6001319883,2286.0802001955,2127.2801704399,1819.8801231396,1961.1401367188,1796.5401382433,2205.4601364139,2240.56016922,2041.8801269527,2171.0801506041,1539.0000991827
PC (36:0); PCp(38:6),0.15387995604573154,9.489997033888491,2.996073738498893,0.08346656510641778,0.13846391420754578,790.6 -> 184.1,PC,6008.5204124461,6704.2403869625,6111.7404251107,6451.1805076593,6569.9004898073,6672.2604713422,7292.7605247477,6604.8005218518,7158.6605224609,4547.180320741,4293.6802787782,4611.6402969379,5078.6803398123,5887.0004310586,5450.4803428649,5443.7604103085,5610.1204147337,5945.4603996291,2908.0001907348
SM (d16:1/24:1),0.15084533314074297,11.959693315376528,2.90312676836038,0.08840791066503748,0.14553302217167707,785.6 -> 184.1,PC,43579.702957175,36861.042617791,32452.5822258032,34860.182678223,36396.8427353033,32466.0223693893,40964.583282458,41051.342536911,42133.463165264,24552.5818672244,23279.7620849696,23205.4615096897,31894.802284237,30644.4624710061,30698.981933602,35292.6625594952,33902.3018646309,34982.1420135508,5384.400352477
PC (44:4),-0.15248864349430613,7.235537418932028,2.8312001948612013,0.0924492455615934,0.15102395839832816,894.7 -> 184.1,PC,1197.3800773619,1184.8400764465,1186.6200866703,1154.960094452,1239.6400871277,1155.8200912475,1163.4600753785,1319.6400909422,1249.0600929259,1092.6200714113,1201.580089569,1119.0400886533,1207.0200958251,1176.880088806,1260.3401031493,1127.4200744629,1191.6800842283,1135.5800857544,1074.0600814818
PC (44:6),-0.15120083483034627,7.286672945356665,2.788489967457071,0.09494365600819282,0.15392380595267624,890.7 -> 184.1,PC,1220.0600891113,1163.2200775143,1342.6201095573,1306.6400947574,1229.5600776675,1193.1400947571,1129.7800750732,1421.0801048277,1258.080085755,1227.26007843,1150.5600738524,1135.7600822447,1245.9800910949,1217.8800849915,1167.2800750732,1237.540081024,1306.5400886543,1231.9200859065,1079.8000717161
Lyso_PC(9:0),-0.14791676141404578,7.3882460421060685,2.675414661823601,0.10190877939327725,0.16397352473805513,398.2229 -> 184.1,PC,1327.1400947569,1386.1800956726,1321.9600944521,1458.3801040645,1255.4000854493,1194.2000846863,1241.200088501,1399.3601036076,1367.7000999451,1300.5000991823,1282.1200942994,1416.2000923159,1224.1800880425,1126.8800773621,1178.5800857548,1418.8200950618,1354.5600929266,1221.8400840759,1367.9001121521
PC (42:8),-0.1469227397055296,7.513954741808228,2.6515105322413826,0.10345155144933604,0.16521367171759635,858.6 -> 184.1,PC,1522.6801185611,1604.0001258847,1459.920120239,1413.5601043707,1492.3400993348,1400.6800918576,1670.2401428219,1402.4200935366,1355.0800857539,1241.1000938416,1473.6601104741,1416.1800956725,1352.8200874329,1317.2000999449,1660.9201240539,1544.700107574,1580.3601112363,1285.9600868224,1135.1600799561
PC (42:3),-0.146229565218958,7.6373188616905665,2.6353561769122056,0.10450862166312488,0.16566551878450908,868.7 -> 184.1,PC,1982.2801322932,1524.5001144402,1395.6400794981,1719.7201080322,1620.0201263432,1262.2400741577,1789.5201339713,1651.1201171872,1685.220134736,1616.4401130674,1378.8200836179,1673.340106964,1491.3001060483,1645.3801116946,1686.9601211553,1337.4600830076,1514.7201156616,1676.4001083367,1175.7200889584
PC (46:2),-0.14699280146093788,7.1589405063107945,2.6229447021739807,0.10532881172068484,0.16573798314872468,926.8 -> 184.1,PC,1078.0800743102,1173.6000862121,1128.000087738,1115.9800796507,1176.9400901797,1133.4800872804,1120.6000862122,1123.7600860597,1165.7800865172,1068.7000732422,1062.3800735473,1125.5400772096,1121.480079651,1093.4800720213,1067.9000740052,1092.600074768,1105.2400779722,1129.3600845337,1123.5400848387
Lyso_PC(6:0),-0.14367660844418437,7.5421679183957675,2.5354361888149928,0.11131612122173326,0.173880656506941,356.176 -> 184.1,PC,1518.5401039121,1580.2200965881,1253.0000801087,1718.2401237491,1509.2401046752,1274.8800888062,1420.5201072689,1745.060127258,1316.9000778197,1602.0401000983,1555.6001129143,1394.5001068118,1295.6000862124,1331.6400947567,1349.960090637,1477.7201118478,1432.780101776,1355.9000854495,1510.2200965888
C18:4,-0.1398163496102877,11.089926177947582,2.4902929786246095,0.11455039878631135,0.17763612565413497,275.3 -> 275.3,FFA,19757.3214302017,17958.9613647478,18468.6613426184,17155.4011955307,16548.9812393207,15974.4011878945,18733.9214286841,16718.6611900304,19548.0613861112,17274.4012374904,17238.7012290948,16245.2811470019,16560.5211334202,17456.9812507613,15980.58107758,17411.0012054385,17964.7011871334,18013.0212173455,12110.1808624252
Lyso_PC(4:0),-0.1412319852560562,7.42559483326776,2.441190047960152,0.11818653275990917,0.18195624468072347,328.1447 -> 184.1,PC,1601.4201126092,1547.1601028441,1412.7601013189,1328.7000846866,1362.3200950629,1404.1401062011,1106.9000816347,1202.3600807191,1246.1400947572,1559.0801048272,1401.6401100147,1234.4400863652,1323.0200881962,1112.080078125,1330.0200843809,1290.920093537,1259.6001014712,1218.3200759885,1472.6401100161
SM (d18:0/14:0),-0.13847644384923405,9.586752338334751,2.428675381665726,0.11913352972041205,0.182104109715487,677.6 -> 184.1,PC,8021.4804725657,6112.3404006967,6024.1604461681,6580.9604415912,6002.2804985044,6435.3804512037,6913.060485839,6493.9804992675,6225.0203704816,5467.2003707886,5708.4604339582,5467.8804054249,6632.7004966736,6315.3003883378,6480.7803955071,7192.6005744934,6578.3204612715,6689.3205299367,1732.1401100164
PC (44:3),-0.13912393667903475,7.2145784801954465,2.354988997408854,0.12488276634762278,0.189538382967314,896.7 -> 184.1,PC,1326.320095063,1250.4800910949,1255.6800918582,1098.6400833129,1071.860080719,1194.4400787354,1139.7400741581,1194.6400794984,1198.080078125,1063.4800758362,1179.8400955199,1139.1000823975,1235.3000869748,1130.2800788879,1158.5800857542,1140.8200836182,1104.7400856017,1139.0800781248,1084.0200767516
SM (d18:1/20:0),0.13543493060272763,13.827608037462424,2.343473438477986,0.1258087526569634,0.18959910611683217,759.6 -> 184.1,PC,155783.470703065,131692.707977342,125635.928131229,132844.509063686,125066.429077051,125167.729614206,148652.308380301,152194.690216123,146818.810058523,87589.887069684,91067.425155627,86445.445495557,122288.269165048,119939.227478106,114405.589187609,128955.00823976,123921.447997979,116105.487548872,11250.0007553173
PCo(34:4),-0.13710309360451722,7.702147605080704,2.320069066816508,0.1277143553450317,0.19112497932752995,740.6 -> 184.1,PC,1984.7401466372,1500.7801132211,1739.5601158137,1458.1600837709,1555.3601112361,1777.8801345834,1866.4601325983,1536.6401023868,1836.0801353448,1857.8601341246,1503.5001144402,1568.3201026927,1328.6200904845,1720.6001205455,1465.9200897221,1756.680130005,1773.3801116949,1612.2601203918,1298.9200935361
PCo(40:6),0.13524560063092497,8.459780157827133,2.2905813797379047,0.1301611596115342,0.1934339455338078,820.6 -> 184.1,PC,3452.3002433771,2951.6201934819,3006.3201980599,3326.0202026348,2621.4601669307,3030.0002174405,3728.4802970875,3262.1402130125,3650.9002494813,2461.2801551845,2401.5201759344,2690.4801979062,2497.0601654055,2397.4401702884,3080.2602424604,2757.3801994311,2127.3001670839,2524.8801727299,1488.8201065067
Lyso_PC(15:0),-0.13499202855368797,7.442213044291449,2.232668009535713,0.13512034751785507,0.19704335264423184,482.3168 -> 184.1,PC,1315.2400932306,1483.2401123042,1404.0200881957,1367.6401062021,1416.6601142875,1391.7601051333,1388.3800964357,1379.860084534,1386.2000923157,1399.6600913994,1280.1800956726,1239.6800727848,1296.6800918575,1315.7000923157,1281.8400917052,1397.8200988762,1386.520111084,1419.7600898737,1307.4200859066
Lyso_PC(16:0),0.13295978678367057,10.486640209136828,2.2481084592433245,0.13377783936576676,0.19704335264423184,496.3325 -> 184.1,PC,16322.9810752893,11529.1408424349,12816.3409995916,12137.1208991848,11621.9208564687,11953.6810035709,13164.5611762843,13198.5608406025,13144.1010131729,8735.9606704701,8382.8006591781,7935.5805549608,10185.1008682257,11081.3207359201,11741.8807678115,11763.1008148129,11377.1808204621,11258.5008087006,8730.3005790731
PC (38:6),-0.13268961727088027,9.58344103864284,2.230018699991784,0.13535220952664523,0.19704335264423184,806.6 -> 184.1,PC,6333.3804550155,6761.7604408258,6118.5004959118,7152.9205703742,6569.1604232786,5580.8003959653,7075.2204170223,6933.2004928583,6374.6804122951,4966.9603996271,5483.7804946884,5176.4004173279,7861.4605255128,6935.4004707337,6438.5404777531,6528.9804191569,6624.2604904168,6517.200496677,1498.7001228325
Lyso_PC(3:1),-0.13443092157487743,7.321637826057163,2.2064738790728606,0.1374324848240242,0.19871994427257555,312.1134 -> 184.1,PC,1286.620094299,1413.5801048278,1261.8400955204,1273.9600830081,1197.9600906368,1316.2400970459,1275.9600944516,1268.1600875854,1286.260093689,1355.8600845334,1178.1600875852,1181.8000869749,1182.7400817876,1316.3200874324,1130.5400772095,1243.1600990295,1138.4200668335,1344.3800926205,1149.7800750733
SM (d18:1/26:1)17Z)),0.1323122630468791,8.569588298927695,2.195632541306807,0.13840238353593134,0.19877926225965978,841.7 -> 184.1,PC,3845.3002357481,3330.8602600085,3015.7002334605,3746.5802497846,3233.5202445987,3252.4602317828,3244.7802009569,3241.8202438343,4323.8802986148,2272.8201446533,2635.1601600646,2670.6602172843,2304.4601478567,2831.8401985158,3323.8801841734,3022.0002136223,2958.7402114883,2825.1401863101,1631.9601097123
PC (34:2),0.12772099552221972,15.038159010351608,2.0847783273707137,0.1487738174555842,0.21225064623663348,758.6 -> 184.1,PC,353315.18688965,309335.260986454,285708.183593587,305072.761108482,285598.820983874,291810.94201652,354753.144226079,347872.283874666,345295.48333737,206906.074920695,200757.513763444,198916.332275348,284609.718932986,270719.496337889,274608.019470178,291158.280517694,288266.041748001,289759.742614728,18247.5612678524
Lyso_PC(24:1),0.12571986942733934,8.375518250594567,1.9770349211385092,0.15970312044915796,0.22521405343768555,606.442 -> 184.1,PC,3421.0402183523,3276.5401916487,2665.9201850888,3100.1202278131,2797.4801940916,3179.8202056876,2544.3201866143,3053.4802360522,3193.3402061451,2351.0601539608,2547.4801826503,2141.3201370244,2557.2401733408,1699.680141449,2430.9401664741,3019.1201934809,2515.1201744072,2541.9401588441,1362.3801078793
PC (40:2),-0.12558309230843792,8.453562415483798,1.9745557682060078,0.1599651220678888,0.22521405343768555,842.7 -> 184.1,PC,2604.3401718135,2687.4201889046,2484.8001899713,2912.9402160649,2944.2801971447,2812.9401969909,2853.8401794429,3603.3802528401,3047.9002304083,2560.3801994317,2598.2001800531,2482.8801498412,3176.8402366639,2843.9002075201,2730.380199433,2233.220161438,3075.9801902775,2977.9402046189,1965.1601486205
PCo(44:4),-0.12697443339976416,7.259912586983085,1.9642803178844108,0.16105628501816407,0.22526826793390267,880.7 -> 184.1,PC,1193.6800727845,1150.0400886536,1145.2600822446,1347.460098267,1225.8400917049,1150.4600830077,1148.100078583,1260.6400756842,1456.1401023867,1088.4000816346,1070.2600746154,1307.5400924687,1213.9800796514,1193.2800865174,1173.1800804138,1166.2000846862,1142.5400810243,1172.6400794983,1181.3400993342
Lyso_PC(16:1),0.12321622028106738,9.695074388606765,1.924068421654125,0.16540885295534813,0.22985386060028895,494.3168 -> 184.1,PC,9871.9808158808,7588.340583799,7301.7005081224,7762.1805076568,6888.8604240416,7446.9204978985,8098.7205314604,7298.420589444,6573.9404792794,5150.5803985594,6028.0204505907,5223.9403915434,6360.9604072538,6505.1405410732,6311.4803924555,6726.2005195618,6548.1804580681,6321.5403556846,2524.0202026366
PCp(36:5),0.12336977348942015,8.506837710932459,1.9072588772815724,0.16726806515436823,0.2309378447937729,764.6 -> 184.1,PC,3485.2602729817,3047.8801956187,3554.1002578742,3055.8602485662,3467.0402297977,2972.2602043139,3548.6002655023,3553.3202590938,2972.1202201829,2413.8201980569,1934.180156708,2607.760196685,2690.4802017195,2722.8401794444,2637.9602012631,2981.4602088946,2959.4602470401,2884.1602210994,1663.080127716
PC (42:1),-0.12194170931488423,7.371058555326326,1.8187903176756492,0.17745733603972497,0.243435063541674,872.7 -> 184.1,PC,1548.8000946044,1362.5401000974,1255.1000938417,1341.740093231,1231.7800865174,1442.0000991826,1260.1600799559,1365.800094604,1311.4600906368,1402.960098266,1247.460083008,1402.4001007088,1163.0400733945,1244.4000778201,1309.280094147,1259.9000816347,1150.1800804137,1273.6200752258,1100.8600807189
Lyso_PC(8:0),-0.12012204981052098,7.486251025586826,1.7700635874511335,0.18337420978645927,0.24994955983632025,384.2073 -> 184.1,PC,1812.2601203932,1438.4000968934,1430.2600860594,1358.1800956723,1232.0800857545,1411.5800895696,1337.1401062012999,1422.0801086429,1565.8001289374,1417.1001091005,1198.1200866697,1619.3001060494,1246.8000793455,1210.5600891111,1302.5800971983,1125.9800720212,1758.7401351923,1387.1601028436,1392.8801002503
Lyso_PC(22:4),-0.11165748728069647,7.631979861644929,1.5364324348453877,0.21514961220269668,0.2914051709580828,572.3638 -> 184.1,PC,1786.7401275636,1795.3001327511,1642.5601081849,1779.3601036071,1714.6601409911,1346.6801071161,1479.8601112365,1500.5601158145,1613.2001075734,1401.9400749208,1391.6201019276,1570.1801109311,1482.360107422,1669.0201148992,1433.7001037597,1531.7201042185,1552.7400970458,1785.7201461786,1206.4200859068
SM (d18:2/20:1),0.10949758625490795,8.906988373038162,1.5102522230423503,0.21910060340984805,0.2948901203126257,755.6 -> 184.1,PC,5103.3403434767,4474.1002693157,3897.6802825943,4635.6403083801,3912.5802764889,4127.5802917471,4664.9603118897,4672.0402755734,4416.8003158559,3290.4202461231,3068.5002021794,3639.8002243048,3293.8202095035,3414.0602378844,3448.4402427669,4605.5003395075,3403.4802894596,4075.6602745054,1233.0800857543
Lyso_PC(10:0),-0.10967133276684936,7.547464078698327,1.4781259075980202,0.22406797179001597,0.2978294780314498,412.2386 -> 184.1,PC,1802.5001335144,1743.7001228334,1462.4400939948,1432.1400909421,1451.3800888068,1313.24010086,1355.9800987233,1387.4800872804,1676.8201179493,1572.8801002503,1453.560108184,1248.160083771,1328.6600952145,1336.2601051331,1322.5600967403,1730.8201217645,1506.6001052858,1300.5600967409,1438.1001014708
SM (d18:1/26:0),-0.10947048253334042,7.846855167768508,1.4843650237528347,0.2230928207045351,0.2978294780314498,843.7 -> 184.1,PC,1772.0001297003,1921.1601181021,1643.1801147468,1598.4201126102,2191.9801635729,1850.0401382455,2059.3801231385,2224.2201652516,1784.5401153564,1538.3601112373,1567.5801086422,1626.5601043696,2053.2001190185,1737.0401306146,1903.7001228331,2027.3601493841,1923.2601356509,1718.300106049,1387.6000938415
PC (36:7),-0.10842308974678806,8.16698238609483,1.465473242963709,0.22606127433178225,0.29862415251235436,776.5 -> 184.1,PC,2383.9601783754,2721.4601898191,2060.9601249688,2424.8601646409,2192.9001655572,2162.600154878,2398.7601509102,2615.7002029418,2522.3801574714,2044.2201347346,2044.1001510622,1677.4601173393,2162.360164643,2313.1601829526,2966.380191802,2129.6201629642,2301.0201721197,2597.7201843256,1541.4600982657
PCp(42:4),-0.10885312977798593,7.425453456244738,1.4517877326407342,0.22824131219624222,0.29965423809813396,850.7 -> 184.1,PC,1328.2400856025,1318.3000984197,1253.3400917053,1401.8200950617,1384.1000862122,1525.1601028441,1349.6200942997,1490.5601043696,1565.3401069638,1244.2800941466,1196.9000930783,1179.3200798034,1496.8001022344,1221.4000816342,1417.2601051331,1398.3201103207,1383.7800903318,1357.9200973515,1170.1000900268
Lyso_PC(3:0),-0.10673356467741539,7.42359077557671,1.3950119183004261,0.23756052672641853,0.30998751658203394,314.129 -> 184.1,PC,1514.8801116947,1392.7801094063,1419.2200965885,1380.6201095579,1487.6400985716,1276.9600868228,1407.0601043699,1209.8200950622,1396.0200958254,1401.9000968939,1185.340084076,1421.7401084897,1171.7800750734,1250.4400787351,1365.8800849912,1192.5200843803,1477.7401046748,1233.7000770568,1325.3201065063
PC (40:9),-0.10369343016119628,7.7835897859109116,1.3293542214681686,0.24892013493875262,0.32284187198117004,828.6 -> 184.1,PC,1625.2601242072,1765.0201377867,1352.380096436,1978.7201271062,1812.9201240542,1945.6001319869,2152.8801612853,1666.3801307677,1838.880138398,1822.1601486207,1537.7000923159,1521.6401062022,1654.2601165774,1593.42011261,1691.6801071166,1507.7001113886,1869.5201339731,1917.4001350391,1595.4801292429
PC (38:8),-0.10263027476959863,8.128544221880178,1.3116574802602763,0.25209477870180674,0.3230436086358482,802.5 -> 184.1,PC,2377.4401741017,2330.0001716615,1912.3601531991,2465.5601997381,2049.4001312266,2347.7401618959,2110.4201583866,2809.7602157592,2251.0601158141,1904.8801345843,2340.2001724239,1937.7601203924,2101.0601501463,2331.3401985158,2257.7001686097,2253.1401519784,2309.1801643371,1887.4201354985,1868.3601455672
PC (44:12),-0.10390786183751963,7.264225455330181,1.3160367962651192,0.2513045623377166,0.3230436086358482,878.6 -> 184.1,PC,1177.1800842286,1263.8400955201,1191.4400863649,1427.0600891113,1148.8400878906,1270.3800811767,1327.9000778202,1218.0200958247,1222.1000823974,1222.1400833129,1168.6000747686,1099.3000831605,1137.1800765993,1169.7200851439,1230.5600852965,1179.4000854494,1246.6000976559,1085.5400695803,1109.660079956
PC (32:5),-0.10226227038282847,7.970039155249706,1.2988294028440919,0.25442715737762217,0.32409173618339965,724.5 -> 184.1,PC,2138.7201652538,1966.3601341247,1792.4201164247,2019.040161133,2099.9601860054,2381.3801574715,1978.0801315312,2064.88012314,2313.3601837172,2075.2601203912,2013.0601577756,1930.7801322946,1903.240123748,1894.3801231364,2257.9201507572,1986.7801170343,1859.7001190185,1599.9801025378,1323.16009903
Lyso_PC(18:1),-0.09862717002175952,10.66597305576199,1.2381875458951157,0.26582064404040867,0.33660128890323937,522.3481 -> 184.1,PC,15902.2611885246,14306.700885765,14259.4809493892,13898.7809257463,13883.2211265492,11229.3608894285,15539.0610313412,13802.0009422286,13190.0810241603,12912.8607444658,10421.8807601928,10127.720664978,13436.3609046826,13818.9010238615,13836.4212303084,14969.6811218199,14407.1208000133,14086.9007492023,3729.0402374264
PC (36:5),0.09842270759975831,9.738221273624802,1.2282287338802567,0.26775178388848375,0.33705224560079716,780.6 -> 184.1,PC,8485.2606925991,7590.720554353,6928.5404663094,7568.1605377252,8596.7606353766,7598.9004707325,8380.7606124841,8358.9205741887,7630.1805648819,6539.2204170234,4514.8403358441,5989.7004966749,6663.9605674791,6940.1804466258,7169.8405456514,6639.340499877,6806.3004379257,6805.480510712,1590.3801193226
Lyso_PC(22:5),-0.09877528094297033,7.53704531134121,1.1977114227321657,0.2737795713826213,0.3426247267595378,570.3481 -> 184.1,PC,1657.660106659,1398.860092163,1544.3601112367,1331.8800849915,1374.3800964355,1442.260116577,1563.6401176448,1333.9600791928,1658.4001197815,1469.3001098625,1250.400093079,1475.9001274106,1420.2600822444,1335.3600845338,1192.220096588,1454.4201011657,1348.5000915533,1437.9001083369,1769.9401206975
PC (38:7),-0.09517950180414501,8.607137382989482,1.1370961396160748,0.28626676504606885,0.35616911465034146,804.6 -> 184.1,PC,3522.1802711495,3124.7602310188,2914.8201904288,3269.5802268994,3069.6401824954,3167.3002319339,3154.9202308647,3857.4802665704,3681.1602401737,3103.960182188,3335.3002281196,2854.040245057,2944.5401802059,2954.1401939415,2429.2201461794,3593.3402557373,3550.9402427667,2882.180198669,1529.9600982671
PC (38:1),-0.09384462960564573,9.670102394474428,1.115937697564263,0.2907948572426252,0.3597115575139988,816.6 -> 184.1,PC,6995.220489503,6758.8604888911,5639.2604598995,6530.9605064389,6780.4004554743,6721.2803916926,7317.4405517572,7424.2405776978,7352.1605453526,5394.0203933706,5418.7003707891,5791.9804153458,7224.040554048,6003.400455475,7169.6605186434,7474.6004676841,6406.300487519,6500.3005104064,4048.800292968
PC (42:7),-0.09106411239604216,7.656917452935741,1.0228208823870197,0.3118508211819551,0.38354066513182983,860.6 -> 184.1,PC,1567.5201187134,1651.8801078799,1793.6401290903,1525.5601158147,1441.120098114,1627.9601135258,1676.5001258852,1989.6801338202,1809.7201385489,1521.4201278672,1313.1600952148,1372.8400878906,1827.6001091008,1712.0001144408,1667.2601203918,1554.8001022345,1722.3801307671,1338.0400924679,1176.7801017763
PC (36:6),-0.08462323896269437,8.242502742666044,0.8940713044492448,0.34437640254851293,0.42112314368789583,778.5 -> 184.1,PC,2368.7601394649,2922.4802093517,2287.5801544191,3276.0002212523,2456.2401504512,2356.6001625055,2335.1801795951,2133.8401641824,2825.900196075,2032.8401603677,2334.9401550296,1887.6801338199,3153.160190582,2438.4601516735,2549.1001701363,2412.20016861,2456.2801589953,2060.9801330572,1371.6601104736
PC (40:1),-0.08396381682759389,7.66106486596551,0.8690024204808466,0.35123162890602805,0.4270657306016477,844.7 -> 184.1,PC,1413.3801040654,1631.6401252757,1484.7401046758,1854.4201316835,1610.3200950619,1794.1001243594,1464.5800933838,1865.9401550288,1718.5201377859,1498.8401184084,1427.9401016232,1441.9001235962,1439.5201072695,1413.7201156613,1516.9600982666,1752.9001235962,1575.7001075748,1693.3601188655,1537.4201049805
Lyso_PC(22:0),0.08024667952644778,8.60302624055641,0.8081090304462606,0.3686799076208694,0.4457485888749494,580.4264 -> 184.1,PC,4051.1203079209,3024.5202217115,3122.4002265932,3553.2402801509,3555.0402755742,3005.7802314762,3674.740253447,3695.340236664,3599.6602706903,2883.4001731885,2352.6401405339,2730.4002227774,3502.4202499385,2681.6602172844,3251.5002250668,2893.0601959224,2629.8001861569,2823.4802207949,1851.7201271059
PCo(36:4),0.07945780648581467,8.853653173740524,0.7948480980410615,0.3726381812106528,0.44800320662404325,768.6 -> 184.1,PC,3932.9802398692,4922.4403915412,3930.5402488708,3944.1202888498,3869.6002922053,3882.2602615375,4034.540252686,4897.3604240419,4342.9603271492,3732.1002807622,2868.1402206421,2968.3202247625,3820.600284577,3274.9802513116,3222.7802047745,3844.2402381892002,3871.3002815253,3617.5202255252,1459.1601066597
SM (d18:1/14:0),0.07803011137836267,9.336635326449494,0.7698548245735366,0.3802619672490762,0.4546148658731972,675.5 -> 184.1,PC,5548.0604248033,6499.2005043023,5120.8404083258,6045.0204429628,5232.6603546138,5557.9803504938,6024.0404548645,6155.260478972,6268.800453186,4100.6202850343,4309.0003242495,4281.9803199764,5333.3403320314,4831.3803138737,4877.3603935243,5282.0603256215,5412.9603958132,5016.3603935231,2427.7601699828
Lyso_PC(14:1),-0.07784214236922679,7.434265086814607,0.7423072723499367,0.38892277751360893,0.4598313502094603,466.2855 -> 184.1,PC,1385.5400886538,1381.4201087958,1422.8001060487,1218.1000862125,1237.9200935359,1533.6000976561,1606.3801231387,1389.060108185,1552.8201179499,1494.3000984193,1337.9401092527,1308.8600845331,1305.1800956724,1232.9400863648,1153.2600784307,1323.8000869748,1265.5600891113,1241.9600982673,1330.6001091004
PC (40:5),0.07689192822481591,9.338627282789206,0.7476934355111311,0.38720748673409783,0.4598313502094603,836.6 -> 184.1,PC,6457.9004020706,5465.1004066483,5798.7803649919,6373.0404472356,5387.2003326422,5806.200374604,6275.5604591364,5626.1803169243,6025.780426025,4466.440319063,3733.0602493283,4240.92028427,5546.3004074095,4315.7402610782,5035.9403915408,5366.6804504395,5888.6404495255,5610.3203544601,1580.840114593
C18:3,-0.0709597629603445,11.163666164802034,0.6417520463797359,0.4230770670438111,0.4974642436668988,277.3 -> 277.3,FFA,22575.6617698675,19812.3613243129,18396.6213378894,17571.3212623543,17476.261268617,16783.0411453247,21608.5614624021,20783.60146713,20113.8813705427,17476.9411506591,18137.501296997,17386.6012306199,17551.4212341317,17254.2412796039,18558.6612358049,18099.5213050865,17501.7212333689,17601.5212593072,11279.7807998686
PC (34:6),-0.07070709017846077,7.901411561645414,0.6201044036172956,0.4310084915765848,0.5040208590021265,750.5 -> 184.1,PC,1901.2001228324,1789.1801223751,1875.380130768,1714.6001358032,2087.8401489268,2216.5801544185,1956.5401344299,2170.640171051,2310.1601943973,1761.6601181032,1799.6001205436,1696.3401222226,1742.1001014697,1808.7201347345,1611.0201148986,2027.7801361089,2013.4401550272,2069.0601463338,1342.5800895687
PC (34:4),0.06941076323308441,9.42449743376893,0.6097181835941043,0.43489393872667725,0.5058005591712442,754.5 -> 184.1,PC,8035.9404449451,5838.5604286203,5675.7204628003,5400.260406493,5367.4003982552,5344.880340576,7974.0006065363,6509.4604034422,6735.1605110167,4340.8203086845,4450.0802803049,4372.0203247066,4943.6003265387,5592.8804016105,5197.2203636158,6712.9205093388,5892.960449217,5738.2204589838,1440.2400932316
SM (d18:0/24:0),-0.06840592433844375,8.472516194979551,0.5860706841288241,0.4439425959039104,0.5135335974239829,817.7 -> 184.1,PC,2899.3001708991,2591.740180969,2301.9601402273,3065.5002021789,3055.4402389531,2819.4002037058,3321.2002220132,3124.0802574165,3458.3002548238,2655.0801963805,2522.5601768477,1693.0401229858,2682.200160981,2988.2601966848,2576.5601615901,2728.7001838671,3952.3803062432,2630.0401802056,2306.9801673888
PC (40:6),-0.06753275937137386,9.01557383305843,0.5751673104623105,0.448212840033477,0.5156857406836779,834.6 -> 184.1,PC,4396.1202354413,4484.2203369149,3879.1402969363,4873.8003044122,3942.2202415457,4339.4603233343,5064.7403144838,4479.0403480547,4764.5603523253,3770.4402694691,3414.9802589411,3277.6802406299,4441.0202560448,4951.5603103611,4441.8803405737,4261.0603332522,4229.2603073102,4036.6403121958,1606.3401222238
C28:0,-0.06089233300301909,12.42591633918244,0.47346425760542843,0.4913977502675847,0.5593570136024635,423.4 -> 423.4,FFA,57751.0038032344,51315.3835220452,50564.9235000475,45384.1632308899,42950.7230987542,38604.4228744472,44647.7632179266,45542.1032028218,46490.6433257994,42950.9830932603,41986.8429031419,41610.0430412275,40385.9828567547,40076.042583466,41935.462936397,46608.1031875657,43431.1231537007,45141.1433639507,23953.0817413311
Lyso_PC(17:0),-0.06241898623034514,7.56915506405544,0.4786961688279021,0.4890134928393586,0.5593570136024635,510.3481 -> 184.1,PC,1239.8400764462,1465.4001007091,1505.4601097103,1519.9001045234,1665.7001152033,1583.8801078799,1663.5601310719,1731.1201477042,1342.0000877377,1525.0201072696,1329.460083007,1424.6401062015,1414.1801071166,1385.6800880433,1460.9400901793,1391.460094452,1213.860088349,1342.7200965883,1821.1601409909
PCo(40:5),0.060161363443341255,8.387603960118666,0.4529236108497372,0.5009498381327474,0.5672130442349627,822.6 -> 184.1,PC,3086.7802581805,3205.4002189643,2364.4201507576,3103.620220185,2687.9201812745,2433.52017212,3187.3402671817,3519.720233917,3259.0202445971,2152.120155335,2407.6601486204,2184.9801177966,2897.3202209476,2415.2201309219,2339.0201530458,2816.8801803588,2538.5801658627,2666.0802040094,1533.1401023864
Lyso_PC(20:0),-0.05845199795068837,7.815896452704413,0.4228466950658447,0.5155200058266012,0.5806383223520666,552.3951 -> 184.1,PC,2180.4001388546,1536.8001060488,1990.6001358027,2025.9801521293,1913.3601493825,1868.7001266488,1597.4801177973,1767.8401298522,1990.3201446536,1673.4601058961,1784.4801216136,1735.7401084898,1819.2401199344,1589.9401054387,1530.2801055904,1608.780101777,1781.7601242062,1776.2801322943,1487.4201164254
Lyso_PC(20:1),-0.050293600056154575,8.487271858498785,0.3170619014165421,0.5733787076369607,0.6424243111743958,550.3794 -> 184.1,PC,3119.5802383427,2910.0002174391,2759.9401626603,3151.9802207937,3307.040245057,2795.160224913,3497.6002120969,3036.5402107253,3347.4802513122,2635.8601722716,3101.9602203387,2113.4401588438,3046.940231323,3053.0602149956,2727.14019394,2883.1801872236,3049.6801872235,2597.260162353,1257.3800964357
PC (44:5),-0.05054448439661716,7.302683142915016,0.31173655343688367,0.5766165167106949,0.642687159250462,892.7 -> 184.1,PC,1355.7401008608,1227.1600723274,1152.8200759888,1326.3800888067,1384.4600944518,1397.2600975039,1287.7200889593,1365.4000892639,1192.2400856021,1112.2000808716,1198.0600852966,1076.5000724792,1193.2200813292,1147.1600799559,1166.1400833132,1281.3200798037,1266.4800987243,1135.4400749206,1237.7800827023
SM (d18:1/24:1)15Z)),-0.04861058588108044,12.324835789261387,0.30172040919660503,0.5828058835969153,0.6462199952836263,813.7 -> 184.1,PC,46371.9238433835,43467.622756966,39335.3625373705,41654.163345346,41380.5432510353,39932.3828048707,50545.1236190823,49800.8833999604,50060.424110409,35505.5226745473,31499.0818367004,33039.7220306398,42726.9835357544,41993.7028808752,43265.0432281459,46694.5228919942,44475.9431228735,44652.7826538099,15759.3212776419
PC (42:5),-0.0480857528291517,7.994105786417984,0.2874079992827685,0.5918863532237993,0.6495573312302209,864.6 -> 184.1,PC,2183.0201377878,2036.1201438901,2254.0601692204,1937.700141907,2195.4401550293,1884.6001510621,2147.540168761,2650.5601654051,2266.6001739505,1986.7001190185,1808.0201377872,1932.1401405315,1907.3601303107,1619.0001258857,1923.6601409915,2090.4801330569,2165.0401535048,2183.0201644909,1250.2800865176
SM (d18:1/12:0),0.048414388175705425,7.5671775739681895,0.28832707007687386,0.5912945828556456,0.6495573312302209,647.5 -> 184.1,PC,1721.9401283265,1402.5600967403,1589.780117035,1657.0201225281,1725.8401184086,1506.560111999,1782.7201347353,1732.4601211536,1621.3201255808,1265.0400924686,1497.3201141358,1410.2801017758,1352.1801071163,1218.6200942991,1327.000087738,1332.2401008595,1490.8801116948,1505.5000915527,1274.8200950624
PC (42:4),0.046755245221004146,8.061595357082643,0.27206239835896895,0.6019516414953215,0.6572329146938715,866.7 -> 184.1,PC,2303.5401840206,2022.0201339728,2294.360153197,2068.5001602193,2544.1601829518,2087.480167388,2412.280162811,2686.6401863105,2735.1602287288,1661.3001022344,1852.0601272579,1582.3401222232,2084.0801467901,1935.7001304614,2234.1201438905,2155.7801628125,2212.6401672357,2193.8601417552,1346.8200988768
Lyso_PC(22:2),-0.046185137172887594,7.58968272415696,0.26259403258272407,0.6083435945413299,0.657502672888104,576.3951 -> 184.1,PC,1775.2001228338,1618.7800979606,1656.1601066583,1287.5000839231,1563.1801223755,1814.0201263421,1563.620124816,1523.2601013184,1698.2401123045,1347.9000968937,1286.3200988771,1457.98008728,1306.5400886531,1587.1201248182,1380.4400978096,1533.5801010139,1718.7401275643,1464.0001182561,1251.6400833125
PC (38:2),-0.0455153786722918,11.78174380501088,0.2643578857819442,0.607141912260535,0.657502672888104,814.6 -> 184.1,PC,30832.0422134469,29454.7218933018,27237.4422226105,31522.8022384746,28129.0222244276,28222.7619247483,35029.342735286,34621.562500006,33194.1423950209,22220.7815208535,24563.6614341716,20452.8412132135,27616.8022460989,29517.1023139907,30556.1820144508,31544.8222122317,31943.5223083494,32977.3820114211,8506.7006835846
Lyso_PC(20:4),-0.03992542126116013,7.588292074100179,0.1962690810517671,0.6577493414743641,0.7073284375653967,544.3325 -> 184.1,PC,1881.7601280216,1448.2601089476,1593.2000885017,1460.5400924682,1637.300125121,1411.2601013184,1846.0001144415,1736.660129547,1607.3601074212,1371.6200981139,1341.3400917062,1335.4601020816,1287.7400779723,1504.5601120003,1639.7601280225,1463.2800941467,1560.2201118463,1583.5200881958,1189.5200843815
PC (42:10),-0.036213597295672306,7.540831708837418,0.16122591263957098,0.6880303478985217,0.7361924722514183,854.6 -> 184.1,PC,1833.7401084898,1733.5601196295,1173.4600830076,1352.9001045225,1559.2601089486,1564.7201004033,1645.3401298524,1678.2401123053,1543.900115966,1435.2200889587,1483.2201004015,1268.1600952149,1390.9400939935001,1495.4801139832,1339.6000938408,1221.3600845334,1526.7001075743,1375.0600967405,1247.7000961304
PC (30:0),0.03482871629286348,14.333080477990087,0.15505466475099183,0.6937509940923601,0.7386204613719655,706.5 -> 184.1,PC,202516.176147412,177138.152893127,173982.853210415,183272.532928368,173147.051818624,172534.871887195,211252.454589979,209267.174285891,204582.033386071,130200.726867683,132517.290374736,127905.709960929,174131.773193491,164999.469543509,168707.754394582,190588.89086899,185448.251800534,184654.01318363,14715.5011749146
Lyso_PC(22:1),-0.033353576356832615,7.827488151305895,0.1377666651137197,0.7105114216347419,0.7527200209397761,578.4107 -> 184.1,PC,2060.000141145,2118.9601440425,1882.2001342773,2154.520153046,2100.2401542651,1672.0401191711,1679.9401206975,1967.9001274114,1679.6801071165,1497.9401092525,1855.1201591497,1588.6201324466,2034.2601280217,1767.3801231389,1494.0401115419,1699.580112458,1929.3201217654,1614.2401275641,1289.4400978087
SM (d18:2/14:0),0.03240678328324856,7.349272755632797,0.1284036889876461,0.7200929242677845,0.7591127378980586,673.5 -> 184.1,PC,1230.6800804134,1278.2800865174,1426.680107116,1629.1401176456,1416.7601013182,1329.5000877377,1451.3001022337,1360.72008133,1487.980113983,1111.6800727844,1117.060081482,1358.8000869748,1349.1000976558,1163.0800895694,1114.9600715635,1114.9600753783,1204.820095062,1210.5200805665,1051.0400695802
PC (38:9),-0.03067569413669894,8.93215711206865,0.11856538657766258,0.7305956820458435,0.7664091958716202,800.5 -> 184.1,PC,4591.2603721608,3250.1402397156,4114.8802452101,4217.2402839644,3817.4602737429,4341.4802780158,4685.1003074637,4576.6402931221,4405.4203109736,3522.9202423096,3354.1002235415,2793.0001869202,4288.2403411861,3411.3602447515,4256.0202827468,4565.1803321835,3973.2002983089,3802.3802680962,2079.1201362614
PCo(42:4),-0.028052290018917927,7.50673178317553,0.09665837000638788,0.7558771824321248,0.7890620343437791,852.7 -> 184.1,PC,1490.0201072689,1952.9601669302,1415.2201004021,1770.8201370253,1512.6801109321,1560.3001136775,1330.4600906375,1420.6201019289,1297.6000862119,1210.4200935364,1400.0600891106,1320.3801040646,1301.0000877373,1567.580123902,1454.1001052854,1243.2000961302,1182.8200874327,1573.5001068126,1166.5200843811
Lyso_PC(18:0),0.02625279247423824,8.775054025670707,0.086644357173470965,0.7684873096275163,0.7983314769916917,524.3638 -> 184.1,PC,3892.9603004456,3266.4802246099,3696.8602485644,3471.3602218646,4036.0402412415,3345.2402114861,3617.460247039,4486.1002769478,3826.6402816766,3202.1202240005,2755.3002090448,2659.7201690656,3684.7002601637,3376.8202285773,3397.4802780152,3121.0002326961,3345.1202125567,3297.1402626033,3154.5402030936
PC (42:6),-0.021922100250129018,7.781930999266557,0.059459437248669644,0.8073523706838264,0.8346541416731345,862.6 -> 184.1,PC,2406.9001426694,1497.8201065057,1549.0601119988,2125.9401359561,1794.0801010147,1893.000148773,1779.2801055904,1969.0001296991,1885.960113525,1653.180122375,1560.6001090998,1378.3600959786,1811.8801269516,1626.1001129153,1471.3601036067,2007.500137329,1713.9201049805,1742.4601287825,1265.7800827023
PC (36:2),-0.01566597319710046,14.724231630304528,0.03137385321133479,0.8594089024013389,0.8841995438167621,786.6 -> 184.1,PC,258012.456115889,226962.017456136,216477.235534745,229150.894103915,226234.075927734,222686.43371578,272273.976928499,276438.400695856,269525.698852558,177870.21199048,172354.170776418,163792.352661125,241351.897765995,237454.93762204,236408.075683507,244917.417663692,239646.995239149,229955.577514644,23948.5619277688
Lyso_PC(21:4),-0.010840584472664123,7.642605567161148,0.014483837392944565,0.9042068359108819,0.9258385783967882,558.3481 -> 184.1,PC,2063.7401580818,1747.18011856,1866.0601196287,1704.9801139826,1628.0201148989,1638.3401260384,1727.720123292,1293.4800872806,1474.6801185603,1502.4801063533,1518.2401161193,1306.3800964357,1433.4001045227,1339.7000961308,1623.2601089476,1701.4601097103,1426.0201072684,1475.5200920102,1397.200115203
PCo(36:5),0.008007379265435093,7.971248050556984,0.007965498423679662,0.9288835149159355,0.9465765342476675,766.6 -> 184.1,PC,1766.8401412951,2791.1401863102,1736.7001075746,2059.6601562497,1922.4001541137,2103.5401573166,2489.280162811,2120.5201721198,2577.360157014,1837.6801109319,1897.2401313785,1855.9401321426,2101.9401473986,1622.7401046762,1871.7601242065,2064.120136261,1766.6401214614,1914.6001358032,1307.500095368
PC (40:10),0.006573872431268862,8.262539510049692,0.005398640739262106,0.9414277848093099,0.9531306095839605,826.5 -> 184.1,PC,3238.7202606216,2623.7801933284,2388.6801795959,2689.5001945512,2809.1802101137,2181.680175781,3269.5602607727,2621.5002021791,2464.9601821903,2623.9201583856,1923.0601463302,2173.3201484693,2491.6801872246,2146.8001594537,2265.3801612861,2537.8201713568,2460.9601440438,2403.8801727298,1235.7000961304
SM (d16:1/24:0),-0.006188874450864883,13.575877809433063,0.004894867479691811,0.9442228468775682,0.9531306095839605,787.7 -> 184.1,PC,119344.407928415,102156.649505585,98529.545562758,105754.486602923,101976.887298562,96931.926361018,123495.46850583,123527.028869635,119305.748565636,82190.085433918,79614.245300265,75685.765121457,102663.968383878,109381.76832573,104891.427093496,110772.807586668,101825.306060693,102481.107421869,15561.8409767029
PCo(38:6),-0.005459671129861764,8.451483569629973,0.003733311739470224,0.9512789061049224,0.9557450042556498,792.6 -> 184.1,PC,3220.5802230855,3226.5202064507,2831.1201934814,3346.5802345289,2395.9002075201,2645.2801704403,3389.620243073,3178.5601997366,2991.0201988221,2604.5001640323,2592.9001655583,2466.2201652529,2431.1802024822,2792.2201652516,2896.1201858536,2745.0002174355,2945.8002243039,2289.6401672369,1812.2601394659
PCp(40:6),0.0032522453711310638,8.404420966084754,0.0013238370745156658,0.970975715850931,0.970975715850931,818.6 -> 184.1,PC,2799.2601814274,2668.4201736461,2844.0402107235,3270.3802337668,2823.1802215554,2240.9401550303,3357.6401977548,3366.9402580258,2983.8202018731,2013.2001533517,2229.0401420596,2164.9801673905,2277.4201622006,2580.5401878354,2640.7602004986,3081.4202384938,2954.2801971436,3065.4402313238,1836.9801177975
