lipid,logFC,logCPM,LR,PValue,FDR,Transition,type,EKO-C1-Media_r1,EKO-C1-Media_r2,EKO-C1-Media_r3,EKO-C2-Media_r1,EKO-C2-Media_r2,EKO-C2-Media_r3,EKO-C3-Media_r1,EKO-C3-Media_r2,EKO-C3-Media_r3,WT-C1-Media_r1,WT-C1-Media_r2,WT-C1-Media_r3,WT-C2-Media_r1,WT-C2-Media_r2,WT-C2-Media_r3,WT-C3-Media_r1,WT-C3-Media_r2,WT-C3-Media_r3,blank
C20:3,0.9501526245100093,12.723163477387319,192.22289424595056,1.0402451546023725e-43,2.2261246308490774e-41,305.3 -> 305.3,FFA,96339.8262939398,107636.987670933,110251.427871703,92736.1267165969,107289.926902733,109029.30731202,91882.7467727673,99504.886886582,97912.907035812,45279.0429954569,44541.6430931017,42147.2830123906,50002.9033622611,54964.9240799166,51368.2235756063,65858.5248412868,75047.2851562339,75783.7851333373,18531.941375734
C24:6,0.7007342187655465,13.11702836028465,105.4247622872291,9.857037670624126e-25,1.0547030307567815e-22,355.3 -> 355.3,FFA,139199.54959107,126450.62862398,120977.228576671,120985.48847579,120615.268386802,117019.087982179,128676.589279155,125304.148437493,124427.308303848,71560.244888294,69007.2846832491,67930.624649039,82459.545783995,79349.5457916539,80373.8855895685,98926.886901832,93648.5867538529,94933.0066070344,33288.402328494
Lyso_PC(16:0),-0.6237887328839089,9.739963047139469,82.9144556742308,8.56822873721654e-20,6.1120031658811315e-18,496.3325 -> 184.1,PC,7391.7805290282,6615.4804916407,6970.6005287128,7068.5404243464,8495.0005912698,7298.7004776011,6869.6004295338,8704.2206840528,7352.9005203216,14417.321170811,15462.1009178012,14404.2809639004,13391.5008964606,13054.9810066185,12990.9008979702,9012.0805549579,8731.3607253974,8695.0005798482,8730.3005790731
Lyso_PC(14:0),-0.509239355479798,8.636650758851308,54.77356381355979,1.3524784521282282e-13,7.23575971888602e-12,468.3012 -> 184.1,PC,3785.3002738963,3693.5203247049,3370.7002143879,3562.9802169808,3550.7602691649,3302.1202278144,3771.9602355949,4612.6403083798,3540.2402496328,6001.2805023178,5599.8603172307,6730.6604919419,6505.70042038,5808.3604011531,6243.4004516598,5098.5403442389,4141.1803092953,4368.8602867131,2486.4401474011
C15:1,0.4541832512476034,13.884856236738273,44.557125219329464,2.4704279315113845e-11,1.0573431546868725e-9,239.3 -> 239.3,FFA,168290.491043064,255361.018356314,292647.958930959,138762.090118407,167007.871978761,182220.313415533,175959.471496581,193395.73410033,219955.635253897,123377.369812015,138751.969985951,178808.132728595,146236.38983154,147458.190551735,159212.031272907,161169.430694566,165556.071807879,179538.591079715,37924.2226715055
Lyso_PC(20:3),-0.3828203894309474,9.492209223168793,31.334744906523675,2.171583120587677e-8,7.745313130096048e-7,546.3481 -> 184.1,PC,6400.120456696,6702.2604103088,6633.3004150392,8291.94059372,9204.4207115149,8668.9605674717,6509.0404357898,5876.1004638671,5562.8603439301,11777.9408836357,12294.2008743322,10612.720848075,9123.6405563339,9220.5806465109,9196.1205711341,9661.2007713267,8632.5005607578,8805.4406166065,2050.5401153562
C20:1,-0.30914053647532397,12.228609638923496,20.662894204743566,5.476711391442e-6,1.4650202972107352e-4,309.3 -> 309.3,FFA,50624.8637390056,46043.9635009721,43694.6028327877,44374.5230789284,44655.5830764621,45526.4630813524,56921.9240722378,53582.8836593636,53574.5837860048,59931.8441924863,57630.4040374589,58890.9241791005,74962.0853271239,75313.3451232927,68339.7647171138,61759.904472345,62567.5246200684,61521.9645309319,16399.5211181652
PCo(32:3),-0.31156839409681986,9.977201728404296,20.847905097801224,4.972358074399416e-6,1.4650202972107352e-4,714.5 -> 184.1,PC,12077.00080109,12231.4208373986,10743.140640255,9783.840728761,9835.880706788,11161.500869752,9311.820655822,8350.7405319201,8573.0205574033,14475.861007693,16181.800964356,16556.180892938,12590.860961916,14225.180984486,13517.320999138,11378.980827335,11722.5407791129,11726.8808288563,2886.2202224731
Lyso_PC(19:3),-0.31124878256914634,7.689837434674434,20.130729277919407,7.232527027781666e-6,1.7197342043836407e-4,532.3325 -> 184.1,PC,1876.5401191716,1928.1001434326,2086.9601287863,2472.6201629641,2093.0001564026,2240.4801673885,2158.600128175,1801.6201019293,1894.480129241,2703.9602050773,3337.9002532962,3188.9202270507,2640.9001655601,2612.1401824948,2503.4801597594,2210.9401550305,2959.9202156061,2494.1001892069,1310.0600967409
C17:0,-0.2970976137675883,14.006811833388179,19.111408069555125,1.233056386154859e-5,2.638740666371398e-4,269.3 -> 269.3,FFA,185010.773574829,164642.132232661,158988.49133298,149668.489593507,149528.230483999,154937.331367487,195020.793548569,184115.89366148,177245.071655288,219423.555435126,206880.37605283,199108.973983766,241709.358078034,240758.896553047,241984.056472752,213819.856262214,216374.035736095,213070.594894424,40828.862838747
C15:0,-0.26890093951802185,13.863751846314903,15.660079636503712,7.580746512178545e-5,0.001474799776005644,241.3 -> 241.3,FFA,159097.030914313,154084.130210875,148259.9099884,132373.349334737,130579.528717004,135749.569335915,185256.593719518,174362.533554086,170440.951278676,198229.773132313,183067.973060645,182522.312744145,219440.576637244,223894.194656371,219104.096115131,186283.43374633,184655.51191705,191244.792739828,39058.582794191
C16:1,-0.25255816827323246,12.63202805600831,13.806080788063017,2.0267919171136801e-4,0.003593670669954237,253.3 -> 253.3,FFA,69478.4054260184,62917.5843811045,60608.2440376261,53482.3038063018,52577.3035278108,53864.1835784746,84558.1460342575,82493.965900398,75871.8853149285,88226.045940386,84027.9058990413,79748.3657073654,79951.3252181807,83150.9056549048,81234.5262565391,85180.4059905889,87683.3461265563,87044.6661376782,17972.8213386525
C22:1,-0.25130516672507747,12.414726754017693,13.666563473446075,2.1830709677292094e-4,0.003593670669954237,337.3 -> 337.3,FFA,59431.5840453931,55570.9839820769,55975.783977495,52868.743743879,51357.4834823532,53564.1440200617,62470.7247734073,59459.4842834518,60203.4441146796,71803.4052505351,66900.304405205,70559.5050506423,78338.0059890926,76199.6651840395,75694.2855987807,69673.565116851,69354.8446960725,71246.8648757976,16971.0611953724
Lyso_PC(16:1),-0.24843640621675714,8.355188486697633,13.029413971271374,3.0663648908585655e-4,0.004687157761740951,494.3168 -> 184.1,PC,3423.5202560427,3764.1003112791,3382.0202369678,2550.920181275,4185.7202491765,3419.6202354446,3573.3002281194,2913.5401802061,2790.3002090449,5102.880332947,5631.9803314214,4325.0202407838,4022.3002891548,4261.6603050234,4513.2803306574,3196.0402069096,3628.2202339179,3486.4202804559,2524.0202026366
PC (40:5),0.24777120797687208,7.320158468399328,12.61195034948897,3.832883673807941e-4,0.005468247374632662,836.6 -> 184.1,PC,1865.120147705,1752.6201248172,1942.8201255791,1729.9801368721,1833.6401100156,2404.4601783746,1903.6601448052,1863.6001396183,1912.2801551825,1576.2201194762,1969.8001441953,1790.9401397707,1776.0001182558,1757.0801200868,1623.9800949087,1642.060111998,1852.4801330573,1518.2601165768,1580.840114593
C22:0,-0.2361777966378981,13.65224383586099,12.083425241121859,5.087205127243013e-4,0.00680413685768753,339.3 -> 339.3,FFA,145573.429931634,130350.48927305,126222.929458612,119068.028396598,118820.128311129,119821.689224253,156384.950958284,147451.170745852,144506.909927356,164797.431686413,159085.911331148,147442.70970154,185419.713119485,183027.493743899,180376.451889049,171635.972351097,163455.812065114,164018.891113264,51079.543594373
C14:1,0.2319953189818152,12.819588954207509,11.653578540852692,6.407914897506167e-4,0.00806643404744894,225.2 -> 225.2,FFA,68023.76470945,118044.588363623,142675.85008241,58771.943908703,68959.544723504,77907.505355811,70668.165130627,85631.505981431,99091.5074005,71713.365341153,81420.485672003,106574.007255545,67495.424835199,74504.94524381,77874.58575438,76713.925300579,78569.085998552,84776.3663329799,40406.66294861
C17:1,-0.22348743112090297,11.786894527182437,10.801997107702846,0.0010139065559313784,0.011125815610254587,267.3 -> 267.3,FFA,37021.0424346808,36741.2225837618,32941.5422515877,35050.5425338744,33841.9625129709,34063.9823608387,42812.5630836529,40822.3028259287,39814.1028633127,45900.3036308281,44319.5630798424,40593.6429519655,48624.8035354704,49458.4232406574,46288.9432029828,47237.8434791444,45332.1630935516,47611.0235214289,13673.1409568842
C24:0,-0.22185697221949646,13.904892665288525,10.66505569592664,0.0010917856439969455,0.011125815610254587,367.3 -> 367.3,FFA,169773.81263728,154387.671028138,145540.850234971,137042.609085079,136502.609390238,139829.350166308,200522.593719454,192692.953598023,180103.71261596,204488.335159308,183272.832366957,174348.972839346,225013.395431519,222387.754745507,216904.435043365,199599.413742066,193589.934219381,192387.893447872,41301.702835082
Lyso_PC(20:5),0.23053650392590916,6.7907784141899095,10.666438483942741,0.001090969752345098,0.011125815610254587,542.3168 -> 184.1,PC,1204.2600860593,1231.8800926205,1480.9001083378,1172.9600715638,1397.7801017763,1370.0801048276,1253.260093689,1353.360103608,1284.5600967406,1107.700077057,1153.5600776669,1210.2000694278,1269.7000885011,1165.3400878904,1270.4800910944,1151.7600822449,1135.6400756836,1252.0200920103,1313.3400955198
PC (38:7),0.22632666614245947,8.650115447230618,10.873677839308698,9.754063723742722e-4,0.011125815610254587,804.6 -> 184.1,PC,5222.3003578168,5201.6603775028,5348.8204307571,3921.3003158563,3964.0802955624,4464.1203117358,5584.0004615778,5297.0203247069,5270.7003936788,4030.9402580246,3163.0002212524,3569.4602699277,6073.9204483036,5280.6003112796,5723.5003776543,4718.2603263848,3941.8003082281,3936.3003005951,1529.9600982671
PC (36:1),0.19710350295249157,8.874436530411444,8.254277771303084,0.004065607956578953,0.03954727739581345,788.6 -> 184.1,PC,6052.360412598,5337.1003570551,5212.6003456113,5245.6603584299,5047.4803924557,4856.220321655,4695.1003723142,4598.7603302004,4136.2602996832,6116.4804229747,4839.6203613275,5035.4603233346,4897.7003288256,4856.9603500364,5013.3204078674,4035.0202636711,3471.6402587888,3938.2003173827,14336.3008880579
PC (38:8),0.1944464953105293,6.855116350659809,7.604691891005491,0.005821661121094744,0.05416675999627284,802.5 -> 184.1,PC,1348.320095062,1526.8800811765,1328.8801078791,1382.3000946036,1262.9000854493,1199.160076141,1293.4600830079,1242.9600830082,1326.9000968941,1188.3800849915,1361.7601013194,1361.3201065066,1273.0200767518,1126.2800674441,1119.9600677491,1232.9600906373,1265.0800933837,1201.4400749209,1868.3601455672
Lyso_PC(18:1),-0.18823562768317587,7.923415042184386,7.407944008097626,0.006493649103963008,0.05790170451033682,522.3481 -> 184.1,PC,2311.620155335,2643.9601898192,2716.8601913453,2281.2401695259,2404.4601898186,2147.300167083,2117.7001495356,2404.5201416029,2942.8402023316,2579.6802024843,3714.18025589,3298.4602661142,3067.2002410886,3209.4202041612,3107.9402503962,2836.320201873,2658.2201728833,2321.1601791373,3729.0402374264
C14:0,-0.1766386494627327,13.45188520610458,6.761649746377999,0.00931376149031501,0.07665942149720814,227.3 -> 227.3,FFA,125056.50965117,118166.968154882,108763.348052975,120137.809120207,110473.14788818,115745.908004731,126726.509010328,123725.189422593,120474.40945434,151063.990203864,137294.169860836,130372.909332302,157432.471282927,155604.131973237,149318.670211772,138796.909271242,134870.509551982,137417.409896847,54649.503845207
Lyso_PC(20:2),-0.18216382661600206,7.303239186789415,6.818713502620085,0.009020752767637821,0.07665942149720814,548.3638 -> 184.1,PC,1659.3201179512,1520.5200996397,1848.920139313,1848.2201194751,1644.8401107793,1644.580131531,1508.7801094069,1573.340122222,1552.2201080322,1899.620140076,2099.400150299,2124.0001640324,2198.7801589971,1987.3801574703,1903.980125427,1987.8801345829,2073.6801567082,1698.8401298526,1244.6000823971
PC (38:4),0.17643741790035605,8.067419631226276,6.528441706026221,0.01061629234895572,0.08414394676579719,810.6 -> 184.1,PC,3273.8002319322,2834.0402145388,2658.2801818833,2979.5002326972,3533.5802879342,3575.7002487178,2973.0801925682,2623.3801765431,2616.1401710518,3422.1402587878,2947.3402137749,2794.1601829534,2934.4001922631,2915.4202117901,2787.7002143866,2616.280212402,2792.5601768497,2437.520179748,5126.9003601079
PC (30:1),-0.1718222835057474,9.567263671378042,6.324580086835908,0.01190756799380043,0.09100784109547472,704.5 -> 184.1,PC,9574.3806533819,7678.4005508447,6960.9804725623,7934.3205986005,8343.1605415312,7683.7405967727,6407.6805114707,5871.7403144845,5827.0604171738,10571.1008224474,10982.6008186339,10666.2807006798,9119.020591737,9353.1407470697,9297.2806854177,6113.3403816183,7511.1204910295,6397.9604187006,18346.8410759066
Lyso_PC(22:4),0.16761928501996212,6.849614814857972,5.661413777607379,0.017342138454439947,0.12606656731935287,572.3638 -> 184.1,PC,1501.8001098636,1355.4001007079,1286.040088654,1323.6600952152,1438.9000930786,1094.0600814819,1315.2800865168,1443.140098572,1327.4800834652,1184.0400848388,1181.180080414,1112.380088806,1063.0600776673,1162.0200767517,1456.5801010121,1498.5201110844,1522.600097656,1309.9400939952,1206.4200859068
PC (40:9),0.1680825034742554,6.668844651773329,5.628288019689368,0.017672883269068157,0.12606656731935287,828.6 -> 184.1,PC,1118.7000846861,1099.5600738525,1065.9800834652,1257.2400894166,1181.9200973512,1229.1800842288,1260.2600975041,1076.5400733948,1107.4400749205,1042.3800811766,1162.8800888059,1099.4000816343,1105.2800827026,1135.100082397,1136.080078125,1058.1400718688,1085.9200782775,1077.0200805663,1595.4801292429
PC (38:5),0.1626534937707385,7.401961135467079,5.4483053825780345,0.019587317751462798,0.13521567738106577,808.6 -> 184.1,PC,1995.8401641847,1764.4401283254,1763.0601081839,1963.3001403815,2003.54014206,2091.0401496902,2042.8601379396,1841.3201446536,1831.0001106263,2181.1601753235,1948.1601333601,1859.4801483152,2155.5201644903,1577.7801094051,1907.3201293942,1646.0401153553,1491.5601043701,1768.5601043711,2593.5601882937
C16:0,-0.15298318899607447,18.54945992296643,5.076455377477032,0.02425290368937089,0.1597778567722324,255.3 -> 255.3,FFA,4608625.02044634,4088183.76702527,3748546.17278977,3992470.72924694,4027900.18414331,4224559.2202161,4571357.33651762,4304683.14761237,4069766.13015796,5026124.477416,4614262.49853573,4313228.3381343,5280515.0842293,5375351.19604489,5276615.58371024,4896478.74600105,4958107.38940386,4984575.59908978,212711.674194336
PC (38:9),0.15782913328346437,7.010490681943709,5.049106439767315,0.024638641464876963,0.1597778567722324,800.5 -> 184.1,PC,1367.5800933836,1480.3001022337,1367.5200958249,1434.6800880436,1566.0601005553,1546.1801033023,1486.5201034541,1448.2201004025,1411.1800994865,1474.5001068113,1347.1401062014,1440.6601066591,1535.4601058955,1450.3801078799,1352.7400970465,1441.2600936896,1179.2200813293,1353.4401092533,2079.1201362614
C32:0,0.15150372829276584,11.88738355733408,4.967652465845795,0.025825676509722714,0.16254984626707825,479.4 -> 479.4,FFA,45360.6032714739,43352.3229598936,44341.183155062,38776.1825866703,41703.7027740527,42479.0430221569,51468.6435775526,51512.703533172,46656.083419817,40550.4429473951,39164.1227188083,37844.2626266493,42012.9828491242,46398.723106376,45975.7030181743,45471.3229827906,45355.7632751365,47171.583511348,18435.8812904344
PC (34:0),0.15127477508639003,8.436311351757501,4.83332637261509,0.027914722975398956,0.16775480402272683,762.6 -> 184.1,PC,4954.1603393553,3707.0802497866,3711.4602661119,3849.1602630603,4403.8802757238,3441.440246581,3037.1402130128,3669.7003288271,3179.1402168284,4374.5203208909,4161.9003219606,4026.6803169252,4154.1603126527,3696.2602653505,3688.7202491757,2509.9602012635,3278.2401962269,2835.4402236936,8230.9204902642
PCo(32:0),-0.15267982478896683,7.5371889110236205,4.814550297944827,0.028220434321580213,0.16775480402272683,720.6 -> 184.1,PC,1819.8601226809,1867.300121306,1902.740139007,1728.1801109319,1788.1201210018,1946.2001342774,1568.5000953669,1859.0401268013,1993.6601333626,1828.6201438902,1764.7801094055,2134.8801460257,2529.7601928714,2975.3602485647,2711.7802085873,1780.8001403803,1911.7601203925,1987.5601501464,4154.520263672
SM (d18:2/22:1),-0.1504302004974786,7.274121839459731,4.631740731496267,0.03138570482854746,0.18152813062997722,783.6 -> 184.1,PC,1735.9201164235,1619.7401046751,1430.3600997922,1531.9001121526,1488.6601142889,1325.4200973512,1713.2401199339,1431.3401031493,1596.0801162711,2279.2201538086,1863.4801292416,1884.7401428233,1860.6201133719,1668.6001205433,1994.8801460261,1755.6801147472,1425.3000946044,1726.700134277,3191.4002113351
C18:0,-0.13413173150108842,18.507997661942373,3.9028598349686945,0.04820398663418348,0.2645039266593658,283.3 -> 283.3,FFA,4536019.09103502,4019007.22436384,3685855.42312721,3854277.8825687,3810730.44928046,3988481.33572411,4585602.97229007,4285257.40811236,4057518.11157289,4707847.67617906,4347261.2802136,3979889.77865345,5139337.90579325,5199455.63000383,5110384.54614382,4868906.12866166,4952942.1990357,4862965.45593305,238026.458847061
SM (d18:0/16:0),-0.1360570063608207,8.610382846971856,3.919964615896639,0.047715884535968214,0.2645039266593658,705.6 -> 184.1,PC,4210.9202995313,4018.8602943402,4318.94033432,4187.5402679456,3750.000255584,4472.600337983,3311.6602401713,2721.080196379,3057.8002243032,4858.9203491209,5661.5803832997,5167.2003364569,5075.9004020704,4215.320343016,4714.9003181436,3586.5802421575,3545.9002494818,3316.4002151496,10604.1006813067
Lyso_PC(5:0),0.1351293946026114,6.84479523128424,3.6776034531022415,0.05514806398654438,0.28975300451914293,342.1603 -> 184.1,PC,1227.0600814817,1111.9800796507,1368.0201072694,1121.44008255,1434.4800987245,1300.5401000972,1563.8801231379,1422.2000923153,1287.4600830077,1144.2000885005,1114.4600830078,1289.2801017757,1439.0801010138,1362.3401031494,1366.3200950617,1169.8000907902,1396.6201019288,1234.9600906373,1374.2000923164
PCo(36:3),0.13443451885898988,7.0023118587392155,3.666596778151323,0.05551342609946196,0.28975300451914293,770.6 -> 184.1,PC,1487.8001098628,1371.7801170349,1414.9400901796,1490.4601097109,1477.5600967401,1462.2001037592,1368.2401008607,1509.3201026922,1584.2801132203,1568.1001281732,1218.9800872805,1552.9401206964,1369.4001007085,1460.700099945,1601.2000961309,1246.0600929259,1480.4800949105,1334.7201004032,1579.2001075741
C18:4,-0.12878864591733694,10.956334878549265,3.582699207290215,0.05838421267910327,0.29056329100763023,275.3 -> 275.3,FFA,19986.5213966408,20225.9214630124,20120.6013603203,20813.6015701277,20136.3614768959,21177.1214294438,24433.4616889957,22542.2815933198,22470.9214706395,25852.1618614198,25298.7416801441,23923.781841278,25477.2217712376,26182.6216812088,24906.321804044,24585.9217910709,23390.7818298329,24682.1015968278,12110.1808624252
PC (36:7),0.13430490423007158,6.742177865415752,3.6105547321899367,0.057413965548224595,0.29056329100763023,776.5 -> 184.1,PC,1116.2400779725,1268.9200859073,1390.3000831607,1210.5000915527,1232.8800888058,1080.5600738525,1259.9800872805,1156.3000793456,1168.3800811773,1258.8400955197,1254.1400756835,1051.1800880434,1153.560092926,1249.2000846858,1158.8600921629,1120.6400833131,1118.5200805669,1247.7800712587,1541.4600982657
Lyso_PC(6:0),0.13219676384073994,6.961215353298865,3.5391754222225984,0.05993525002818362,0.2915032615007112,356.176 -> 184.1,PC,1544.0801124576,1593.8401298528,1461.4801025384,1340.9001045224,1329.3600883482,1270.8600959778,1490.5800895688,1367.7000999456,1409.0600929264,1198.6800880426,1292.5600967408,1564.7201271054,1298.2001037597,1448.5000991827,1313.240081787,1348.9801101682,1515.6801071163,1503.8801002495,1510.2200965888
C24:1,-0.1198149447554648,13.182693143769173,3.1116205922932068,0.0777355778619629,0.3029898958048548,365.3 -> 365.3,FFA,107999.566993695,98948.5872420992,97153.366973875,86657.5056533671,90175.746147169,92475.7062683226,121078.367950432,114994.427764916,108202.627647404,111007.667587297,114329.36829375,112511.188095114,122391.948707608,129839.169097894,132481.589462284,112738.247947667,114840.9482231,114426.088375095,20766.141502381
C26:0,-0.11834735015848334,12.801880643231161,3.035016508542184,0.08148572071120275,0.3029898958048548,395.3 -> 395.3,FFA,78708.2660445934,75125.3856506407,73209.4855079801,69269.2247238123,69418.125076294,70223.184974644,92688.546524053,86459.8263702267,84682.7259063691,89701.4459914908,85482.5258865414,81624.4461212128,95647.3269271568,95532.526557911,93575.3467483445,92340.9668273673,89033.1660690272,87980.7064704929,28102.9420165958
Lyso_PC(12:0),0.12556231659380931,7.583580150884352,3.2722811118121555,0.07045958709822722,0.3029898958048548,440.2699 -> 184.1,PC,2561.6601867684,2289.9401626589,1580.9001159657,1900.7401313777,2097.4401588442,1950.5001296986,2747.4402160645,2959.3802490248,2054.1201324462,1901.9201431267,2024.7201194764,2026.8601493834,2098.7801513671,2158.5001487728,2453.7601623542,2403.0601692199,2603.1601982128,2000.7601470946,1451.9201011664
Lyso_PC(17:1),0.12620427122209435,6.7997472476193055,3.201695140178156,0.07356198708005728,0.3029898958048548,508.3325 -> 184.1,PC,1280.4200935363,1092.1600875854,1235.4400939942,1275.9800834657,1241.560077667,1180.0600738526,1505.20009613,1331.2400856022,1343.2401046753,1214.9200935364,1225.6200866697,1092.2800865172,1275.9600830086,1172.6600914006,1553.5600852966,1175.9200782775,1331.6800880436,1202.9800834648,1236.9400978088
Lyso_PC(20:4),0.12746577442590895,6.788807572949288,3.2644190787221454,0.07079809434577962,0.3029898958048548,544.3325 -> 184.1,PC,1193.2800941464,1386.8001022344,1059.1200790404,1239.3000907894,1148.2600936887,1309.9200935367,1307.1000976561,1521.3801040664,1249.5800971981,1333.2800979615,1252.0000839234,1310.3200759892,1294.5400848388,1195.4601020811,1172.000076294,1343.6800994872,1147.5600852966,1117.8800697327,1189.5200843815
Lyso_PC(22:1),0.12546886366816812,6.739505163306943,3.1532941940988923,0.07577384750850377,0.3029898958048548,578.4107 -> 184.1,PC,1233.8400917057,1251.4400863647,1169.0400962829,1165.4200935363,1261.0400848389,1314.4401054389,1280.640090943,1181.8200798035,1091.9000740053,1156.7800903318,1205.2000885007,1183.680084229,1195.3000793452,1052.1000785828,1171.3200759892,1223.1200942993,1303.6201019282,1240.3200912467,1289.4400978087
Lyso_PC(24:1),0.12356612648059125,6.691011536575518,3.0493201158973102,0.08077094891904453,0.3029898958048548,606.442 -> 184.1,PC,1143.0800895696,1136.700088501,1105.5000801084,1079.6400833127,1186.2600860592,1053.4200782775,1148.8400764465,1293.360092163,1390.3201065062,1154.6800880431001,1079.2400741579,1119.8600769046,1120.0800781249,1207.8600921632,1076.4400749206,1304.3000946045,1135.1200790403,1135.3400917049,1362.3801078793
PC (30:0),-0.11915387587160284,9.515882266224065,3.0418995066000747,0.08114091952958545,0.3029898958048548,706.5 -> 184.1,PC,9530.1807022002,8644.9205322252,7994.4206466618,6676.220512391,7968.2405471863,7119.2005920449,6201.3005294805,6477.2205505383,5901.2604751566,9942.8807945275,10882.8408393874,10157.920738218,7651.2806014972,9284.7005729585,8863.3605728073,7437.0806236267,6101.8004837046,7042.5605621384,14715.5011749146
PC (32:2),-0.12059653885338147,9.10528294204594,3.105195091191348,0.07804288047180649,0.3029898958048548,730.5 -> 184.1,PC,6661.6204795825,6735.8604774486,5180.7803802482,6018.7804107666,6009.5204200694,5174.4603614802,5704.2604141253,5492.0004386911,5002.3403930657,7562.5405807485,7534.1605567915,7321.9804878234,6816.1404953,7134.6204566877,7220.4204483036,5770.1604194656,5796.4604797376,5318.8203849799,6489.4604911808
PC (34:5),0.12690532081238662,6.695354057797877,3.217537484312291,0.07285315103075889,0.3029898958048548,752.5 -> 184.1,PC,1088.4000854491,1128.7800750734,1148.3400688172,1169.340084076,1218.100078583,1245.8200950629,1246.900089264,1265.2400932315,1082.7400741579,1131.8600845337,1143.6400833128,1082.840084076,1145.5400886535,1285.800090789,1082.1200752256,1156.2600708007,1175.0200881955,1174.3400917049,1316.820083618
PC (36:4),-0.12626606386027672,7.664623351501067,3.306999735490894,0.06898533318329059,0.3029898958048548,782.6 -> 184.1,PC,2216.4601516723,2191.6401481626,2187.3801574708,1829.4201240548,2170.8001441947,2362.3402061458,1761.600120544,1807.7201156616,1680.4801139828,2289.080165863,2193.0001449593,2992.7602195735,2487.0801506053,2239.7801818833,2406.520179749,2112.3201522823,2609.4401855463,1941.9401206972,4421.960300445
PC (42:4),0.12419068087399945,6.763437088347536,3.0931751196385067,0.07862125816167678,0.3029898958048548,866.7 -> 184.1,PC,1320.88010025,1237.6800880432,1231.1800880432,1175.8600807186,1124.280078888,1183.4000892642,1381.860103607,1392.2601127636,1079.3200798035,1200.1800880433,1186.2000808715,1244.3000946046,1165.90007782,1290.3200988773,1211.240089416,1203.2400856016,1209.7600784301,1194.7200737001,1346.8200988768
PC (44:5),0.12662724451094168,6.645273547367435,3.194975870042804,0.07386486026108982,0.3029898958048548,892.7 -> 184.1,PC,1141.4400787355,1145.7800979615,1150.8600807192,1106.3400802608,1120.3600730895,1087.2200737,1168.4000816346,1248.9000778202,1083.2000808715,1118.8200798036,1172.8400917055,1131.7600860596,1067.680076599,1072.7200851438,1070.0400772094,1116.260082245,1102.2200775145,1185.1600875851,1237.7800827023
SM (d18:2/14:0),0.12304352924033601,6.666325442007218,3.0224611193451247,0.08211875680692327,0.3029898958048548,673.5 -> 184.1,PC,1129.9200782774,1265.6200790404,1110.1400718693,1147.8200874327,1149.8000755308,1111.7600822451,1125.3400840759,1221.0800819398,1220.9000778199,1153.1800804138,1093.5200805664,1238.8600921631,1085.5200805666,1155.5800895693,1013.1400718686,1141.2400779724,1150.180091858,1258.8200874326,1051.0400695802
PC (38:3),0.1176267948833922,8.125270904175183,2.9071875430002336,0.088185534912776,0.3193410035535714,812.6 -> 184.1,PC,3337.3402328486,3616.0002861024,2926.3201980603,3078.3802452077002,3176.2402038575,3189.1402015699,2880.5802001955,2789.8801612867,2863.8802299494,3290.6002426151,3707.9002571115,3190.8202209479,3211.1402206421,3319.5601844785,3149.5202178937,2628.4201965314,2382.7401962285,2625.4402046212,4873.6803550732
PC (42:3),0.11994514263840653,6.737908167635453,2.882716483872742,0.08953486080941254,0.3193410035535714,868.7 -> 184.1,PC,1303.1200942988,1290.4800987251,1185.3800697328,1194.1800918577,1192.1600875852,1303.9001007083,1146.5600776673,1134.360080719,1217.1400794982,1201.5600852973,1121.0000839232,1085.8400802615,1328.5600967405,1167.1600799563,1357.8000831611,1133.5200805663,1198.1400947571,1207.4000892636,1175.7200889584
PCo(38:3),0.1176877378985693,6.982358782964901,2.805271521207139,0.0939549367432122,0.3296124010335641,798.6 -> 184.1,PC,1353.9401016233,1552.1600990291,1421.4600753786,1585.1601066594,1360.9800910952,1477.8201141353,1275.7600936894,1315.8600921625,1393.4601097101,1564.7200965879,1451.2800941468,1613.5801124565,1358.4801063541,1318.300106048,1566.3001060493,1339.4000816348,1189.160079956,1174.9600753787,1904.8401412966
C12:1,0.11287704141800188,11.103004271832472,2.753494828273859,0.09704210527301203,0.3340537686652591,197.2 -> 197.2,FFA,25895.4018478388,27720.7019500714,26197.4817810079,21579.0415191658,23740.4616928091,25217.4018859811,27785.6818580659,25875.3217697076,26706.3018646222,23492.1816482511,23298.2617492661,23944.5617561286,24732.4017639156,26943.0218620284,27005.3218536396,25150.4818115258,26808.2817230217,26622.1418495168,14202.7810058631
PCo(36:2),0.11544608971528535,7.321620658521873,2.7322129729924427,0.0983429318967819,0.3340537686652591,772.6 -> 184.1,PC,1945.2001457208,1797.7401199332,1820.8601074216,1882.8401374812,1590.0201187127,1534.3201141351,1699.9401054372,1729.0001297014,1543.5800971976,2119.2601470948,1910.3801116935,1495.0801277164,1758.6800880422,1525.6600914,1734.1001396181,1505.1201095576,1657.1001205456,1641.2001037602,3678.7202796963
Lyso_PC(3:0),0.1140790052275179,6.943258295930623,2.634729319323709,0.104549878208767,0.348135738026391,314.129 -> 184.1,PC,1201.580085754,1498.1201324456,1403.9000968931,1323.4200973515,1300.0600929267,1261.0800895688,1615.8801116948,1557.5601120006,1490.6601066595,1292.240081787,1176.8200874326,1485.4800987247,1676.3801078796,1515.9401206969,1268.0400962828,1305.1000938411,1349.700084686,1421.7000808713,1325.3201065063
PC (42:7),0.11475857546364474,6.59385223187218,2.616729763350084,0.10574216341923091,0.348135738026391,860.6 -> 184.1,PC,1104.4200935362,1187.3800849914,1036.5000686646,1015.0200805666,1091.1800804138,1073.060081482,1078.1800842282,1183.76007843,1091.8600654603,1097.9800796508,1077.780078888,1039.2000732422,1145.220077514,1033.0200767516,1155.0800857544,1106.5000724792,1022.5600738524,1060.4200782774,1176.7801017763
C22:5,-0.10934497525497289,12.177117914784976,2.589237371381671,0.1075921293923914,0.34823617577925337,329.3 -> 329.3,FFA,51942.80353546,48324.4434661881,48825.0635070844,45537.843353272,45116.1031875702,47914.3433418111,57289.8837280129,52845.1039580991,54039.883781422,55654.363857268,54535.624038714,53930.443778974,60030.984306318,60222.964157103,59152.4640121295,59402.5238952546,58906.8242340255,58694.9642181283,25730.0218963637
Lyso_PC(17:0),0.11197638269051177,6.841366449750564,2.521808350033483,0.11228175761106768,0.34823617577925337,510.3481 -> 184.1,PC,1370.1600952145,1228.4400749206,1341.5600929261,1279.1000900268,1139.5200843807,1361.1400909418,1309.680091858,1181.2000808714,1287.6400794983,1310.340087891,1261.7000808712,1214.6400947567,1342.7600822449,1346.1400947567,1071.2400665282,1287.1200828551,1260.7000885011,1282.400085449,1821.1601409909
PC (38:2),0.11012229612579134,8.112930031995546,2.5422169273428494,0.11083906250714924,0.34823617577925337,814.6 -> 184.1,PC,3736.0402793896,2918.8202323922,3078.1201972974,2819.7602081297,2976.6602478036,2588.6002006532,3023.8602180476,2710.8401908873,2043.2801513677,3119.2002067569,3047.4801635743,3090.2602348329,2582.3802070606,3043.2402191165,2988.9002227769,2816.2201919559,2415.6801948554,2548.4202194208,8506.7006835846
PC (44:3),0.11310975717231374,6.608942466314311,2.54528692664803,0.11062381290939745,0.34823617577925337,896.7 -> 184.1,PC,1114.3400840758,1185.3800849908,1074.8600769041,1118.7000732422,1087.1600685122,1128.6200828547,1091.8400802612,1096.2000808717,1105.4800605773,1072.1600723266,1086.8400802614,1086.4800720214,1093.0000839231,1104.0000839233,1104.9600906374,1072.8000717163,1089.2800712585,1183.7400779723,1084.0200767516
Lyso_PC(3:1),0.1108109740859858,6.789351510706233,2.467620713156151,0.11621372410351251,0.3514709844909076,312.1134 -> 184.1,PC,1402.0801048279,1149.180076599,1252.5000839234,1201.1600723264,1417.5401039121,1244.9400825503,1276.9800910953,1199.8200798035,1225.9800872803,1253.3600959776,1177.3600845339,1196.7000885012,1306.5000991825,1338.0800971985,1083.8800735475,1356.8800926209,1168.6000747677,1375.2000961304,1149.7800750733
SM (d18:0/12:0),0.11022569649461525,6.6380641376779685,2.41997153421838,0.11979710730116416,0.3514709844909076,649.5 -> 184.1,PC,1108.640071869,1080.0200729371,1224.9400787356,1134.1200752258,1107.6200714113,1136.9400825504,1050.3000679017,1193.1000900271,1096.7000808714,1143.9800720214,1093.5400810241,1046.6200752257,1155.4000854493,1254.0801010133,1064.4800758364,1098.7800750731,1075.7800712584,1112.3800849911,1243.2200736995
SM (d18:1/12:0),0.11021572765596477,6.633958815744372,2.418701080911468,0.11989430779362734,0.3514709844909076,647.5 -> 184.1,PC,1166.0200805663,1089.1200828552,1112.0000686645,1076.5400772096,1244.8000831599,1014.8600807192,1138.3200836181,1203.0600852968,1050.840072632,1079.7200737001,1142.94008255,1089.1400718688,1192.0600814817,1112.1200790405,1067.2600746155,1210.2800941471,1020.4400787351,1083.4800834653,1274.8200950624
SM (d18:1/18:0),-0.1067497210421661,9.183552568286252,2.433585076049688,0.11876101156322832,0.3514709844909076,731.6 -> 184.1,PC,7052.5405273401,5571.3803977962,5320.980403899,5727.8204231264,6249.2204742421,6595.1405220065,4959.0203590401,5820.5404396063,5417.6803894038,7591.6405296313,8482.9604415861,7938.5606117218,6722.1403923038,6620.6204185533,7238.8204917938,5127.0603332516,5469.260364531,5593.0803375242,12491.0408744635
Lyso_PC(18:0),-0.10643884766731329,7.520634761054102,2.3418810642307974,0.12593739771490753,0.3641973393377056,524.3638 -> 184.1,PC,1843.4201393115,1849.9201507565,1646.10011673,1829.7801437374,1865.7801513673,2503.9801788319,1733.980110169,1694.8401069648,1987.2201309205,2025.7801475525,1979.7401008616,2743.420181274,2609.2601890566,2008.4201278686,2118.8801422117,1836.5401229849,1907.3401374813,2318.7601394661,3154.5402030936
PC (34:3),-0.10456148403405276,7.663469710049001,2.270798915970019,0.13183192731846471,0.37616043261535265,756.6 -> 184.1,PC,2383.5001564023,1819.460140228,2481.9601745606,2502.4001655587,2157.040138244,1733.1401214605,1887.8201370236,1940.3001213073,1955.580158233,2649.0801696776,2951.3401870727,2534.5401840204,2527.3401794432,2467.4201736449,2431.8001785278,1686.640106202,2146.8001403811,2323.0801849356,3224.5402679439
PCo(34:1),0.10186242041707486,8.41434169637,2.1924408804341624,0.13868937961196015,0.39052009522315095,746.6 -> 184.1,PC,4823.4003486634,3582.160247804,4167.5602684009,3870.6402511594,3457.8403129574,3255.5802650447,3666.9202919004,3372.2602462756,3436.2202568062,4331.0002708429,4449.4002647398,4130.4602699279,3985.3403129594,4141.6402740477,3949.1203117371,2766.2601737973,2999.5802078236,2781.1002044677,6560.4005050659
Lyso_PC(18:4),0.10161689055822866,6.665432404295287,2.060559920962738,0.15115461970790087,0.40536155050643496,516.3012 -> 184.1,PC,1131.140079498,1135.9600868226,1071.2600708008,1064.360080719,1231.5000801086,1135.5000877379,1241.0800895697,1178.540084839,1148.8200836182,1120.8200798031,1153.6600761417,1065.660079956,1176.340084076,1192.7000846868,1167.12008667,1162.6800842285,1163.7800788878,1097.8800773618,1195.5400886536
PC (42:2),0.10230684975606706,6.655857949858869,2.087511240923038,0.14850782872165105,0.40536155050643496,870.7 -> 184.1,PC,1102.4400787351,1160.1800956725,1064.9400634766,1175.6800765989,1177.4400787355,1162.26007843,1143.6000862122,1104.8000793455,1177.9800834657,1234.340084076,1170.7400779731,1083.1400756837,1092.8200798034,1095.3000793455,1089.3400840761,1189.8200836181,1176.9000816346,1099.9400787354,1175.6600875854
PC (42:8),0.10129228356515925,6.583899481441055,2.037801688138573,0.15343124107953846,0.40536155050643496,858.6 -> 184.1,PC,1150.5800781249,1118.3400802612,1077.0600852964,1035.2600746156,1124.9200744625,1063.220085144,1123.5000839232,1036.8800849915,1033.3200645446,1062.8600654601,1032.5200767516,1084.8600730897,1023.6800804137,1132.8800849917,1064.0400733946,1098.0000762938,1169.2800788875,1061.4800758361,1135.1600799561
PC (44:1),0.10281525448956678,6.617043341134963,2.1025424630972847,0.1470544360738058,0.40536155050643496,900.7 -> 184.1,PC,1161.2000808715,1128.1200828549,1082.3400726318,1112.1000785825,1060.8400764467,1110.1600799561,1107.4600677492,1090.2600746156,1082.0800743103,1068.7400741576,1082.7400741574,1120.0600776674,1100.0000724793,1127.1800765991,1129.8000793457,1061.7400779723,1098.8000717163,1104.9000701901,1290.9400863647
PCo(38:6),0.10105375584925143,6.8644082799900366,2.0564809800268717,0.1515598277488931,0.40536155050643496,792.6 -> 184.1,PC,1178.7600860598,1288.8000946038,1326.5200996393,1409.0800971974,1367.980098724,1237.1400871276,1253.680080414,1313.5800857548,1275.2000923153,1160.0800819396,1337.9801025389,1363.9000816334,1373.7000999442,1263.6601028442,1275.3000984193,1285.1600875854,1296.0800857537,1267.9000930788,1812.2601394659
C26:1,0.09580642043441458,12.486326279722133,1.9886178646510189,0.1584854688023345,0.4136084185817022,393.3 -> 393.3,FFA,66889.024543774,64807.3646698091,67413.1448440109,55887.2639693986,59232.6040115184,60286.5843353268,84854.4662246685,75956.3852424605,72073.2047882083,62223.7643165475,63601.2248764001,61417.9841575704,72014.505271893,70403.8650894041,71404.965084023,67469.8247833267,70016.4253616553,67931.4450111068,19580.181320189
C30:0,0.0934123198009922,12.726090829730069,1.8909258586004682,0.1690975309494835,0.41744515673659527,451.4 -> 451.4,FFA,82157.9856033059,81974.3855361903,79164.0458145124,69262.3045997723,72601.4852447204,71715.4053192067,90622.926887516,87655.9668311973,83274.4254646433,70847.4649200336,69563.9653777824,68250.2047042788,85758.5857276982,86046.8461417809,88784.5663261229,83188.8257407829,82518.3059463388,84133.9254722257,18169.7811965941
Lyso_C17 sphingosine-1-phosphocholine,0.09657862916299047,6.729246622170425,1.868389111682026,0.171659690620656,0.41744515673659527,451.3223 -> 184.1,PC,1121.7400741579,1067.0000801086,1278.1200942992,1424.2001037599,1095.9000740051,1122.4800758362,1260.2400856016,1301.3600959779,1154.1200714108,1226.2600822454,1299.5600929261,1150.0600814818,1242.200088501,1216.8400840758,1317.6400833128,1192.8800773622,1101.9400863648,1086.6200714112,1155.9200897217
Lyso_PC(15:1),0.09670469146634719,6.717572813272795,1.87217085986752,0.17122665521095504,0.41744515673659527,480.3012 -> 184.1,PC,1251.5200958252,1338.7200965882,1075.7400894163,1125.5400848391,1051.1000785828,1057.9400749207,1182.080078125,1327.7000999454,1341.500091553,1146.220085144,1082.4600753784,1175.2400856017,1202.9200820923,1271.5600929254,1294.0000877375,1350.2001075751,1074.3000717163,1145.8600845334,1147.4200782776
PC (48:0),0.09759033615949037,6.590439657817924,1.8926412292680637,0.1689043177531465,0.41744515673659527,958.8 -> 184.1,PC,1107.9800796508,1079.7400741577,1079.8400802612,1109.1800804138,1142.440071106,1064.4000816347,1071.0800704956,1080.3200721742,1077.0800743104,1069.9400787355,1152.7000770569,1074.4800834653,1103.8800849913,1085.3800735473,1081.6600837705,1069.3600730895,1092.020080566,1079.6400756836,1096.7200813294
SM (d18:1/26:1)17Z)),0.09881713446384988,6.721574530053765,1.9519762458598988,0.16237405049888465,0.41744515673659527,841.7 -> 184.1,PC,1172.5600852971,1156.9400711058,1116.5000724796,1177.4000778198,1364.2400970457,1061.740070343,1188.9000816344,1185.260074615,1131.6400756838,1273.2400970459,1186.7200737,1313.2400894164,1146.520088196,1114.4800758362,1094.7600746153,1188.2800941467,1105.0400810242,1116.3800735473,1631.9601097123
SM (d18:2/24:1),0.09501780836656487,8.062087163669279,1.8941136345043716,0.1687386731983688,0.41744515673659527,811.7 -> 184.1,PC,2729.160186767,2776.3601646418,3169.9002838129,2930.3002090451,2733.1602058401,2990.8202285775,2975.6401939386,2789.3602218615,3198.5001983646,3840.5603141769,3182.8202514643,3604.2002410894,3315.2802581776,3268.4402427665,2531.0801696767,2141.960151672,1995.7801246657,2484.0001678466,5050.7403602613
PC (42:6),0.09589507602117024,6.635338138307707,1.8312681297255553,0.1759778337418399,0.4184361824528193,862.6 -> 184.1,PC,1072.4800682067,1132.1800842285,1163.1000900266,1071.2200737,1054.8200798034,1170.4200782775,1073.2600822449,1181.560089111,1135.8000755308,1180.5400772095,1062.0800743103,1117.5600738523,1290.6800918579,1158.2600708005,1026.5200767515,1063.8600769043,1143.0600814818,1020.4000740049,1265.7800827023
SM (d18:0/20:0),0.09265745596634481,9.927376083279967,1.8454520670969714,0.17431327370704486,0.4184361824528193,761.6 -> 184.1,PC,12875.5609130833,10681.3606758078,10201.8208007695,10608.2208671476,11924.460781104,10185.2606506333,9396.7606620781,10017.6207275303,9625.5207290737,11483.4407768192,13566.8808517378,12826.5406570344,10933.100715639,11588.2207756012,10408.7607460027,8390.6007423458,8824.0406150768,7866.5406188996,19020.1812019292
PC (44:4),0.09366565824841198,6.618733586084572,1.7466314348905652,0.18630076893013298,0.41966699527419427,894.7 -> 184.1,PC,1094.8600730899,1120.1200790405,1178.2400779722,1083.1200714111,1135.5800819399,1094.0200843811,1064.0000762941,1135.8400802611,1107.520072937,1130.1600875852,1177.6600837707,1076.8200721739,1129.4400863645,1058.7200736997,1062.6000823971,1194.9200820922,1084.8200798034,1121.0200805662,1074.0600814818
PC (46:1),0.09527880948204481,6.59665524372342,1.8042704550492266,0.17919707390136125,0.41966699527419427,928.8 -> 184.1,PC,1093.2200698851,1077.3000793456,1088.640083313,1056.9200859067,1121.8600769042,1091.8600769043,1079.0600776672,1107.1200752259,1103.4600868223,1084.4200782777,1092.4600791929,1111.62008667,1072.4200744628,1058.2200775145,1105.6200828551,1124.680088043,1093.6800804138,1086.200073242,1164.1600761415
PC (46:2),0.0940019823816578,6.608186876120708,1.7577654571542374,0.1849034768529167,0.41966699527419427,926.8 -> 184.1,PC,1088.5600700379,1123.9200782775,1059.7400856017,1119.4000892639,1069.6600799563,1124.3400840758,1143.2200737,1098.4800834656,1089.5600738524,1069.0600700377,1153.9000816344,1123.3000793456,1142.8000907896,1094.920085907,1090.0400733946,1071.4800834657,1118.2200813292,1073.0200843809,1123.5400848387
PC (50:0),0.09493969787989213,6.584705613900312,1.7908730001983073,0.180819832734628,0.41966699527419427,986.9 -> 184.1,PC,1073.9400825501,1076.2200698853,1077.620075226,1054.9400711057,1128.3200798035,1120.4600830076,1077.4200782777,1074.1000709534,1095.9400787353,1107.5000801086,1067.1600723266,1082.1000823973,1082.180065155,1085.7400741578,1084.820083618,1062.5000839233,1079.2800827025,1143.2200775148,1059.4600715638
PC (52:4),0.09433978800556289,6.606377877782112,1.7706671714861821,0.18329953286545878,0.41966699527419427,1006.8 -> 184.1,PC,1124.5800819395,1073.6000671387999,1109.8000793459,1087.680065155,1082.7200851442,1071.7800827027,1143.1000862122,1148.640083313,1095.740093231,1079.6000785826,1074.480075836,1075.2800712586,1175.300086975,1083.4000778195,1062.0800743104,1111.2400741578,1150.8200759888,1137.1000862121,1061.3800621033
PC (40:4),0.09014437249585967,7.055769342486405,1.6520630203881144,0.19867837543450287,0.44288721190607927,838.6 -> 184.1,PC,1598.5001220711,1364.5800933843,1577.1801071172,1575.2001152043,1372.1801109311,1417.7000885017,1514.4401092522,1497.1801033017,1447.2801017762,1390.5600967407,1522.2401161194,1643.5201110836001,1611.4201126105,1357.9600982662,1707.8801383973,1543.560100555,1191.8200836181,1458.8001022342,1865.8201408388
PC (42:1),0.08983607617247351,6.619751958493865,1.6067079469723566,0.20495518138000365,0.4493101999203317,872.7 -> 184.1,PC,1100.9800682067,1059.3600807189,1102.0000762939,1172.6400833124,1079.8600845334,1143.6800765991,1060.360069275,1132.5400848388,1143.0000724792,1099.5600814818,1104.8600730896,1130.3200836177,1063.8000793458,1259.5400848391,1126.9400711059,1086.7200851441,1071.0600776671,1107.0800819396,1100.8600807189
PC (44:7),0.08975253119307577,6.595494456070514,1.6010189064223972,0.20575887659903042,0.4493101999203317,888.6 -> 184.1,PC,1073.4800834656,1061.5600738526,1058.6600685117,1089.2000846862,1126.5600738525,1085.1800651552,1098.5400810241,1131.580078125,1072.0400695799,1076.3000793456,1097.2000808715,1081.08008194,1083.8200798032,1135.940071106,1090.2000808715,1108.4400634764,1105.5400848388,1066.8000755307,1155.9400901793
Lyso_PC(19:1),0.08740588394884188,6.7581037331420974,1.5319985562226375,0.21581274474360548,0.457514358039786,536.3638 -> 184.1,PC,1559.6401100164,1182.8600845335,1194.220088959,1104.0800819397,1220.2000808715,1109.0400810242,1265.5400772095,1138.7200775149,1175.6400833135,1070.7800750734,1232.540088654,1191.1400833134,1154.5000915525,1435.7601165771,1314.3201065063,1226.2400932314,1174.1000938423,1212.9600944518,1345.6800880439
PCo(44:4),0.08766289060260307,6.6385818824436464,1.5312184203149566,0.21592967365429153,0.457514358039786,880.7 -> 184.1,PC,1171.12008667,1171.5200767514,1089.0400733948,1065.9800720215,1196.9200859071,1063.0600814819,1126.5000915526,1074.2400779724,1134.8400726318,1211.0800933843,1080.0400772093,1069.800086975,1109.8400802611,1159.6000709536,1199.2800827025,1174.5800743104,1065.9600715635,1088.6600685121,1181.3400993342
SM (d18:1/26:0),0.08844191503084937,6.615433554943747,1.5551143634538707,0.21238200766046778,0.457514358039786,843.7 -> 184.1,PC,1099.6000785825,1110.2400779725,1083.0800590518,1068.1400794983,1041.4200668332,1083.7400741581,1115.8000717164,1146.3200759887,1084.3000755309,1133.9800796508,1128.4000854488,1077.4400787352,1110.560070038,1065.940071106,1084.7200775147,1039.0200805662,1208.360080719,1037.5000839231,1387.6000938415
PC (40:6),0.08599772822730048,7.078979706404708,1.5059158290333308,0.21976335389813356,0.46107213464902536,834.6 -> 184.1,PC,1351.5001029961,1491.5601119993,1756.9001159667,1685.360126496,1434.6401100167,1777.0801124575,1443.1201133734,1275.9200935365,1447.0601005558,1779.0601196289,1676.2401046752,1695.8201179498,1590.6201133718,1557.9001121522,1598.9000968929,1306.1000938413,1347.8200798039,1251.260089874,1606.3401222238
Lyso_PC(20:0),0.08574491511222894,6.856943992192506,1.4814907432932642,0.22354142727785012,0.4644452955093197,552.3951 -> 184.1,PC,1332.02009964,1344.620101929,1219.6000862126,1153.2000808716,1301.8400993348,1443.020103454,1358.0601043695,1175.5200729372,1356.0800895692,1263.6600914004,1542.9601097096,1288.9600906369,1270.400093078,1208.4200820923,1327.7000999444,1170.1200904845,1474.4601097113,1226.7200889586,1487.4201164254
Lyso_PC(20:1),0.08416534473752525,6.751775739887536,1.420323572784575,0.23335015193198919,0.4801628126292854,550.3794 -> 184.1,PC,1131.4200859071,1282.8800849911,1119.8400764465,1271.9600906378,1347.300086975,1133.8200798034,1323.4400901796,1170.4600753786,1129.7000846862,1275.2000846863,1366.7400894166,1180.9000854494,1180.0400772089,1213.9400825501,1236.1800804136,1134.6200828549,1251.6400871272,1172.4800834655,1257.3800964357
PCo(34:2),0.07937778110393075,7.439555006097396,1.2994535708343733,0.25431305929385023,0.5111756116559446,744.6 -> 184.1,PC,2130.7401466364,1964.1601448059,1810.8801078785,2000.9201240534,1930.1601181024,1820.2201194763,1796.280105592,1977.6801300047,1755.6001091009,2133.500141144,1966.2401504506,2222.6801338183,2233.1401443496,1573.6001090991,1731.5401344288,1828.0401344307,2054.0201301573,1640.6201286311,2849.9401931778
PCo(38:4),0.07993145283925601,7.036581036165223,1.2983294774383793,0.25451858934706295,0.5111756116559446,796.6 -> 184.1,PC,1607.0201148993,1196.8000907897,1421.9800987247,1543.8601188659,1717.7601127616,1439.7001228333,1432.8400917054,1316.6400871275,1535.3200874325,1550.4201164237,1610.1601142878,1598.4401283271,1502.1201019277,1445.1601028441,1458.4200935369,1372.8201026916,1323.4800910947,1513.7000961304,1672.9201049786
SM (d18:1/24:0),-0.07875761703834196,7.9165773379102715,1.292499659390348,0.2555878058279723,0.5111756116559446,815.7 -> 184.1,PC,2465.6801834106,2567.8202133186,2115.1401634212,2212.7601585396,2344.6401710523,2136.0601463302,1948.3801383985,2604.2001686104,2154.9801406875,2675.2801818842,2614.6001548779,2898.9001884452,2512.5001640316,3318.1201972975,2380.1801567084,2365.3001861584,2488.5401763896,1963.240135193,8831.2206382744
Lyso_PC(21:4),0.07893684682517149,6.823906827662634,1.2537351856141825,0.2628402743684889,0.5208131362486724,558.3481 -> 184.1,PC,1467.9600906362,1187.7400817872,1320.3001022333,1358.340114594,1151.9400939941,1253.3000831604,1280.7000923163,1296.0800781252,1106.8400840758,1301.2401008609,1133.9800910951,1361.8001060482,1363.900108337,1246.8600807191,1200.1600799561,1235.3400802616,1403.8201026923,1309.780101776,1397.200115203
Lyso_PC(11:0),-0.07774360467337828,6.925281234155679,1.2224017054611505,0.26888983084074747,0.5279121449533941,426.2542 -> 184.1,PC,1278.2200927738,1171.9000816348,1430.6801033022,1446.380111694,1182.6000785827,1235.9200897221,1200.3400878903,1396.1800994873,1312.840084077,1242.2400741574,1504.9600944515,1215.70009613,1594.8801040641,1621.360126495,1417.2801055904,1462.5800895691,1464.9001083376,1637.2801170348,1370.0200881962
PCo(42:4),0.07748970554625645,6.635303012813011,1.196280855664261,0.27406628449110987,0.5331834989190684,852.7 -> 184.1,PC,1051.920082092,1328.7600975037,1164.7000808715,1031.5000724793,1185.4200859067,1027.7800750731,1095.2600708007,1046.8200721741,1103.5600738525,1193.2800788882,1179.0400733949,1259.9800796513,1095.7800788879,1088.8600769044,1104.8000755314,1079.820072174,1037.9000740052,1136.7200775144,1166.5200843811
C34:0,-0.07209374149769772,11.614827316905034,1.1247304722395484,0.2889021362896359,0.5445224173525609,507.5 -> 507.5,FFA,34340.5024032613,33136.1223640467,31728.2021560662,29711.9020461999,30660.3023262036,31351.7022819526,41189.9630851681,39032.3229942344,40060.3628654467,35971.7426528938,36418.8824958789,35401.5024147037,41355.1429214456,41136.8828315675,41441.1030540423,39457.3027648912,38872.8829002443,39133.8026275734,15378.2811698904
Lyso_PC(13:0),0.07556306291730332,6.821778128859826,1.149050908126548,0.2837479159236685,0.5445224173525609,454.2855 -> 184.1,PC,1219.4000854496,1204.0800781255,1272.1800918577,1058.1800689697,1334.4201011659,1326.9200973513,1398.2601013179,1358.7400932312,1260.4600868226,1302.0001029963,1179.4800796504,1338.0000877382,1342.760101318,1256.1400871278,1424.0801124565,1189.6400833129,1216.4200935361,1350.4600982666,1315.5201034554
Lyso_PC(19:0),0.07506207465997104,6.725714823277567,1.1280816583788287,0.28818489477565035,0.5445224173525609,538.3794 -> 184.1,PC,1227.1400871275,1224.8801002504,1106.4400749208,1228.5600814816,1335.3400917049,1172.2400817872,1120.2000808715,1134.6600723268,1124.8800888058,1186.2600784299,1263.2200965883,1240.1000862122,1150.7000808712,1080.5000724793,1094.9000816343,1256.2800979611,1257.5600776667,1307.5000762934,1244.8400917054
PC (44:8),0.07501629396951837,6.606609639431734,1.119283953026891,0.29007268961771937,0.5445224173525609,886.6 -> 184.1,PC,1131.0400810242,1195.6000862125,1070.3400802612,1085.9800758363,1072.4200668335,1066.5800819396,1054.6000709535,1056.2000770567,1096.7200813291,1115.7000846863,1081.3400802614,1100.3200836181,1075.2600669861,1132.8800773619,1155.6400833134,1060.3000717164,1128.9800872803,1131.5400848389,1149.6200828552
Lyso_Sphinganine-1-phosphocholine,0.07252081507344946,7.03433535101102,1.0698661523288173,0.30097568077402287,0.554237547629022,467.3536 -> 184.1,PC,1859.8001365667,1608.3600997925,1399.400104523,1377.6200942988,1262.9600868227,1274.0800933842,1578.5401306147,1384.600105285,1664.5401267999,1534.8601303098,1201.3400802612,1542.120117189,1408.2000961302,1701.9201126107,1573.6201210013,1435.0401077264,1644.1201210025,1573.5201148982,1178.6400909426
PC (36:2),-0.07026737030464017,9.3695245850076,1.0555068981092433,0.30424219897686966,0.554237547629022,786.6 -> 184.1,PC,8793.1206664991,6999.7605590751,6529.3404922484,5789.0003852835,6645.5004539479,6125.3604354848,5458.7003707888,5029.8203277588,5195.6403350828,8736.0206451345,8608.0405998138,7789.3606109652,7224.0005531265,7162.7605209351,6677.920543668,5775.9804229738,5839.0203742983,5742.7804069517,23948.5619277688
PC (46:0),0.07301148695285883,6.606698610315306,1.0602468217202925,0.3031588974018572,0.554237547629022,930.8 -> 184.1,PC,1125.4800796508,1110.5000801085,1070.2600708008,1085.2800827024,1080.8400764465,1077.5000762938,1076.4800682067,1131.6000823972,1064.7200813292,1063.7800788879,1151.3000793459,1106.1200714113,1071.6800804138,1119.0400657654,1120.7400856019,1145.5000839235,1083.0200767517,1124.2600708008,1156.5200881956
SM (d18:1/20:0),-0.07023482779347624,8.882758232205742,1.0495635799433387,0.3056076197206757,0.554237547629022,759.6 -> 184.1,PC,6245.3004226666,4610.180286407,5114.7403335589,4114.3602371208,5182.1803779588,5133.9604644759,3996.440231324,4724.2603340153,3767.7202644341,6046.3004608166,6713.2605514547,6579.7204780559,5591.4003601089,4937.460361481,5178.2804069518,4619.1203384381,4102.200271606,4410.1802482625,11250.0007553173
C19:0,0.06585491570856328,14.572735863633088,0.9407480260744023,0.3320855427182268,0.5629529696242618,297.3 -> 297.3,FFA,295931.84117127,298325.762084949,299684.881401061,252189.2977295,252157.377517668,263179.419876107,298793.519409154,299497.70158386,297626.720932001,274741.939331069,260776.237991289,270153.419342047,302350.600418082,302975.122222898,302732.002365105,302610.862457269,293811.100677474,300115.801513698,67751.444732647
Lyso_PC(21:0),0.0697414435511472,6.7035345903131756,0.9723162108359502,0.3241032011911722,0.5629529696242618,566.4107 -> 184.1,PC,1161.2200889587,1190.7600936892,1143.2000770574,1219.1601028437,1136.160083771,1200.320083618,1146.3200798035,1072.1200752257,1171.4000816341,1148.2400856014,1195.1600799564,1115.640079498,1161.8200874329,1194.5400886529,1202.8400955205,1248.160087586,1168.0000801083,1210.3400840759,1338.8600997924
Lyso_PC(7:0),0.06972163610654188,6.978787293487482,0.9864945025633318,0.32060066060785164,0.5629529696242618,370.1916 -> 184.1,PC,1381.4800872808,1293.3200912472,1353.7800941476,1265.4800872801,1442.3800964344,1435.9801063533,1623.1601066594,1401.9400978087,1691.3201255801,1365.0201072691,1435.5801010126,1400.3800926208,1435.9001159674,1623.5601119994,1656.5201072686,1226.3000869751,1449.240097045,1539.040096283,1112.2000732422
PC (40:2),0.06821460867701931,6.7086848826002905,0.9284855267130654,0.33525676946205063,0.5629529696242618,842.7 -> 184.1,PC,1126.8000831602,1112.4800796506,1225.7200889587,1155.4800758359,1075.5800704956,1092.8800773621,1106.7600784301,1164.3400764463,1133.5800857544,1099.0800666809,1225.6400794983,1090.2200737,1181.9800758362,1247.320091247,1236.8000831604,1066.5400733946,1041.4200744629,1216.4800796512,1965.1601486205
PC (44:12),0.07036030322148083,6.654813276748577,0.9876449146019901,0.3203186599352639,0.5629529696242618,878.6 -> 184.1,PC,1141.1000938416,1091.2000808717,1098.0400733948,1148.7800750732,1089.8200798032,1228.7201004025,1118.9000701905,1068.320072174,1196.8600845336,1071.2000770566,1135.3400878907,1232.8800926209,1086.4200706482,1278.6600952143,1094.6000823974,1154.6000823978,1143.0200767518,1177.4000663755,1109.660079956
PC (48:2),0.07093755915524104,6.609405118777906,1.001215564296937,0.3170165555482651,0.5629529696242618,954.8 -> 184.1,PC,1130.6000785826,1108.1000671387999,1075.2600784301,1060.3000831605,1083.7200775146,1088.8600692748,1075.8200798034,1117.2400817872,1116.1800842285,1069.5800819395,1113.6600723265,1226.1200942993,1057.7000885007,1082.6600761413,1220.7400856027,1096.0800704956,1101.8200721742,1065.4800834654,1111.8800811767
PC (52:0),0.06951216838871026,6.5270358110939375,0.9565440064327826,0.32805915156014265,0.5629529696242618,1014.9 -> 184.1,PC,1080.5400695802,1017.9200668334,1047.6400756835,1036.2400741576,1022.4200706483,1012.9200706482,1020.3000717163,1016.1400680541,1030.7000808715,1033.6600685118,1046.5800743104,1021.5200767518,1098.2400856017,1025.4200668335,1076.2000770568,1031.0800743103,1050.6800727847,1079.2200660707001,1088.6200675965
PCo(38:5),0.06863260160029833,6.937829839140638,0.9532156326705383,0.3289021341394791,0.5629529696242618,794.6 -> 184.1,PC,1265.5000953675,1421.2801055907,1319.1200904842,1252.6200904848,1374.1400947572,1467.8601036064,1299.8601036071,1367.8200950621,1572.4401206961,1480.9201164252,1419.9401016231,1485.06010437,1337.5600814817,1180.0000801084,1497.8801155086,1223.4200782781,1467.1001052849,1496.0401039125,1447.9601135259
PCo(40:5),0.0674444215218872,6.994497952387652,0.9228814501847964,0.3367195332332033,0.5629529696242618,822.6 -> 184.1,PC,1239.5600776674,1361.0200920103,1377.1201019279,1565.5401077271,1285.3400878901,1398.3600921636,1648.440120697,1298.8800811771,1647.5601272586,1302.7600975029,1531.4601135247,1459.3400955201,1332.100078583,1590.7601051323,1765.3601074217,1336.2000961295,1192.9600944519,1589.0801048268,1533.1401023864
SM (d18:0/26:0),0.06856642872953125,6.742875352145212,0.9424843335944288,0.33163975254684297,0.5629529696242618,845.7 -> 184.1,PC,1192.4800834656,1301.3600845335,1187.9000854495,1098.800075531,1221.9000930792,1146.4400863645,1185.7400856019,1283.2400894161,1208.2400856016,1094.1000747682,1170.2200736995,1276.9000892637,1352.2800979612,1367.7200965882,1274.5000877381,1082.0800857544,1209.900081634,1213.4400825505,1175.8600730891
PC (44:2),0.0673198175333908,6.619528062001012,0.902073408090466,0.34222636199519496,0.5677243524571451,898.7 -> 184.1,PC,1081.9000778195,1120.0800743102,1202.1600914,1091.2800865174,1079.8000793455,1061.6400756837,1080.8800811766,1107.2400741577,1067.5000724793,1078.580078125,1108.1400756834,1161.3200759888,1056.3400726319,1104.0200805665,1122.3200912473,1209.620082855,1165.8800773619,1090.0800743103,1157.5800895688
C20:5,-0.06122201526101052,11.441633649582062,0.8108013890044106,0.36788342583236855,0.5831633565046435,301.3 -> 301.3,FFA,30750.2421989399,29937.6821365347,29152.0421028119,28052.3621482845,30067.3621597309,30090.1420478821,32574.9822654669,31606.9023742703,31434.7022285442,33859.7823524396,33908.2222900371,34124.0425262477,34197.842239387,34654.1025009207,34835.2425117474,32318.8222045874,34211.162502291,33080.2622413607,20526.2014312782
PC (38:1),-0.06351626605976468,7.296521089141037,0.8257105386968284,0.36351581136620725,0.5831633565046435,816.6 -> 184.1,PC,1662.820121765,1568.9201164246,1466.3601036074,1808.6601142875,1654.3401260376,1351.760105133,1640.8401184075,1522.960098267,1495.2200889594,1739.6001319875,2320.100196838,1758.6601181016,2030.9201698311,1560.0201110845,2049.6201400737,1354.2000885011,1576.040122986,1461.9400939943,4048.800292968
PC (40:1),0.06526216360693739,6.661035043605079,0.8487064151425336,0.3569185443735341,0.5831633565046435,844.7 -> 184.1,PC,1238.3000831602,1113.7200813292,1175.4000892639,1119.5600662234,1154.8400802613,1043.8400726319,1032.960071564,1049.560070038,1089.4400749207,1182.6600761419,1064.6200790405,1166.7800827022,1208.5400848386,1074.6000671385,1136.9200706483,1168.2200851441,1058.0000801087,1179.9000854497,1537.4201049805
PC (42:9),0.06489223393950358,6.583496286490397,0.8363087812013639,0.36045459965551074,0.5831633565046435,856.6 -> 184.1,PC,1075.6800765988,1044.5600624085,1093.5200767517,1100.1200866695,1025.6800727841,1023.8000679017,1085.94008255,1032.2400779721,1139.9000778195,1065.4800796509,1157.0600776676,1152.9800910951,1056.0400810243,1203.1200790405,1029.0400772092,1055.8400688171,1070.2000846861,1048.0000801082,1175.1800880432
PC (44:0),0.06454475107665418,6.616512619443581,0.8291593679338609,0.3625157191931242,0.5831633565046435,902.8 -> 184.1,PC,1098.9000701905,1095.8000831603,1066.2400741579,1078.6600799559,1083.4000778197,1182.4600830084,1068.2200736999,1083.3600769044,1112.5400810239,1111.6800880431001,1100.5200805664,1142.2000885012,1211.0000915524,1078.7000846861,1140.0600738521,1118.2800827026,1094.8800811765,1098.9200820924,1137.26007843
SM (d18:0/14:0),-0.06373402255091377,6.899326002679543,0.8197753254387532,0.3652458635750938,0.5831633565046435,677.6 -> 184.1,PC,1349.5401039122,1234.4600944518,1181.080101013,1186.2600936889,1301.880092621,1253.5800819392,1406.6600914003,1169.5800743106,1262.680095673,1468.5801048277,1355.9000892637,1406.780109405,1534.9200935369,1467.7001075743,1572.6401023868,1107.2600746154,1270.9000854498,1500.000114441,1732.1401100164
C18:3,0.0601020606264492,10.636682887793716,0.7796090547208934,0.37726073141201455,0.5892977848333658,277.3 -> 277.3,FFA,19927.9814567547,18179.5612716674,17744.3411941546,17766.8412780715,17384.1611862168,17228.5212326027,19042.981384278,19372.7414283762,16955.1812133789,17841.0812873831,16979.8612403877,18146.3013000506,19341.2413673409,20125.4014778111,19846.3814201345,19108.7813606248,17206.0012092573,19143.1013641344,11279.7807998686
PC (42:10),0.06261441500222469,6.6092131550849045,0.7796524700921745,0.37724744785351305,0.5892977848333658,854.6 -> 184.1,PC,1130.6000785824,1075.7000808713,1064.1800727843,1066.9200630188,1065.3400802613,1081.8400650024,1056.9400749207,1150.7400779728,1073.3000679017,1203.4200744626,1042.7600631715,1061.5400848388,1065.6800689698,1111.3200836182,1144.2400779726,1123.6400833128,1054.7600669863,1192.1200904846,1247.7000961304
PC (40:10),0.061181412297958176,6.67437523371966,0.7473192014927021,0.3873263169717997,0.600636462550472,826.5 -> 184.1,PC,1167.9800949095,1238.6200866702,1098.720081329,1101.9000778197,1117.9000701903,1118.2200775145,1079.3600730895,1179.4200897216,1140.4400749208,1178.6600914,1307.3000907897,1067.0000724792,1121.340084076,1150.1600723266,1185.9000854497,1178.6000862122,1134.1200790404,1177.2800865175,1235.7000961304
PC (32:5),0.060618493006925095,6.775792641477784,0.7376514696565941,0.3904142362701148,0.6010693997252127,724.5 -> 184.1,PC,1192.9800949095,1097.6000785827,1243.1600875854,1209.9800872803,1192.5200805666,1122.3600769042,1251.2000885007,1315.7800903324,1369.3400917053,1211.0800743107,1050.5600776672,1189.6400947569,1247.320098877,1266.8601036071,1295.0800933832,1486.5401229857,1197.8600883482,1320.6800994872,1323.16009903
C24:5,0.05634488016322083,13.51387620719613,0.6884186119864353,0.4067027907640101,0.6174958149398313,353.3 -> 353.3,FFA,143394.389343254,137326.529518125,133283.069801346,125518.548355107,124617.529411325,121112.048431412,153128.070884706,148712.71026609,139404.489501954,132069.549697858,124342.929428093,120137.388748161,157452.150794955,155235.030700705,146365.330337551,141145.710140193,141347.309875492,141713.970306421,27545.1619339023
PC (36:6),0.058770143997134115,6.644337230509112,0.6879729303148912,0.40685471918932814,0.6174958149398313,778.5 -> 184.1,PC,1013.7000732423,1081.1200790405,1191.6000862121,1157.9600677489,1114.8800811767,1095.6200828553,1050.3400726319,1144.8200836181,1092.2800788875,1084.1400718689,1190.1400833134,1088.380077362,1147.3200759886,1163.2800865168,1052.660079956,1132.2600936892,1196.1800842286,1159.0000801085,1371.6601104736
SM (d18:1/18:1)9Z)),-0.05678513539601984,7.666872833584759,0.6702854537245457,0.41295210258823484,0.622336267280861,729.6 -> 184.1,PC,2246.5001335142,1945.7601394652,2062.800151825,2049.160167695,2257.3001785294,2218.7001571655,2103.300144195,2290.960170746,2307.1801414495,2886.0001945493,2588.1801681534,2824.44017792,2428.6801795962,2059.4201583868,2487.6801757825,2165.4401626584,2054.1001663202,2176.0401535045,2693.7602157585
Lyso_Sphingosine-1-phosphocholine,0.05668248693672574,6.764149565294096,0.6442720918273483,0.42216803141255055,0.6230617842916264,465.3379 -> 184.1,PC,1155.960090637,1127.8000831606,1053.9200706482,1224.8400955202,1325.6401062008,1147.8800811765,1223.7200965876,1176.9600715632,1382.5200881951,1193.7400856021,1235.1400947576,1210.1800918574,1140.5800781248,1169.0600891118,1233.1600990294,1263.1200866705,1173.5600967406,1504.7601165777,1459.2001075741
PC (34:6),0.057294400936535,6.630320641596999,0.6533944006295909,0.41890170067101967,0.6230617842916264,750.5 -> 184.1,PC,1140.9400825499,1091.1000823975,1086.840084076,1180.3400840757,1118.3800697327,1028.0000762938,1043.4400672913,1103.2400856012,1060.6000823975,1156.4800834657,1105.0000724789,1078.6600761414,1124.3400917054,1146.4600906371,1137.0600814819,1122.2200660705,1081.9400672918,1178.2000732428,1342.5800895687
PC (40:7),0.05708374662412739,6.699830629396648,0.6511001388084807,0.4197196256635078,0.6230617842916264,832.6 -> 184.1,PC,1191.9000968929,1223.4600830077,1152.6000785825,1109.2600860594,1082.5200767514,1098.7200851441,1207.6600913998,1145.2600784304,1124.3000793455,1168.2200737001,1186.7400970458,1382.6800994877,1064.920070648,1196.200092316,1196.8600959775,1103.1600914007,1143.5600776672,1178.2200737001,1431.160095215
C18:1,-0.05297672683706884,13.137399221243877,0.6084454734073006,0.43537371792750457,0.6247732439309625,281.3 -> 281.3,FFA,112253.888351429,99280.9068756333,93560.126136783,93202.3259582368,93557.5264587277,92620.2264480346,113314.548332184,108328.467544574,101094.387382531,113441.56808474,105922.94797515,97924.586822522,118841.168022181,116855.048336037,117175.20861054,112374.608390793,110282.547431907,112267.087894424,27126.7419319159
Lyso_PC(10:0),0.05523420637278536,6.948852387020894,0.617768194295806,0.43187784992626965,0.6247732439309625,412.2386 -> 184.1,PC,1496.7200965875,1128.8800888062,1185.6600952149,1301.7800941465,1233.1400833127,1530.5200996401,1668.1801223756,1342.6001052861,1521.5401191708,1379.7201080327,1522.0600852975,1493.7401123043,1526.960121155,1444.4601020811,1249.2400970458,1281.6000862119,1587.8201293937,1266.140083313,1438.1001014708
Lyso_PC(22:0),0.05394429330693643,7.146259792292521,0.5940827527001602,0.44084467211951095,0.6247732439309625,580.4264 -> 184.1,PC,1356.0000953671,1658.8801155091,1475.4001197822,1377.4000930791,1700.0001182546,1928.0201416006,1661.9001197826,1381.9400978081,1559.1801109306,1553.0801124573,1505.8601074215,1637.3201179495,1610.8401107769,1985.4201431278,1615.660118103,1768.9801330566,1329.7600860595,1541.3401031483,1851.7201271059
PC (42:0),0.054746854235599086,6.628759915287252,0.5967198289100311,0.43983230386900524,0.6247732439309625,874.7 -> 184.1,PC,1075.8000793456,1109.9800834654,1071.9000816347,1126.5400848388,1088.0800743104,1070.1600799559,1096.620082855,1115.4400787352,1118.2600822448,1081.1200752257,1161.3400917048,1161.4400787354,1081.0400772093,1115.76007843,1171.9800872801,1129.5800819394,1119.1600723266,1144.7600708009,1257.8400917051
PCo(42:6),0.05447574440466269,6.950415417376522,0.6011518551745745,0.43813887833967735,0.6247732439309625,848.6 -> 184.1,PC,1336.4200973502,1301.9600830082,1575.0801048289,1164.7200813295,1325.5401000976,1432.9600982662,1520.2401161196,1429.6201095576,1382.1201057438,1364.1200904845,1369.4201049803,1443.2801055904,1353.3400993341,1441.0801162723,1691.2801284794,1456.6001205449,1336.7000999446,1383.3200912483,1308.8400802607
SM (d18:2/18:1),0.05541342876538895,6.71967835571582,0.6145533601679589,0.43307852243396916,0.6247732439309625,727.6 -> 184.1,PC,1165.6200828556,1238.0401000982,1179.3400840759,1154.0000915525,1189.8400917058,1117.2400779725,1182.2800827026,1182.7800865172,1136.5800819396,1288.3400878902,1172.6400833128,1182.3800926209,1243.4600868225,1109.4000816345,1150.5000801089,1264.1400909423,1243.9800949096,1194.5200881959,1281.7000923161
PCo(40:4),0.05241765182231611,6.8251584321774255,0.5528353540952793,0.4571614787922358,0.6436352398785425,824.6 -> 184.1,PC,1342.1600952147,1325.1800918582,1318.7600784294,1331.5801048278,1280.8000984194,1266.3400955199,1232.0800781254,1130.4800758366,1073.0400772095,1166.4000778193,1390.280094147,1443.0400886542,1257.5000762933,1268.7000846864,1374.5000877378,1287.9200935363,1218.6600875852,1256.2200927738,1438.5000877385
PC (32:3),-0.05104873826112216,7.331266923922385,0.5361057793556476,0.4640511137834118,0.6490649565336609,728.5 -> 184.1,PC,1827.2801284796,1612.6001243591,2108.5401535043,1700.2801094048,2023.5801391599,1538.30009842,1872.8401374814,1720.8401184092,1223.5000915528,2135.7201423645,1818.1801261901,1986.6401557931,1931.7801437363,2063.240127563,2110.900157928,1685.2801132203,1610.460132599,1988.240161896,1750.7001152051
Lyso_PC(14:1),0.050588292115955474,7.1811900123157315,0.5237332612679779,0.4692535090702813,0.6519480043257369,466.2855 -> 184.1,PC,1489.42009735,1752.5401306149,1854.7401313777,1580.8000946039,1549.6001167307,1564.3400993346,1536.8801002513,1610.9401283271,1753.7801208491,1755.0001068108,2108.9001579292,1636.7001266483,1611.2401161192,1574.5200996397,1503.8000946044,1799.9001235965,1809.9401435852,1374.1800918578,1330.6001091004
Lyso_PC(17:2),0.050365652432397684,6.786076473104492,0.5097391075492688,0.475251816237453,0.6519480043257369,506.3168 -> 184.1,PC,1334.3600921638,1127.1000785829,1183.3600921629,1236.2400856018,1092.0400733948,1153.8200912474,1394.2201004037,1299.3000946047,1286.3400917056,1435.8801002506,1179.4600753783,1140.7400703434,1193.0400962827,1098.1000785828,1355.6800956732,1403.64011383,1232.6600990291,1414.9001235961,1191.9600868227
PCo(40:6),0.049712884082510754,7.839122381258543,0.5167921727758937,0.472213266727209,0.6519480043257369,820.6 -> 184.1,PC,2981.4802055359,2412.3601875324,2406.3001518243,2220.3401527406,2232.7801818856,2826.3002090446,2951.9601707454,2823.9002075192,2659.1801948556,2181.3601570121,2416.1601791384,2674.6002006538,2348.5201873782,2702.3402023325,3518.9802627559,2953.3602180472,2547.340156554,2921.0802345282,1488.8201065067
C22:4,0.04731778892265385,11.406826303169153,0.4843150747472862,0.4864742390321355,0.6630922748590891,331.3 -> 331.3,FFA,31706.8022155704,30817.0022964422,29883.8221282941,28633.3219375632,28337.9620094278,30242.1421661377,32805.0423965465,32849.6821899402,31782.9023513757,30973.3621139518,31310.502128602,29800.5220947234,32492.9021911571,30977.3021621699,31522.6820220941,34255.2423210183,31997.6624183651,33097.2223968548,20940.6414222699
PC (44:6),0.044337792794636205,6.624754287899504,0.39155308907291086,0.5314841599822507,0.7155136209479159,890.7 -> 184.1,PC,1142.2600784302,1152.4000816346,1054.7200737,1078.5200653076,1067.9200782776,1136.7600822448,1082.6400794982,1102.4200782775,1072.320072174,1171.300086975,1091.0400848386,1083.0600738525,1091.8200721743,1095.5600891112001,1095.0200767519,1103.6600761414,1227.9000854489,1295.0200996393,1079.8000717161
PCo(34:4),0.04430537204306623,6.6521377241149215,0.3912941339592457,0.5316199333211151,0.7155136209479159,740.6 -> 184.1,PC,1027.2000732423,1156.9400711063,1137.0400810246,1332.5200920101,1045.3800582889,1033.9600715639,1083.6000823975,1020.2600708006,1143.5000915528,1318.7601013185,1065.7000846862,1119.6400794985,1269.5200843809,1161.2200736994,1151.4400939938,1196.8000869748,1025.520072937,1054.4200782776,1298.9200935361
C18:2,-0.04194548453621183,11.213359151309026,0.380421374612645,0.5373778100441629,0.7187428209340677,279.3 -> 279.3,FFA,27692.2619590729,26566.5019111638,26035.1417465268,25331.1618385304,24404.3416938816,26033.40193939,27937.9220123274,26992.7419662495,25685.5217666594,30830.442100531,27684.3219718975,27887.2419433557,27719.6820907641,26607.1618957447,25450.8018493659,33122.7422790515,31769.2221527066,29135.7821083054,14117.1009483347
PC (30:2),-0.04186341621680116,7.505134204268428,0.3626800672449271,0.5470215492583191,0.7226087132177796,702.5 -> 184.1,PC,2161.2601470948,2192.5401573167,1859.52014923,1921.540161133,2213.5601615907,1884.4201164239,1945.0001487743,1645.9601211554,1850.9201202393,2322.8601455695,2467.720161439,2286.5801658638,2041.6001548771,2391.0401802074,2476.3001289369,1787.6801261909,1781.5801353461,1933.3201293939,1994.9601326001
SM (d18:0/24:0),0.042441048131750626,6.934222861330641,0.3636543749361607,0.5464836607810557,0.7226087132177796,817.7 -> 184.1,PC,1444.9400939941,1375.4800872805,1245.8600921638,1178.1200790405,1347.3400802605,1334.5800971994,1182.8600769043,1453.5801048276,1256.0800895687,1345.3601036071,1466.7601165775,1397.1800918581,1519.3801078792,1197.7800750733,1264.7000961303,1428.5200958252,1334.8800926211,1309.7200889588,2306.9801673888
C20:4,0.03932106336920956,10.891312168268245,0.33400034634193787,0.5633129797449367,0.7395642801559291,303.3 -> 303.3,FFA,21353.4415168751,21944.7416954014,21986.801509859,20570.8214035033,20144.3013420112,20969.0214653012,21590.3214530936,22578.2616386401,22636.441616055,23287.6816101054,22444.601570128,22336.6416091916,21956.5616264317,23270.6016807554,22692.4815063471,21223.0615272546,21849.9015769987,22581.921524045,13304.8209495521
SM (d16:1/22:1),0.03960060779184275,7.426821259398777,0.32336755111061066,0.5695908636974755,0.7410468603926937,757.6 -> 184.1,PC,2124.6401443481,1809.7201156604,1969.6801376343,2128.3401412962,2078.1601486199,1740.9401245114,1518.5200996401,1626.9601173397,1856.160133361,2141.3601531985,1903.2001075748,2184.4601783771,2135.1801490774,2030.660163879,1824.1801300052,1778.4601440424,1581.4600982669,1983.1401557922,2675.6801986686
SM (d18:1/14:0),-0.0396996546922491,7.0793145342971275,0.3203990879646774,0.5713679063775443,0.7410468603926937,675.5 -> 184.1,PC,1326.1800880436,1486.3801002501,1260.0400886529,1461.360095978,1339.70009613,1509.220108031,1632.5801124586,1412.220108033,1326.5400886539,1339.1200981143,1983.0801544176,1680.960105897,1287.6600952147,1666.8201179503,1561.3201065057,1235.6600952143,1854.2801437372,1411.7200965883,2427.7601699828
Lyso_PC(22:6),0.03928064501033925,6.755648587270452,0.3092867970713229,0.5781181652109882,0.7452848635852499,568.3325 -> 184.1,PC,1200.5400848387,1182.1400718689,1234.1600761413,1180.9200820923,1082.4400787352,1176.1200828552,1174.300086975,1187.3000831604,1278.7800827023,1372.3000907899,1113.6000938414,1254.6600837703,1281.7000885013,1391.3400955199,1142.3600845337,1235.3200874328,1219.1200828553,1121.6200790406,1440.7400932321
SM (d16:1/18:1),0.03832946914692895,7.247008929083327,0.3009499247412677,0.5832875152784397,0.7474462770633898,701.6 -> 184.1,PC,1886.7401618953,1722.8001136774,1818.4401092535,1679.8801231383,1775.9401168824,1417.9401092534,1777.7401313786,1480.0001106263,1320.920093536,1712.9601020832,1938.2601356512,1988.9401397715,1702.4001350405,1909.0601577748,1552.3600921624,1442.6200904854,1721.5401382452,1527.8001022341,2382.4401588444
PC (32:4),0.03822543509048959,6.655299740737877,0.29145920650239354,0.5892869504001754,0.7506393296764139,726.5 -> 184.1,PC,1075.9400787352,1134.5800857546,1185.4000816341,1072.2200698852,1085.4200744628,1116.3200759886,1175.8600807186,1112.2600860598,1088.6200828551,1159.1200828556,1062.9000854491,1135.8800849914,1240.3000907898,1142.4600791927,1077.4800682071,1264.2200965888,1186.840084076,1190.2400894167,1178.9600753785
Lyso_PC(24:0),0.03601713832996803,6.720927416647381,0.2593708491786888,0.6105527195899356,0.7685615764808142,608.4577 -> 184.1,PC,1093.2400817869,1193.6800880434,1104.2800674439,1076.5800743103,1192.0200881959,1083.2600822447,1227.8800888056,1156.1000900267,1214.3600921631,1191.3200912479,1167.2200736999,1170.520080566,1148.5200805663,1262.4200820926,1169.1600799559,1342.5801010127,1056.6600723268,1275.4200935363,1608.9201240539
PC (42:5),0.03587018471513153,6.8723575647733846,0.259679163817097,0.6103406592323971,0.7685615764808142,864.6 -> 184.1,PC,1379.4401016236,1502.4401245121,1236.5600967407,1174.3200874329,1195.9400825498,1369.5400924681,1348.4400825498,1340.5001029963,1183.1000823973,1554.7801170349,1521.1201133721,1351.1401023854,1242.8600883484,1253.7400932313,1463.6401138304,1232.0600852966,1302.6600913997,1314.3801002499,1250.2800865176
SM (d18:2/20:1),0.03558108354624807,6.773969936441744,0.2542030894728988,0.6141309793374731,0.7685615764808142,755.6 -> 184.1,PC,1386.0800971987,1171.7400817874,1150.860080719,1115.2400779729,1147.6000823975,1294.3800849914,1211.3600845339,1185.2800903314,1264.5000839232,1269.2200927737,1526.6801071178,1386.5200958248,1452.1600952159,1240.1800880432,1171.8600845341,1095.9800834654,1107.7800827027,1148.1600837709,1233.0800857543
Lyso_PC(22:2),0.03397535540508341,6.745719944927405,0.23139281669010714,0.6304929936169763,0.7701149496454026,576.3951 -> 184.1,PC,1268.1400909422,1205.3000946046,1113.4800758361,1235.6200866707,1061.7800712584,1189.3800811766,1212.1200714113,1063.8200759888,1335.6600990288,1097.300075531,1086.4200782775,1387.5400848387,1357.4601020807,1206.4200935364,1174.2600936884,1232.2200851445,1289.7600898739,1323.3001098629,1251.6400833125
PC (34:1),0.03244532937347407,11.152578432528417,0.22752438544667086,0.6333655660635087,0.7701149496454026,760.6 -> 184.1,PC,30929.861907959,27544.3017845186,22509.0017700045,22280.521690365,24215.0616760342,24461.1015815834,19967.1012382607,24549.6615447913,21445.0613784852,30973.782451638,28954.8821525591,32320.3222579894,25845.3219680783,26292.0819549552,24914.8415908846,18831.5816841051,21431.1218414306,18393.1012382601,46707.243446354
PC (34:2),-0.03365765877141538,9.600596458591513,0.24290895497178155,0.6221129636452536,0.7701149496454026,758.6 -> 184.1,PC,9023.8005485431,8555.7806930514,7939.9606666525,9064.5806999157,8522.2606925943,7151.5004234325,6910.720443727,7212.9206047043,7137.1005935664,10673.5606651259,9561.4007186862,10340.4206810016,8842.500701903,9165.7006568849,9424.8008079574,6965.7005195592,6444.5403289769,7027.5405311585,18247.5612678524
PCp(40:6),0.03468020942586973,6.773876374522345,0.24101530412279182,0.6234737684887668,0.7701149496454026,818.6 -> 184.1,PC,1112.9600791929,1239.0800819397,1101.3600730895,1231.3200874328,1144.7000732423,1313.5401000984,1248.6400909426,1118.0400848388,1127.8400726317,1186.5000762935,1233.1200828556,1308.6400947575,1215.6000785823,1274.3600807193,1221.7000923159,1303.1400947572,1274.8000869751,1093.0400772094,1836.9801177975
SM (d18:1/24:1)15Z)),0.033018759470303874,8.894144588240314,0.23182146336958454,0.6301765176315746,0.7701149496454026,813.7 -> 184.1,PC,5613.3604774482,4846.5203094483,4830.6603431708,4524.3203392037,4239.7002601618,5084.2403793326,4365.6403160103,5011.7803535459,4325.5602760316,6173.1604080202,5666.9003524771,5666.560394287,4475.100357055,6202.5404815688,5105.1803512583,4231.3402023324,3845.3003273015,3457.7202682496,15759.3212776419
PC (34:4),0.03262426037745552,6.981141192769045,0.21584605750446428,0.6422234071565008,0.7764734979180292,754.5 -> 184.1,PC,1243.900089264,1189.5000877378,1149.8800849914,1690.9401206981,1290.8000793461,1738.6601295469,1403.4400978089,1328.6400833131,1537.3801078799,1270.2801017762,1366.6400909413,1357.4400825501,1996.5801582338,1448.4001121514,1481.8401222237,1615.2201156606,1346.9001083378,1279.7600975042,1440.2400932316
PC (40:0),-0.030290991536810998,8.264559694343795,0.19371242013315282,0.6598445977771208,0.7932963141814823,846.7 -> 184.1,PC,4034.0203056335,3591.600265502,3471.0202178956,2897.6002235419,3314.8402175905,3393.6402549745,3113.580207826,3853.1202964791,3275.0402221681,3203.0602340698,3270.340255737,3776.8202514647,4192.9802856445,4477.6803169243,5007.8203582767,3162.3802375784,3215.0402412408,3505.7002639774,1443.9400939939
PC (32:1),-0.02903854195737424,10.784294464166068,0.18205416492503446,0.6696138346363425,0.80054391403451,732.6 -> 184.1,PC,21547.501541138,19399.861083978,19345.2212371815,18560.5215110787,18902.2213897711,18370.3812446684,18142.9010391156,17486.5010490464,16115.7011909526,25152.7015762369,25246.2214241042,24702.8613967835,21612.4813957248,20968.2413749878,18795.9013862421,15247.7211265531,15297.8010826124,16337.5013160723,30069.9421653802
C22:6,-0.027509691558945924,12.342125466704875,0.16395703718035293,0.6855391933403464,0.8150299298601896,327.3 -> 327.3,FFA,59872.7042999344,55496.1639556844,54003.4640197942,54474.1436233501,55381.964065553,51093.923721311,66012.304656961,64290.564613357,60028.204071033,61810.824798556,57481.744125362,59191.564224236,67643.9648513777,62981.724311821,60656.3644409217,65661.1450271616,63952.284439087,67103.0045242417,31051.162117009
Lyso_PC(18:2),0.027119583592836005,6.978378523131221,0.14911498787873967,0.6993825461638699,0.8268942810998241,520.3325 -> 184.1,PC,1360.5601043707,1556.0800971981,1138.4800720213,1355.8400917061,1249.6000938418,1096.4800872803,1624.2601165772,1700.1801261907,1440.4000816346,1350.2801017762,1190.7200775147,1432.4601020812,1612.7401123055,1486.9401016234,1545.0801086423,1589.1201095591,1406.4401054392,1500.6800994877,1539.0000991827
PC (44:10),0.025592705436907746,6.742432851973091,0.1313195043375215,0.7170678356571725,0.8431456968716204,882.6 -> 184.1,PC,1103.7200698852,1218.8200836177,1187.6000823976,1162.5400848388,1109.8200836181,1197.7400856019,1158.4400787355,1320.2000885009,1216.4000930786,1202.40007782,1151.8000831603,1113.260070801,1324.4200897217,1391.8201026916,1179.7200775146,1229.2800941466,1353.7400970456,1268.8200988769,1145.7400817868
SM (d18:0/22:0),0.02444543938433535,7.935010561611699,0.12489985431097494,0.7237797896062649,0.8463872949494026,789.7 -> 184.1,PC,3365.3002166731,2447.7401924149,2361.4801712044,2557.9001998895,2351.2601928702,2152.9801445007,2473.4601631177,2575.7801856998,2688.1001625061,2476.2601737984,3360.1802635196,2918.4602012636,2463.2601585392,3258.0602455153,2916.5601997378,2178.0201530461,2209.580162049,2365.7801780697,5912.8204383852
PC (32:0),0.021738635564979306,9.861052587334058,0.10154271419655458,0.7499861126967654,0.8694678502923819,734.6 -> 184.1,PC,12245.1008758608,9239.6406097466,9153.9805450416,9914.2207260116,11000.4808235241,9920.1608428895,8800.9606742768,8200.4404983481,9821.0807342565,11776.7209320147,12215.5208320693,13319.9012107852,9625.5207786549,11011.4808502157,10326.3808364892,8166.0805854879,8544.7805290309,8121.4406166008,19829.7414550925
PCo(34:0),0.022160377518024185,7.178760644285747,0.10015578352520826,0.7516427677761246,0.8694678502923819,748.6 -> 184.1,PC,1595.340126039,1571.6601333614,1605.5601196289,1491.5401115411,1533.2201118468,1233.8200950623,1572.8000831608001,1483.5201034552,1633.8601074228,1705.8601379387,1736.1001205437,1894.4601402273,1653.2001380928,1529.9001083373,1533.240097047,1492.080108642,1452.500106812,1444.3801116941,3159.2202148442
Lyso_PC(18:3),0.02164551415230979,6.762211286541252,0.09400138066019537,0.7591505591749432,0.8734252319506219,518.3168 -> 184.1,PC,1155.6800765991,1137.4400787353,1290.5400924685,1187.0200843805,1240.3200836178,1179.2800865174,1230.7600898747,1217.1800689696,1120.300079346,1422.6400985723,1185.7600975041,1235.4400863647,1181.3200912475,1240.4200706482,1139.1600913999,1195.6400756838,1301.7400932315,1432.1200981135,1267.1400909421
PCp(42:4),0.021352973030368455,6.617736380430029,0.09074930554353244,0.7632267213774127,0.8734252319506219,850.7 -> 184.1,PC,1077.4200706479,1100.2000808717,1041.460079193,1164.9800720213,1029.7200698853,1043.7000808713,1148.6000785829,1107.3400802613,1009.2800788882,1084.9200782776,1196.6200866698,1110.0400695804,1261.4000892641,1182.6200828549,1120.7000923156,1143.5200729368,1045.1000709534,1101.4800720214,1170.1000900268
Lyso_PC(2:0),0.019947804923665102,6.935574190438443,0.08053489961021043,0.7765738360521396,0.883972345293393,300.1134 -> 184.1,PC,1154.0400924682,1340.0000991824,1182.9400825499,1316.2600975043,1354.3800926205,1384.960102081,1539.5800971987,1633.2601203919,1251.3400955206,1271.9800910953,1523.24011612,1368.960090637,1496.8400993344,1541.6201095574,1360.3400878902,1566.2401123039,1357.5400886534,1328.5200805671,1384.0801010132
C28:0,-0.018861196706343147,12.721162241998409,0.07710338447208187,0.7812618825235577,0.8846034013758801,423.4 -> 423.4,FFA,78441.6453246875,72716.9052047429,69877.4250030426,64534.5846328463,65988.3846740512,64569.3250579896,93350.2670058984,90192.6064147554,87555.046440125,72280.1052169586,72125.8847427132,70022.8050765896,85742.6262855332,92374.486022945,90862.9464759696,87688.0464935152,83145.7859344321,88469.3259735032,23953.0817413311
Lyso_PC(19:2),-0.016506000874969635,6.808297670160509,0.05481863799779951,0.8148811036691315,0.9178134536062849,534.3481 -> 184.1,PC,1120.0200805662,1370.2400932309,1092.3200836182,1146.3000831605,1138.5400848383,1181.580078125,1225.9000968933,1462.7800979611,1305.7000885006,1315.9600944515,1263.6001014707,1339.1800880437,1450.5800857547,1323.740089416,1337.8601036072,1332.8200988769,1269.2400817874,1306.1600914001,1145.6800804138
PC (38:6),0.015321687157997648,7.2555131627824325,0.048177981220757005,0.8262646052816871,0.9257624373313144,806.6 -> 184.1,PC,1813.4001159676,1647.7801132202,1737.8601074223,1319.2800941463,1871.4401283259,1464.4401092525,1779.9801139837,1823.4401359563,1813.6001319882,1764.940124511,2081.2001342775998,1780.2001380912,1635.9001235969,2026.0201568606,1952.66015625,1833.0401344293,1718.9801139827,1351.5400886538,1498.7001228325
C12:0,-0.01452975093524171,12.009220068727643,0.0457186814902002,0.8306879948581137,0.9258709942689392,199.2 -> 199.2,FFA,47766.9033088692,46995.2232513378,44269.2232665997,39861.5025253305,40538.1628608665,44950.303085331,50250.043739322,49896.00354003,50913.643379207,49169.043518048,46712.6432113632,46563.6431427,53099.2838287101,52790.043678285,52182.503616327,47784.7033004696,50119.743614187,49850.163589476,23986.2818527216
C20:0,-0.012999967566411565,14.015069778021987,0.03665601367413274,0.8481670941125851,0.9260599905106796,311.3 -> 311.3,FFA,206217.354400637,190337.633361781,177509.972610498,169992.03198239,167784.972549457,169644.13189693601,211803.434875495,202937.054138184,188896.473510778,214755.05569454,192256.593627882,187128.134399421,209151.134551999,210415.854888937,204632.014312735,212264.716445928,193777.412963824,191126.652954088,62300.204498283
Lyso_PC(4:0),0.01365602409958739,6.894456108670453,0.03765693981096074,0.8461336300394467,0.9260599905106796,328.1447 -> 184.1,PC,1313.4200935366,1254.3800926209,1262.0200958251,1275.6600723263,1234.2600860593,1276.98008728,1283.6600952144,1313.1401023864,1515.4401130671,1328.0600929263,1293.9600791934,1383.5801086427,1527.9601020798,1325.5800971981,1407.9400901805,1418.020103455,1343.1200866696,1392.1001091,1472.6401100161
PC (36:0); PCp(38:6),0.014067763713250886,7.126820395404927,0.04028356511975595,0.8409271691293313,0.9260599905106796,790.6 -> 184.1,PC,1387.3400993343,1446.6400947571,1449.460094452,1547.2401237489,1553.4801139832,1457.8200912476,1268.3400726318,1750.0401344299,1385.0800971986,1582.9801063556,1719.7401084909,1831.3801422125,1582.5601043692,1688.2401084898,1510.1200828547,1383.3001098631,1434.6600952147,1306.6800880432,2908.0001907348
PCo(32:1),0.013875714455617054,7.791828056187483,0.04013705532223,0.8412128470323571,0.9260599905106796,718.6 -> 184.1,PC,2598.9401855472,2492.3602066039,2376.5201759331,2319.880161285,2301.1801719651,2519.4402160644,2293.3401603696,1948.7401313784,2508.8801727293,2534.1001930229,2728.1801986679,2548.9401817306,2882.6001892072,2383.1001472454,2871.9001922604,2265.0801696764,2187.0801506052,2249.0601768482,3835.0202789303
Lyso_PC(15:0),0.011752864622764213,6.9240661735529585,0.027945450380112646,0.8672371324789669,0.9301208865607798,482.3168 -> 184.1,PC,1317.1000938417,1416.7400856012,1457.0200920115,1403.4200935369,1311.9801101683,1202.4000930785,1470.9201049811,1260.2800979612,1207.9400863647,1425.3401031485,1553.4801101691,1352.7400932314,1403.6201019287,1279.6600990296,1510.6801185605,1530.8801040643,1230.1200790405,1496.3001174927,1307.4200859066
Lyso_PC(9:0),-0.01003904644132784,6.856107387273992,0.020316277423212625,0.8866572937308368,0.9301208865607798,398.2229 -> 184.1,PC,1225.9000892635,1200.8800849916,1300.100086212,1105.8800849915,1312.5000991821,1257.4600906368,1218.8200950622,1410.6601066591,1324.7601051335,1194.9800910949,1399.4000968926,1229.3000907897,1660.1001167286,1330.8600845336,1445.120101928,1298.8600997926,1392.3800926209,1277.1200828553,1367.9001121521
PC (36:5),0.012102603765638415,6.778477941621007,0.02938426206199818,0.8638948010931462,0.9301208865607798,780.6 -> 184.1,PC,1274.3400955199,1252.7200813299,1301.6800880435,1170.0600852965,1122.5200881963,1159.3400802614,1119.3000869749,1230.2600898742,1077.9400787354,1229.4001045218,1211.6800804134,1391.7000885015,1161.2600784303,1396.2001113895,1329.0400962826,1127.740070343,1274.4400787351,1238.3400955201,1590.3801193226
PC (40:3),0.010430116646966931,6.746456987921782,0.021788857641190873,0.8826501736135975,0.9301208865607798,840.6 -> 184.1,PC,1184.640094757,1191.3800811769,1314.1001014709,1073.4800834656,1246.98008728,1198.140094757,1149.8800849915,1014.180065155,1102.4400787353,1184.2800827026,1187.480091095,1387.6400947566,1286.3800849909,1195.1800765997,1375.9800949098,1119.2800865171,1174.460090637,1221.3800773617,1521.8601112359
PCo(32:2),0.010018171894252859,7.866377719207423,0.020997857954263566,0.8847847918480134,0.9301208865607798,716.6 -> 184.1,PC,3268.7402153006,2861.160205841,2609.7402000418,2656.6401863086,2645.1602058421,2517.2201881412,2094.7401466373,2082.0401535026,2735.5402107234,2449.5601692204,2976.7802009586,3039.0802268988,2866.3002281184,3089.5401725777,3038.2802391065,2489.8401794439,2420.6801681524,2588.9401855475,1774.3001251216
PCo(34:3),0.010126029836382193,6.814427101730506,0.02060107675143641,0.885871026142309,0.9301208865607798,742.6 -> 184.1,PC,1378.5001106256,1429.0401000978,1134.7400779722,1245.8600769043,1235.6200904845,1103.4200782776,1218.380084992,1085.6800804135,1086.9000778198,1347.2400932316,1277.3200874326,1227.7000923153,1315.5201148993,1388.2601127626,1400.7201156615,1244.8800926208,1249.5600814819,1148.1600837707,1751.7801246654
SM (d16:1/24:0),0.009919590962198898,8.919826135964449,0.02093256057659687,0.8849628261972996,0.9301208865607798,787.7 -> 184.1,PC,6456.2404594444,5298.2203521725,4280.9403152457,5270.9803886425,4308.5202598569,4411.2603607187,4159.8202896127,5013.3403625483,4300.1602706923,5803.280399323,6443.0405044553,6892.300476071,5357.3203353929,4678.3203163153,4919.9403419478,4363.2403221122,3538.920249939,4196.500274659,15561.8409767029
SM (d16:1/24:1),0.012338082804458047,8.032814060896234,0.031911836904342294,0.85822129125228,0.9301208865607798,785.6 -> 184.1,PC,3185.9202117917,2979.2202110295,3275.0202102664002,2677.0401916505,2684.9601860038,2606.2801933299,2575.1001777659,2455.780185699,2417.4001846326,3429.5802383409,3045.4202575689,3120.0202293395,2145.4601516731,3632.4602165216,2978.2002334588,2535.1401786798,2564.4201431276,2938.7201766967,5384.400352477
SM (d18:0/18:0),-0.00903696732722313,9.493360927244465,0.017503071990773833,0.8947476590429342,0.9340292635862826,733.6 -> 184.1,PC,9005.2805862366,8309.0205154348,7796.0205917418,6594.0804939258,8878.2006950379,7814.3805465655,7516.4406814548,6886.3404006953,6460.6204757669,9419.3806839017,9934.8209190325,10144.3207244868,8395.5205535906,8582.5805435192,7730.9805069001,7170.2204971353,6369.3203926074,6839.7603912347,11872.8607711758
Lyso_PC(22:5),0.008015791859175331,8.127737788914194,0.013526670291241771,0.907411445659635,0.934376178344055,570.3481 -> 184.1,PC,3298.0202293388,3178.8802299497,3117.4802322386,2083.9001502975,2171.4201545716,2416.140186309,4765.6003875714,3728.560253143,3668.1403312696,3247.1202392566,2134.9001617425,2618.4601821903,3486.7202720649,3744.6202735899,3592.7202377314,3483.9202690119,3742.3602600087,4036.0803184522,1769.9401206975
PC (40:8),0.008513738487511103,6.656707151809711,0.014448304732482598,0.9043238454611001,0.934376178344055,830.6 -> 184.1,PC,1098.8600769044,1041.0800781251,1086.0200729372,1093.6200752259,1085.8800811768,1184.2800865169,1130.4000816344,1103.4400825498,1033.3800773621,1069.1600761415,1161.1600875855,1163.8800773621,1217.2800750728,1106.0800857543,1261.9800910948,1165.0000762939,1059.3000717161,1279.4601020816,1393.2800941462
SM (d18:1/16:0),-0.007867210587546511,10.001294146613903,0.013302418936000038,0.9081787153998292,0.934376178344055,703.6 -> 184.1,PC,11736.6207580668,9980.9406585634,9842.1806602422,11193.340724929,9942.7807540926,10104.7806282074,9368.8006210323,8141.5806083736,9196.8206863321,13569.7209510619,13008.4208068823,13587.2210349873,10411.9006843593,10843.3405876117,10877.0407486004,7402.9406662011,8094.1605758665,8631.0406188934,37158.8032455607
PC (36:3),0.007096602241921516,8.182456509209693,0.010594845100982297,0.9180175244236126,0.938818380430326,784.6 -> 184.1,PC,4373.1402778633,2650.8601760868,3064.9402465818,3210.6202583316,3835.5602531427,2436.1401367174,2520.0201721193,2912.80022049,2707.5402221696,3841.9002304077,4107.8002700802,3698.7602348321,3557.8602294921,2869.0602188107,2866.2402114866,2475.60017395,3222.8202552787,2834.5801773085,5613.9203796379
PCo(36:4),-0.006926210058399972,7.069255269737583,0.009768084677897804,0.9212703733194788,0.938818380430326,768.6 -> 184.1,PC,1223.9400825504,1685.2601051331,1706.2401084897,1394.3800926205,1589.2601127619,1321.4000968936,1517.320114136,1383.3001022339,1402.2401046753,1222.84009552,1505.1201171865,1527.4401092528,1443.6001052859,1571.580131531,1741.4801254263,1702.6001319889,1875.0601310725,1625.0201225278,1459.1601066597
PC (36:8),0.006136828312058159,7.198239752969271,0.007695655302416782,0.9300953411600422,0.9388698255106087,774.5 -> 184.1,PC,1533.4200973506,1445.8000946044,1665.4801254255,1272.640098572,1689.8401298521,1535.2801094057,1541.1801109319,1771.0801086424,1639.0201225292,1642.6201210028,1739.9601135257,2079.640136718,1941.620121002,1702.9601402283,1697.820137025,1317.7201042176,1555.7001190176,1326.6000823971,2613.340179443
PCp(36:5),0.006346959135232003,6.738871348317839,0.008061043449243854,0.9284594082354564,0.9388698255106087,764.6 -> 184.1,PC,1146.7000808714,1071.1600837709,1158.8600769043,1325.1800956728,1175.4200859073,1112.3000755311,1125.6600913999,1109.3800849913,1114.3600807189,1376.8200988767,1354.9800910955,1246.4200973512,1102.2000808712,1335.3401031493,1129.0400886532,1206.3600959779,1197.100078583,1069.000076294,1663.080127716
PCo(36:5),0.0024909302567978583,6.7794967910488575,0.0012459051977966595,0.9718426106473594,0.9764052520119011,766.6 -> 184.1,PC,1206.3400840755,1101.7800827024,1162.5200729368,1184.2800941465,1193.940090179,1264.7800941469,1195.2800903319,1125.3000717163,1371.6800918594,1360.4401092525,1307.1800918578,1138.8400802609,1373.400093078,1405.0201072689,1302.6800918576,1268.9800949093,1181.3200798031,1205.7600898738,1307.500095368
Lyso_PC(8:0),-5.712390932549471e-4,7.119681104924846,6.660434411820404e-5,0.9934884179320236,0.9934884179320236,384.2073 -> 184.1,PC,1864.0201187145,1513.8401107792,1407.220108032,1494.6801071168,1431.1200942984,1316.700099945,1553.2001075751,1513.1801147464,1714.3801383968,1320.0000839229,1844.7201118475,1557.280136109,1568.9400939949,1685.26013565,1740.8601264955,1443.7001113892,1856.8401412957,1735.2201194765,1392.8801002503
