lipid,logFC,logCPM,LR,PValue,FDR,Transition,type,EKO-R1-Media_r1,EKO-R1-Media_r3,EKO-R2-Media_r1,EKO-R2-Media_r2,EKO-R2-Media_r3,EKO-R3-Media_r1,EKO-R3-Media_r2,EKO-R3-Media_r3,WT-R1-Media_r1,WT-R1-Media_r3,WT-R2-Media_r1,WT-R2-Media_r2,WT-R2-Media_r3,WT-R3-Media_r1,WT-R3-Media_r2,WT-R3-Media_r3,blank
PC (40:0),0.8173571173635823,8.245506597798563,152.31475458182666,5.40797175742561e-35,1.1573059560890805e-32,846.7 -> 184.1,PC,3582.7602043171,4279.8402442929,4418.7403068531,3236.7202148444,3428.5602149991,5355.7803459133,4947.9003410322,5013.6803817743,3236.9202308652,2687.8201560985,1880.8401451113,1874.9801292417,2297.6001434324,1911.1801261892,2646.5801963816,2032.5801506036,1443.9400939939
C24:6,-0.675787590518625,13.076584953034997,108.56671013040159,2.0193801732144906e-25,2.160736785339505e-23,355.3 -> 355.3,FFA,99805.086807255,97530.0070114081,69527.94506835,68416.284500145,67194.885078423,64808.584915178,60933.884231551,61963.484054558,126612.969070435,127581.609184242,107903.587776189,105740.646774279,105358.707313529,116484.568084706,108761.207870452,105081.787696843,33288.402328494
C20:3,-0.6592589082843144,12.764666731246328,103.33293579855717,2.833042178108567e-24,2.020903420384111e-22,305.3 -> 305.3,FFA,86605.5862960637,94101.2665099701,54909.7837066531,54648.9639739935,55595.2241287162,44640.5832176248,45241.4832458572,45566.3033409181,84706.3659439036,99818.926857031,76551.6655578451,86832.686111413,85767.506088252,88467.4263458255,103902.327102672,102499.846961965,18531.941375734
SM (d18:2/24:1),0.47290792753719324,8.230246531467783,51.33537527341301,7.785988209261926e-13,4.16550369195513e-11,811.7 -> 184.1,PC,3044.0802192674,3186.6602363587,3845.2402648934,3645.8202629083,3954.6802787781,4334.4402847291,3215.1002540596,3617.3802986145,2600.8001861576,2393.8601646433,2473.7001953121,2719.3802108772,2427.8801574697,2494.5601997377,2136.6801567071,2627.140167237,5050.7403602613
C16:1,-0.4413497814896029,12.493947621569227,46.516839502090306,9.083448162068647e-12,3.8877158133653806e-10,253.3 -> 253.3,FFA,56365.203819268,56036.0040588252,53915.2235221834,51631.7037811209,51308.8837280256,58684.2841606117,55645.6839179934,53020.6437988022,64987.4644012281,66456.904888157,78692.2852172719,78897.0261421316,78206.8855895964,69331.8847656582,67039.9048003987,64047.564067819,17972.8213386525
C15:1,-0.43275947662421166,13.93701894949592,44.78690479274748,2.1968703300329748e-11,7.835504177117609e-10,239.3 -> 239.3,FFA,144628.330406214,200842.734741171,105934.767425546,117084.368324247,151430.470596336,113732.327728271,165947.632301279,194505.57360841,151155.789962757,190416.554336562,172547.131896955,180616.911972062,198708.412429805,165488.291351286,215802.195724511,266690.27923584,37924.2226715055
SM (d18:0/22:0),0.4338492766855626,8.199858992926107,43.16939877046117,5.019970400323614e-11,1.5346766652417905e-9,789.7 -> 184.1,PC,3060.0201911931,3326.5202980045,3537.1002426153,3327.300209046,3180.0002250673,3303.3802757271,3706.1802406318,3935.8402404793,3028.6802062989,2236.0001716619,2423.400196076,2222.7201614359,2700.0401916509,2621.1001663215,2068.9401283254,2100.5801467917,5912.8204383852
SM (d18:1/16:0),0.41620914924574054,10.043240636041117,40.92543245803205,1.5814962079608656e-10,4.230502356295315e-9,703.6 -> 184.1,PC,10010.9407043455,9280.3806114214,11637.420867908,10438.7205467237,12171.7208862234,11162.7607841543,12319.7409248342,12067.9208374033,8040.180591581,8350.6806754991,8582.1406669686,8441.6006545985,7543.740547186,7917.6206016595,7455.42056274,7543.400596615,37158.8032455607
SM (d18:1/24:1)15Z)),0.3891340759856696,9.092207498015473,35.393702960081086,2.6935631623582634e-9,6.404694630496316e-8,813.7 -> 184.1,PC,5396.3403511036,4973.7003288277,6144.6203956623,6067.0004005427,5553.7004623454995,6697.5205345158,6375.9805297817,6389.7004203819,4305.5803184503,4651.7802925109,4789.9203910815,4569.6602554313,4911.8403320255,4121.9402313232,3212.8202476505,4207.8402519216,15759.3212776419
Lyso_PC(20:3),-0.3836129147651413,9.482744610552672,34.68913101656061,3.867850599659977e-9,8.27720028327235e-8,546.3481 -> 184.1,PC,6568.7404747019,5668.3804359427,6685.3004608164,7396.2405967717,7438.420452118,7154.4205474847,6965.8205184922,7603.2605552669,10156.4407920876,11005.0408248979,9208.5806770337,10456.4008445772,9026.9606018091,6629.9005126961,7059.2204742431,5779.0803642279,2050.5401153562
PC (38:3),0.37816888021002537,8.30150092191857,32.96012473678675,9.406857572263074e-9,1.8300613822402707e-7,812.6 -> 184.1,PC,3742.0402641286,3221.9602355952,3864.3402862565,3522.6602439877,3595.74024582,3938.0802688604,3487.2202529913,4325.5603027354,3032.0401916514,2506.5801658651,2754.4202232348,2755.0801696788,2754.3402175892,2373.8001670831,2662.1001625078,3008.2002410878,4873.6803550732
SM (d18:1/18:0),0.36430845339107054,9.211716617770943,31.125195241816048,2.419109435960347e-8,4.314078494129285e-7,731.6 -> 184.1,PC,6526.7005691528,6374.9604644807,6449.2204780568,7055.6205177291,6853.6004028307,7132.6604957601,7135.9204635582,6265.6804847737,5211.3803634644,4969.5202636706,4857.8803520196,4326.9403190612,5653.3803787243,5409.7003669739,4662.5403404224,4893.620365144,12491.0408744635
Lyso_PC(12:0),-0.3697681951985759,7.547240004396097,30.81099949659884,2.844211225387468e-8,4.6820092479455236e-7,440.2699 -> 184.1,PC,1613.5201187139,1649.4201240544,1901.4401397704,2013.6401214596,1647.1801338196,1869.3401451109,1667.0001220703,1826.3601455671,1932.6401252742,2108.3601379394,2486.5801696776,2246.3601799008,2505.7601547246,2112.2201461808,1995.380126952,2162.9001541136,1451.9201011664
PC (38:7),0.3360568735136947,9.15485349218989,26.530848697846956,2.5936316464943705e-7,3.9645512310699665e-6,804.6 -> 184.1,PC,7465.760513304,7298.0805015568,6899.000438689,6873.9604797359,6922.0205574015,7035.9804725633,6417.9404754651,7936.7005424506,4852.1803817761,4389.6203002916,5450.7603912375,5307.2803878789,5423.0604095467,5626.2003631593,6626.68050003,5425.7204589813,1529.9600982671
PC (36:1),0.32692207753971575,9.164430772171869,25.047867030432297,5.592458446574143e-7,7.978574050445778e-6,788.6 -> 184.1,PC,5688.1404304511,6281.7404441834,6134.3004531867,6786.8605041516,6769.0204658463,6104.0203857438,6024.5404396072,6451.2004280081,4677.4203681965,4774.1004486097,4641.9402771002,4990.1003074634,5288.9003829964,5008.5803375235,4641.4403266908,4334.3602409354,14336.3008880579
PC (32:2),0.32605719448163945,9.051213648639628,24.913783737441804,5.995223947511857e-7,8.018612029797109e-6,730.5 -> 184.1,PC,5147.460376738,5907.3604316745,5757.5004158027,6251.4604454047,5669.6204223624,6724.2605285664,7252.620502472,7384.3605575565,4927.7603225706,4634.4402999874,4520.7603569034,4647.9603805554,4595.4803466792,4672.3803291325,5613.5404510497,4587.7603301996,6489.4604911808
PC (34:0),0.31071309807454844,8.678302410980084,22.450623138955564,2.156155297565224e-6,2.574144755614731e-5,762.6 -> 184.1,PC,4345.420295715,3965.4203147892,5183.080356598,4684.8002891519,4687.120304108,4295.5203208924,4709.8203582776,4888.0203933702,3798.1602668742,2902.4601898203,3716.4602928169,3612.3003005967,3707.0802650455,3878.4603042599,3377.9202690122,3377.9402198802,8230.9204902642
PC (38:1),0.3159508138618166,7.589340673944601,22.44261070525063,2.165168486031082e-6,2.574144755614731e-5,816.6 -> 184.1,PC,1770.8601379398,1733.2801246644,1947.8201255795,2713.0601959219,2268.8201560969,2409.5401611312,2178.1601638798,2187.2401390066,1465.8600769052,1742.1601409904,1646.260108948,1474.5001068123,1778.0401344288,1702.8201217653,1431.1000900269,1973.7601509088,4048.800292968
C12:0,-0.29323044167057377,11.993590903473942,20.560409370241018,5.777874946008053e-6,6.182326192228617e-5,199.2 -> 199.2,FFA,40536.5630874566,41059.422958375,38495.782806394,37109.7825012184,39008.562980652,42564.443031313,41999.482978817,41399.4227905259,45373.303390507,46377.243354793,51088.3834838789,50379.963363652,53576.1639633108,42389.482948297,45555.343421915,43173.983108516,23986.2818527216
SM (d18:1/18:1)9Z)),0.30149977300193304,7.746193608376388,20.629152817667432,5.574083243941644e-6,6.182326192228617e-5,729.6 -> 184.1,PC,2696.2202224727,2103.3201179505,2727.4202156056,2450.6001663212,2266.8001556401,2404.1401901234,2540.3401794422,2873.2602424597,1577.0201072695,2073.7801475539,2197.7201614373,2134.5401420597,2131.8201675418,1686.1201133734,1983.4601325981,1796.9601440423,2693.7602157585
C32:0,-0.2895406051865841,11.86324351726786,20.041977419268164,7.576069320550714e-6,7.720375402846917e-5,479.4 -> 479.4,FFA,41482.8431320205,39877.3829231389,38216.0829124449,38426.6226119985,34466.1023635874,35751.7625122069,34260.7424049324,33552.1023788455,38894.1628494291,41917.9428291354,45560.7833976679,45267.1430664057,45231.4230308541,42682.2030830427,44625.3830947899,42323.9229240503,18435.8812904344
C12:1,-0.28599541649741855,11.116659390237176,19.513200127731523,9.990690484299871e-6,9.295685928870315e-5,197.2 -> 197.2,FFA,22220.1216201797,23966.9616088822,21202.6415176364,21312.7015838611,20869.8814621008,20727.8214607228,23693.8217391969,21338.80153656,25097.2616806019,24729.6817398076,27628.5219764687,26966.5019836389,26700.8818168668,24687.5418472281,25074.001838681,23825.5215988213,14202.7810058631
C24:5,-0.2857568740604333,13.430043772633814,19.562885977903193,9.734193350449609e-6,9.295685928870315e-5,353.3 -> 353.3,FFA,125326.648639677,125632.888977044,110856.467361429,105720.547317469,105323.547370899,109953.407836909,107091.726840983,100107.727111817,126043.729469318,128392.788917528,134478.729419699,135400.869514482,139833.349960308,130270.329086277,124665.948112471,120120.348892238,27545.1619339023
SM (d18:1/24:0),0.2820181469746851,8.158585926056311,18.211671402440015,1.9766382006734934e-5,1.7625023956005314e-4,815.7 -> 184.1,PC,2597.4601898182,2647.6001777649,2993.2001838688,2737.8802185069,3366.1402702339,2926.9601631169,3342.760242462,3170.8802070614,2382.7001533511,2468.3801765438,2550.200172426,2394.7601432804,2288.6401901236,2724.1601943959,1725.5601310736,2190.2801399238,8831.2206382744
C17:1,-0.27510988922335433,11.696586261983546,18.09040000237019,2.106608732131218e-5,1.8032570747043226e-4,267.3 -> 267.3,FFA,32805.5824127182,33024.5822753926,33973.4025230405,34404.7825775135,32062.4021873454,34395.7824211071,32797.4622230521,33064.782382968,37102.5427284254,36785.702606198996,43740.1230468683,44880.3629951339,43379.6432762023,36911.4427146916,33744.3623161311,32431.5223083517,13673.1409568842
PC (34:1),0.2723327896557849,11.380219567458099,17.706242602172452,2.577792435072457e-5,2.1217214657904068e-4,760.6 -> 184.1,PC,24531.2218894889,25908.7820129385,28759.8016700667,29472.8621673474,32976.9822464077,30961.90225983,32905.641647353,34659.7420043992,23031.2817611678,23984.4220314188,24367.5416221423,26387.3420944193,25333.381835929,23218.5219497678,22018.4615402098,21946.7617378232,46707.243446354
C15:0,-0.26790186556377354,13.760926706036384,17.201588261514303,3.361551940524614e-5,2.6643411676750643e-4,241.3 -> 241.3,FFA,138377.22977451,138045.229614271,136350.709259068,135940.108154269,136468.229492214,144123.289810186,144442.190414418,152111.530975322,158076.472885158,153753.110290538,180966.471778884,188164.292274453,182597.013313336,144527.789817768,148226.2107849,141828.190231311,39058.582794191
SM (d18:0/20:0),0.26834333165593727,10.128156048259148,17.0826484336733,3.578778808062693e-5,2.7352095175907723e-4,761.6 -> 184.1,PC,10151.8206443734,9372.040824886,12568.7808990453,14120.2409477184,13917.7609786968,13783.4609832794,14115.1608657715,13013.3409385749,10185.300708771,10102.840671536,8869.8206329263,10604.2405662428,10870.9407691995,10147.1207313486,9965.2807083175,9469.3007469136,19020.1812019292
PCo(34:1),0.2695658578906494,8.713841153751302,16.932483558641266,3.87330666061332e-5,2.858233190935347e-4,746.6 -> 184.1,PC,4018.4402847273,3983.400264741,5202.320388795,4313.8602485653,5288.7203636142,5322.6404495226,4692.9804000857,5381.1403808595,4166.1202964787,3258.2001724248,4748.9603042599,4121.9203262341,3778.3002853398,3469.020233155,3618.8202629098,3175.3402328478,6560.4005050659
PC (32:1),0.25947623178146656,10.931300126265198,16.050099967744785,6.168837007412229e-5,4.4004370652873904e-4,732.6 -> 184.1,PC,18647.2215194742,18080.2013015688,21763.6014709586,22525.9615669238,22857.7613258204,22908.6218795639,25442.3616600067,25213.5620956374,17616.1012878345,17108.3613205103,18915.3014488135,18626.3614959813,16488.4012451178,17360.7212562508,18054.121322629,17575.1012382423,30069.9421653802
Lyso_PC(16:0),0.25740499466487315,10.174096038005278,15.734399058580465,7.288656296541199e-5,5.031524024063925e-4,496.3325 -> 184.1,PC,11215.4007530242,12023.3207359183,13432.6610717659,13419.5008125391,13213.500869748,14392.0007324056,15758.7813491912,16182.4010276749,10084.3006515496,9676.8006820623,11751.7407798804,12486.6408767695,11967.000953675,11007.3209190349,10260.7406883232,10519.3807029825,8730.3005790731
PC (38:2),0.25541909589793027,8.295108014089571,15.01929189402286,1.0641772797378258e-4,7.116685558246711e-4,814.6 -> 184.1,PC,2744.460224151,3144.6002159118,3729.2603378281,2938.8801956179,2778.1001930223,3521.5002174374,4159.8603248606,3555.6002159116,2477.7401771547,2609.3601570116,2867.12021637,2914.7402038561,2908.2602004993,2448.0401725771,2389.2201576234,2674.3201522838,8506.7006835846
Lyso_PC(10:0),-0.24080669928789925,7.0200231897958,12.737011828175067,3.584899953375679e-4,0.0023247533030981674,412.2386 -> 184.1,PC,1388.3800849918,1356.2601013177,1394.5600967412,1302.3600921624,1281.1400947565,1212.9600830079,1136.8800773623,1068.4200744631,1310.3801002503,1107.4400749206,1836.6601371763,1170.4600753778,1599.4400939942,1506.920124054,1337.2200965878,1608.5001220704,1438.1001014708
PC (40:5),0.23221050654863826,7.46439098391468,12.12339894040219,4.9793063491979e-4,0.0031340339962598546,836.6 -> 184.1,PC,2206.8001441948,1981.560127258,1584.9601058962,2217.5401611343,2389.4401664738,1995.7001380927,1854.9001159667,2231.3601646431,1587.240100861,1875.4201316838,1696.8001213092,1990.3601608273,1658.740116119,1571.04011917,1573.5401191713,1469.9201087955,1580.840114593
Lyso_PC(20:2),-0.2297348880486308,7.402655912956482,11.843601983707092,5.785979744531746e-4,0.0035377133295136963,548.3638 -> 184.1,PC,1546.9800949095,1428.7400932312,1907.7201538087,1823.4401473991,1592.0201034545,1780.5001296993,1707.8601188667,1786.3001251207,2356.0001792913,2121.8001556385,1687.9801177977,1774.2801475524,2048.3201332083,1607.8001136782,1833.580127717,1790.8201141344,1244.6000823971
Lyso_PC(16:1),0.22212856856356358,8.940135891498851,11.567075117150473,6.71299307130539e-4,0.0039905014368315376,494.3168 -> 184.1,PC,4396.5602912908,5248.3403205873,5727.5204963722,6204.6604270923,6352.9005165097,5960.3603553793,6645.4404678353,6144.2604827878,5598.2803459181,5649.2004165663,4501.1802787775,4492.00033951,4664.8202819834,4666.7803459169,4121.6203308101,4580.5202980051,2524.0202026366
PCo(32:1),0.22373519004073691,8.046062185820839,11.480520724826548,7.032942231939187e-4,0.0040677017233378,718.6 -> 184.1,PC,2817.9801902776,2196.0601654048,3189.2802352905,2998.7802047725,2600.6001739501,3409.520256042,3292.7602005016,3354.5602302541,2345.5001754755,2662.5601997369,2412.0001754769,2918.7401847834,2248.0601463335,1969.4001579275,2399.5801773066,2564.9001502997,3835.0202789303
SM (d18:0/16:0),0.2126095724852236,8.776799511315266,10.537217749243425,0.0011699440861452479,0.006588632485133764,705.6 -> 184.1,PC,4287.4803657523,4454.4202766403,3813.3602485661,4242.4402885429,4697.0403518682,5048.4603118886,5388.3403282162,5329.3404121415,3848.7802429185,3446.9202384955,3661.9802932736,4255.8602447511,3747.5602378833,4006.7803306578,3558.3002738951,4215.2402877803,10604.1006813067
SM (d18:2/22:1),0.21217500258636246,7.475063562338834,10.095343390156014,0.001486444595637349,0.008156388294010069,783.6 -> 184.1,PC,1744.3201026916,1632.2601013183,1926.800102236,1835.5801277159,1799.3401145929,2116.3001403808,2214.4401550292,2405.8601875315,1723.9201087961,1706.3201332089,1715.36013031,1421.3000984187,1586.8401260371,1460.1001129151,1571.4600868228,1745.5001411428,3191.4002113351
SM (d18:0/18:0),0.20533342252374454,9.664011030680918,9.968860280425744,0.0015921001555298303,0.00851773583208459,733.6 -> 184.1,PC,7726.3206024167,7606.3205299362,10602.7209510741,8327.4405288669,9095.2006530717,9229.0607070771,9551.6206436184,10606.9608879069,7337.8204498296,7668.2805824332,7510.6605796819,7139.5005378714995,7238.7604141217,8222.7205352771,7635.9805107148,7585.2405776965,11872.8607711758
PC (38:5),0.2003635281956754,7.488227643797531,9.021062238205197,0.002668862500327755,0.01393016036756438,808.6 -> 184.1,PC,1855.6601333618,1993.3801460274,1915.4401512143,1747.2801246645,2390.7201461777,2236.7401809698,2233.0201301563,1700.3401184075,1866.4001464844,1470.9001121525,1663.1600990306,1769.0401344302,1958.3001441951,1727.8201408393,1386.6000976567,1546.8600997922,2593.5601882937
C19:0,-0.18412371042619896,14.596375240909996,8.134343279870336,0.004343457631572645,0.02112499848083059,297.3 -> 297.3,FFA,276461.318267829,290116.302307125,247335.337577788,250230.416992173,258319.318908692,242407.377746602,252782.678955071,254543.377105681,255445.478134169,268173.618423451,294222.120147711,303917.22288511,301253.439132647,271967.299102754,277724.719711349,281972.219345135,67751.444732647
Lyso_PC(8:0),0.19243241408935152,7.139028369358694,8.19507879246607,0.004200417003200872,0.02112499848083059,384.2073 -> 184.1,PC,1634.9401130673,1716.3401260379,1595.6801147461,1394.2601051339,1587.9801139832,1690.2801170341,1663.2401046753,1624.3201179499,1245.8000793458,1264.6800956727,1354.3001098631,1260.2400970466,1492.9801101675,1396.7600975036,1433.3001060491,1360.1400947568,1392.8801002503
PC (32:0),0.18547880786402943,10.134870717062968,8.167809343321691,0.004264037605887101,0.02112499848083059,734.6 -> 184.1,PC,10515.4808006229,10523.9807739278,12786.0009422425,12146.7009086546,11740.3607749975,13632.1809806879,12889.180866242301,14252.8210144091,9350.5206413299,10192.9008598348,10511.6207733192,11041.2608718983,11201.1807098432,9292.0806426915,9935.9407539436,11267.1608009465,19829.7414550925
C18:3,0.1749877257644326,10.626459610428112,7.296894883781265,0.00690738816788415,0.03256641623525229,277.3 -> 277.3,FFA,19019.8013992288,17167.5013046257,19984.1014709447,17476.9812393211,17198.7211570748,19069.0813026417,18094.7812919646,18356.5013008107,17341.4011726335,17613.8012428295,17171.1812248197,15977.4810676586,15251.541072842,14293.6410293575,14050.2609825104,12431.480834961,11279.7807998686
SM (d16:1/18:1),0.18080100611032437,7.283317101746586,7.272902844896544,0.0070002576954280625,0.03256641623525229,701.6 -> 184.1,PC,1755.0801315315,2010.9401321394,1638.3001403804,1683.320129394,1734.8001251207,1568.2601051326,1765.3601303113,1616.0601196287,1693.2401275636,1257.66009903,1401.0601005553,1353.9801025392,1593.540107727,1371.6201171873,1454.8400955198,1505.3201103206,2382.4401588444
PCo(32:0),0.17087140740385892,7.728002160387617,6.616337069156067,0.0101047446005606,0.04600883711744614,720.6 -> 184.1,PC,1981.0201377874,1972.1001319895,2129.5801467895,2041.680137634,2479.6801643372,2302.2601394656,2633.5801887516,2710.0602264413,2104.0401382445,1784.8201141372,1835.8401260379,2520.7201538081,1593.160118103,2027.9001464833,1785.7401199345,1853.9401588441,4154.520263672
PC (36:8),0.17109393242313553,7.403495045503724,6.551594235711967,0.010479022383875177,0.04671897479477683,774.5 -> 184.1,PC,1908.1401405324,1792.8001174925,1895.7601318371,1955.8001403804,1965.9601402284,1912.3601417545,1785.3201293947,1703.0201225284,1693.9401130682,1371.6600875863,1544.9601211544,1397.4000930786,1655.6601104731,1716.6601219185,1609.480117797,1688.1201171886,2613.340179443
PC (40:6),0.1701465973361247,7.177201449926509,6.417907048906055,0.011297523078538221,0.048491831089572175,834.6 -> 184.1,PC,1428.6200828556,1610.4801330573,1529.6801109314,1661.8601303097,1746.3001441957001,1765.3801078793,1689.5201148992,1638.6801185614,1320.0400848387,1451.0601043709,1288.3000831605,1369.2600936886,1411.2201004022,1377.5401000971,1542.3201217649,1351.6600875862,1606.3401222238
PCo(34:2),0.16832321897689562,7.651487779363757,6.412830437576446,0.011329867077002844,0.048491831089572175,744.6 -> 184.1,PC,1777.3601226807,2052.9201354987,2496.1201896678,2163.6401519764,2268.8001556399,2560.8801612865,2418.1201629636,2111.040138246,1723.1001281745,1815.9201240533,1838.3001289373,1933.3401298526,1778.960109711,2168.880168914,2289.7001724248,1643.8200988757,2849.9401931778
PCo(38:3),0.1624943773756374,7.146821059334258,5.838270651154579,0.01568123181622793,0.065799678601427,798.6 -> 184.1,PC,1389.5600967417,1567.740104675,1580.1201095575,1522.5601119988,1692.9601020805,1606.1601142892,1636.8401260368,1598.9801063533,1302.7000923158,1386.4001045217,1328.0000953675,1224.6800842282,1421.7801055904,1289.7400817878,1346.4400939947,1463.9601097104,1904.8401412966
PC (38:9),0.1616944350291708,7.219188275159032,5.8023836215555065,0.016004463739404173,0.06586452385062486,800.5 -> 184.1,PC,1581.3600997929,1646.9401245121,1545.7601203912,1475.8001022342,1704.7001037592,1629.3601226802,1811.6001205436,1807.04013443,1373.9600944515,1591.6001091012,1738.9801292411,1570.6601181029,1364.0001029967,1186.8600769046,1101.0400810242,1371.5600967404,2079.1201362614
C20:1,-0.15409218002900593,12.108640667227837,5.686249603384736,0.01709835872934554,0.06903865600150841,309.3 -> 309.3,FFA,47815.983428936,46270.0631179889,47064.9434432973,46161.4232559154,45600.8832473741,48700.5236663857,45444.3429908692,44742.9032897988,48023.9429130444,48309.0436515619,55958.2837104573,56694.4438552727,56321.8442382845,44483.5032615603,43764.9431991666,42710.8430214033,16399.5211181652
PC (38:4),0.15608519872737417,8.355795191771547,5.637587591412576,0.017579379482144487,0.06947891270443772,810.6 -> 184.1,PC,3460.0002555838,3428.5802230848,3787.4802932748,3794.8202819811,3769.7002220158,3582.0602684023,3476.1602134722,3411.1603050231,2590.6601982112,3610.0402412416,3005.4602317805,3052.6202201846,3362.1801986684,2797.0202140812,2868.600177765,3365.160278321,5126.9003601079
SM (d18:1/20:0),0.15471888918625284,9.022868560453567,5.610150437563995,0.017856729900673246,0.06947891270443772,759.6 -> 184.1,PC,5269.2003669737,4136.040294646,6542.1605072024,4740.560337067,4799.240333556,5576.9003868101,6020.3204421998,6969.7804183956,4799.3603172332,4183.8603172311005,5051.9003334054,4527.3602943406,5099.5603103641,5055.0803642272,4532.1202926644,4599.2403488157,11250.0007553173
PCo(42:6),0.15709934676795495,7.021750343893957,5.427322270714209,0.019824053831237996,0.07575620571223092,848.6 -> 184.1,PC,1448.0000991821,1333.7001075743,1359.7401008601,1492.060089111,1284.5800895689,1465.1001052859,1660.5801353455,1710.1801147466,1377.9201049808,1349.1000976567,1266.4000968933,1137.0400848389,1212.0800895692,1254.5600967409,1128.9800682068,1352.9600982661,1308.8400802607
C24:0,-0.14732528626041916,13.764448792683586,5.207236790160948,0.022493055877014202,0.08444761329264981,367.3 -> 367.3,FFA,154458.310211209,148995.690658561,154263.691284154,149216.230453499,145958.49053189,146115.270126325,142656.75001524,137198.55010988,154722.250999435,149923.270626094,177777.592132518,178770.512077345,174660.272190117,144832.490997317,135881.109367365,134375.829467767,41301.702835082
Lyso_PC(20:5),-0.15084137587649385,6.864077868335089,4.953620203455882,0.026036094046794973,0.09606420906920904,542.3168 -> 184.1,PC,1221.1200790403,1250.760089874,1150.2600746149,1137.6000785828,1131.5000686644,1176.2200889585,1193.6600875854,1140.960079193,1197.3200950625,1157.2400779724,1320.0200996399,1453.7600936889,1288.3400840759,1197.760074615,1163.5000839236,1215.9000930789,1313.3400955198
C14:1,-0.14249764328932082,12.884474807999405,4.868231755740908,0.02735551684382515,0.09922170516234885,225.2 -> 225.2,FFA,63146.384338359,93327.926803585,55413.484001146,60951.564392061,83910.845779403,67525.665100074,94068.40696714,115152.208175666,62776.084579471,84074.525955187,70718.0849990722,74361.945754988,82233.885665894,65915.084594712,95874.566818234,131563.269195589,40406.66294861
C22:4,-0.14004992746846198,11.423613092181649,4.6896833487863105,0.030344238863431305,0.10822778527957166,331.3 -> 331.3,FFA,28691.2419281032,29682.8620758027,27221.8818817152,28169.061935425,27991.7419319157,27912.4419326789,30913.2621841415,26933.6819648666,30872.7421951283,29906.5821075476,31374.9422836336,30662.3222274751,29785.2020950307,30093.7621078477,27808.0021057164,29468.2821655265,20940.6414222699
C30:0,-0.13736490282548533,12.709644707100503,4.52319933991771,0.03343824620588842,0.11730794570590364,451.4 -> 451.4,FFA,80264.4055099237,81013.7457465877,73013.165416679,71999.4852256882,70530.5848235872,69200.0245742942,61207.4642639242,62740.8446884013,72766.3651504541,73196.6655501925,75514.885292065,81102.5061302357,80483.8455696066,70661.9646186678,74644.4251594582,72142.9649620171,18169.7811965941
C24:1,-0.13390078023186996,13.128912470529404,4.299881325651313,0.038115032639800546,0.13155833846640833,365.3 -> 365.3,FFA,94611.9662322935,97711.887245166,100815.946449245,97457.2673568701,92064.9861755243,95475.8470001082,95505.7469177025,91636.0060806281,96703.9467506255,95283.5466766279,110247.747459405,110996.808135978,111013.628089921,94965.3466644224,92252.4463119274,92717.666336046,20766.141502381
PC (36:3),0.13595368396210875,8.274280842354637,4.266398671974439,0.038873234835112506,0.13204559134466787,784.6 -> 184.1,PC,2904.5002250662,3126.140209198,3689.5603065472,3176.7402496346,3223.4202613826,3276.7802124024,3423.5002555839,3753.9802284255,3306.5602722162,3208.2402420047,3108.2602119439,2537.3801574698,2890.800178529,2681.8401947021,2541.9001693713,2863.2402038562,5613.9203796379
Lyso_PC(3:0),-0.13760782201147495,7.125604020616483,4.190996669863598,0.0406391986201543,0.13588732038614093,314.129 -> 184.1,PC,1427.5801086428,1504.8601112369,1415.8000984192,1361.1001014709,1259.6800880429,1559.400119781,1488.4001045235,1430.2800903323,1484.6000976568,1338.7400894164,1643.0001029973,1364.6200904844,1327.8400878908,1601.1801109309,1588.2801322937,1693.5001220708,1325.3201065063
C28:0,-0.12957010023085583,12.640117654906824,4.024217507597768,0.04485142140056316,0.14542733605637145,423.4 -> 423.4,FFA,72857.245307881,71727.9452057124,68631.8051605253,68991.7050857398,66317.7248153632,68605.7048645069,63882.5044021523,60898.5843505784,68883.3046569476,66707.9648361143,79170.6257896535,77738.4454994258,75641.0053100454,69719.0450897039,66758.4446487406,63300.9642829796,23953.0817413311
Lyso_PC(14:0),-0.1309428388020116,8.987825064877907,4.025732272827524,0.0448111625259128,0.14542733605637145,468.3012 -> 184.1,PC,4767.7204170212,4898.1003570552,4688.9803962699,5727.6203918439,5001.0203590392,6202.5004119871,5373.2003517158,6186.1004486072,5580.9004364034,5763.4003677361,5970.7003593444,6170.4604339596,5834.940402985,5050.6203575121,4854.3202896115,5646.9803619382,2486.4401474011
Lyso_Sphingosine-1-phosphocholine,-0.13458317985261922,6.80962562557839,3.925992026710052,0.047545131172914666,0.1518605682239364,465.3379 -> 184.1,PC,1171.7000846863,1099.8200759888,1221.0400772097,1080.3400802613,1036.6000785827,1121.4000778197,1151.8200836182,1136.620082855,1115.3200798035,1159.420085907,1477.5001106261,1252.6000938411,1258.3000869751,1037.3200721739,1095.6200790406,1085.0800857544,1459.2001075741
Lyso_C17 sphingosine-1-phosphocholine,-0.1330244473554775,6.8460402111577245,3.8508312810686327,0.049721341851063944,0.1552852540427081,451.3223 -> 184.1,PC,1127.360080719,1119.7000808716,1181.9200820923,1246.7600860594,1293.9600868228,1068.6000633239,1219.3200874331,1151.2200851443,1099.0400733947,1229.3000717164,1218.100082398,1276.9600868223,1147.6000823974,1398.6200904844,1178.400081634,1326.7400817875,1155.9200897217
SM (d16:1/24:0),0.12787045690546137,9.175396418884631,3.8391596424701433,0.05006860994834981,0.1552852540427081,787.7 -> 184.1,PC,4867.9403953541,4938.8203506465,6509.6404800442,5738.1204071051,6205.8805046075,6090.5004158016,6110.3204116852,6524.8004455558,5041.760360718,4988.540290833,5400.0004272448,5394.8804931651,5629.0004844673,4781.4403266909,5007.2804031367,4898.4203567507,15561.8409767029
PC (30:2),0.12773718771504194,7.436029257323417,3.6639666802116118,0.055601110542241663,0.1675864458597143,702.5 -> 184.1,PC,1908.5201416012,2507.5601806637,1582.980113982,2220.9801559443,1423.3201065058,1914.2601509092,1996.3401489259,1824.3201255794,1529.2801170341,1836.3401489258,1763.3201065056,1656.6201171867,1720.4601097099,1714.8401107781,1575.0401115406,1681.9601135252,1994.9601326001
PC (34:3),-0.12711513671883537,7.721604443924161,3.667419544137278,0.055486026150274835,0.1675864458597143,756.6 -> 184.1,PC,1826.1601448062,1698.9801292424,2110.9001655563,2110.5401649477,2220.760139466,2161.7001609795,2587.8402023324,2106.5001373276,2242.2801780695,2486.4401779181,1813.5201187142,2103.340145111,2064.1201286313,2561.1401939392,2204.6601562489,2089.2801284795,3224.5402679439
PC (40:9),-0.1278420746019673,6.8460174491463075,3.5495197841059003,0.059562685771294324,0.17703353826468035,828.6 -> 184.1,PC,1295.8401031498,1081.8600769045,1227.0000915528,1137.5200881953,1072.7800674437,1114.6000709533,1062.3400764465,1233.360088348,1190.8000793453,1064.9400749205,1361.1000785824,1228.2400932307,1182.4200859067,1203.9200859067,1211.5800971985,1206.240077972,1595.4801292429
PC (36:0); PCp(38:6),0.12202588340994662,7.3520077135978905,3.32263876967583,0.06833206983932123,0.19760895872452358,790.6 -> 184.1,PC,1411.2400970455,1506.580112457,2137.2801475506,1631.0801200872,1702.0401229866,1775.9401397706,2068.0201492306,1750.0801467899,1562.100112915,1308.58008194,1541.5401039132,1815.8401107791,1557.300121307,1864.6001205448,1250.2000846864,1396.5601081848,2908.0001907348
SM (d18:1/26:0),-0.12424185248452353,6.726200796592504,3.32641700793193,0.06817524224553499,0.19760895872452358,843.7 -> 184.1,PC,1030.1800727843,1087.76007843,1010.7000694274,1070.5000686648,1059.1000785829,1094.4000778197,1125.7200775146,1060.4600715638,1345.4400901792,1109.4200782778,1106.120075226,1044.7600669859,1116.3400764465,1060.6000785826,1090.3800735475,1032.5600700379,1387.6000938415
C34:0,-0.11534645591667235,11.505989681019296,3.1824839913156637,0.07443149918821151,0.21005579871210675,507.5 -> 507.5,FFA,31309.942291263,31495.9622573827,29745.8419494667,31292.7223815907,31229.1422958391,32590.4623603808,28443.0020332359,30058.7220077434,31466.0422401434,32417.2222900396,31884.4421424865,35716.3824615481,35374.222454072,29457.3220634463,30249.6222000172,28758.8220176689,15378.2811698904
Lyso_PC(22:1),-0.12068971804254269,6.895406514058263,3.178805287926447,0.0745992556173837,0.21005579871210675,578.4107 -> 184.1,PC,1300.2600860598,1200.060081482,1160.6200904846,1346.1000900267,1175.6800918574,1135.8200798036,1226.8200912475,1191.9600753784,1299.1000938418,1132.8000869751,1218.4400787348,1370.8800926201,1198.0400886537,1301.5000991824,1389.1000900268,1223.5800743112,1289.4400978087
PC (30:1),0.11467142788977992,9.629029327880238,3.1074958528576104,0.07793269546071331,0.2165921666050993,704.5 -> 184.1,PC,6580.6404800412,6804.0204467795,7546.0005569389,8395.0405616701,7134.8605079628,9226.4207191369,10787.8807563661,9138.9407272342,7898.9006004318,7578.2006149265,7235.6805572491,6955.9604187049,7158.0205116215,7050.9204673723,7332.3204879723,6701.1204528752,18346.8410759066
Lyso_PC(18:0),0.11669532605968769,7.658930495602354,3.0827685108442324,0.07912573244537699,0.2170885479911625,524.3638 -> 184.1,PC,2212.8801765432,2113.6601600637,2140.1401138311,2583.4601631158,2222.760154724,2162.0001373311,1983.9801406857,2056.6801414498,1827.40014267,2135.4801635752,1788.1801414494,2154.9801597589,1973.5001182547,1988.8001594544,1893.9001426696,1672.6601066593,3154.5402030936
SM (d16:1/24:1),0.11360476541132139,8.209116207274665,2.974004099299961,0.08461218819162901,0.22920263636719754,785.6 -> 184.1,PC,2709.840175631,3060.4602394103,2752.8401947034,3634.1402587889,3229.3602447527,3527.1802635189,2851.8401908872,3437.4002609269,2731.0201759339,2861.8802108761,2691.8201942458,2633.5001640321,3328.0002555845,2074.8401298523,2940.7001914997,3014.5201988218,5384.400352477
PC (36:2),0.10377936584818098,9.679797804632575,2.545262077446395,0.11062555333657656,0.2959233551753423,786.6 -> 184.1,PC,7081.8205985965,6666.3804206844,7502.080528254,8220.460548407,7004.3804740926,9990.3805999778,9673.5207366903,9127.5206336894,6658.6405754096,7246.8605346726,7511.8604698143,7733.5206298841,7114.2405471783,7420.5205078137,7061.3605766224,7290.480499266,23948.5619277688
SM (d18:0/24:0),0.10548232252661549,7.10526231496753,2.451570002969781,0.11740738462880182,0.3101874112415258,817.7 -> 184.1,PC,1470.0001106275,1393.9201011658,1397.9600982664,1452.7201118471,1717.7601127625,1329.1200904846,1490.600105286,1524.1800994881,1247.7400817874,1482.6600875853,1175.260082245,1263.7400970458,1148.7400970458,1240.6401062002,1361.9600791927,1546.2401046756,2306.9801673888
C22:6,-0.09908576248304374,12.402023190929249,2.3529103064138326,0.12504935591110117,0.32241641162621265,327.3 -> 327.3,FFA,65569.724601722,61232.183959949,60798.863914491,56005.583877571,53083.92375183,56013.943946827,53378.443710308,53442.9235992225,60329.844284066,58243.0239944156,65823.465049716,65170.1844635038,61776.3043556318,58436.924285864,51202.683807355,50646.303451535,31051.162117009
PC (40:4),0.10304639209909149,7.20164035295166,2.3566415801461886,0.1247505016634987,0.32241641162621265,838.6 -> 184.1,PC,1460.8201141351,1484.380100251,1505.4800949085,1758.9001235969,1357.3000946047,1629.5200920107,1933.2601280218,1762.4401130683,1304.6801033023,1488.9201049812,1333.8200874323,1341.2200927734,1652.3001136786,1314.3800926209,1538.0201072703,1502.7201118464,1865.8201408388
Lyso_PC(19:2),-0.10302097819716215,6.875200494400841,2.31469364174443,0.12815654794814527,0.32649406262979863,534.3481 -> 184.1,PC,1384.4000968925,1141.6200752262,1200.340087891,1200.8000946044,1169.3400764465,1107.5600814818,1294.8600921628,1223.9800796513,1277.2200813296,1109.4000816341,1306.7600898734,1252.780082703,1135.2000770571,1208.5400810241,1425.4801025391,1275.9400825506,1145.6800804138
C26:0,-0.09662470272589005,12.727472599205775,2.2385019098395276,0.13461134168672695,0.33464324478857205,395.3 -> 395.3,FFA,73959.785354599,75680.5851822072,73246.3055572548,74958.7052612018,71285.3053436242,75458.645416267,69112.124938943,67773.7846526986,74204.4650802533,73362.885406491,82743.866233808,82642.5253219734,80825.6662139839,73105.465423566,64634.8444442489,64118.984703039,28102.9420165958
C26:1,-0.09656801201177041,12.404141834155181,2.234938158013236,0.1349220223788545,0.33464324478857205,393.3 -> 393.3,FFA,58027.7841720716,62162.5843658263,56110.0038948148,57710.3837776172,59486.3839340141,54078.1037101673,59484.9440154648,58890.84410857,56095.9639282058,59633.3441238093,63778.324741391,65425.9246978423,64211.224395746,55798.8642311023,56387.8638915743,55847.6037979149,19580.181320189
PC (42:0),-0.10137418209962354,6.760644790572077,2.2221152471508896,0.13604655278787742,0.33464324478857205,874.7 -> 184.1,PC,1106.7000846863,1069.3400764467,1141.0200920104,1095.8600807192,1139.4200935362,1123.3200798035,1104.3600807187,1113.1200828551,1167.7600860593,1130.500076294,1123.900074005,1134.1400756837,1112.4400749205,1142.7000732422,1145.5600700376,1170.8400840759,1257.8400917051
Lyso_PC(9:0),-0.09522105064670325,6.991937606464733,1.9908645109935428,0.1582505164823112,0.3848364832638022,398.2229 -> 184.1,PC,1229.1800842288,1331.7201042175,1325.3400878903,1266.2200927735,1321.940090179,1338.0800971989,1358.5800971981,1345.3600997927,1504.7001037599,1072.100074768,1465.7201118468,1499.3001022333,1312.2600784308,1242.6800956726,1225.4800872803,1427.2801132201,1367.9001121521
PCo(38:4),0.09202505748710808,7.220625030638167,1.8826269827534468,0.17003587417647711,0.4043075230418456,796.6 -> 184.1,PC,1179.5800895695,1491.1600990289,1694.4001235964,1691.3201293956,1668.760105133,1702.4001312252,2079.3001403817,1618.0801124569,1543.3800964361,1386.3001060482,1417.6400947575,1471.3200950627,1477.5401115419,1379.5400733952,1455.9600944515,1637.3401184082,1672.9201049786
SM (d18:2/20:1),-0.09314035358905204,6.903344419041093,1.894943707399384,0.1686453726829877,0.4043075230418456,755.6 -> 184.1,PC,1255.4400978088,1213.9200782774,1201.0400810243,1214.3400878907,1205.1600914006,1263.320083618,1309.6200943001,1259.4200973511,1287.6000900269,1320.2000808717,1333.8800964354,1118.7200851442,1198.2400932307,1245.4400978083,1359.6400909421,1261.0400810243,1233.0800857543
Lyso_PC(13:0),-0.09050185899162255,6.943771042121239,1.7933196102261562,0.1805222241465781,0.4113182627435066,454.2855 -> 184.1,PC,1362.220088959,1211.1200790404,1309.940105438,1286.700103759,1161.7800788883,1341.880088805,1179.260082245,1338.9000930785,1326.1400871275,1238.1800918581,1542.2600936879,1342.9400978091,1147.2400856017,1326.7801017755,1264.8000755314,1199.5400848384,1315.5201034554
Lyso_PC(4:0),-0.09110862298021209,6.979096679844026,1.8204532545327572,0.17725933409852537,0.4113182627435066,328.1447 -> 184.1,PC,1279.7600860598,1337.3600883482,1352.5600967406,1305.9600906372,1145.140083313,1405.5000953682,1396.9601097103,1163.0800819397,1284.9600868226,1184.1600799561,1373.1601142884,1498.8600883479,1377.1000900265,1266.5400962835,1273.0200996398,1328.1000747678,1472.6401100161
PC (44:8),-0.09189358338716978,6.727630801572726,1.8225720887238959,0.1770074187957606,0.4113182627435066,886.6 -> 184.1,PC,1067.4200744628,1057.960079193,1114.3200798033,1109.0200653077,1069.1400756835,1098.4600753784,1099.3800888062,1142.8800811766,1077.2600822447,1093.4000701905,1108.4200706482,1205.6200828553,1099.5200691223,1072.8800697326,1072.7000656128,1200.4400863645,1149.6200828552
PC (48:0),-0.090749264591633,6.71556732788385,1.7763793073946177,0.182594555890809,0.4113182627435066,958.8 -> 184.1,PC,1088.7200775148,1073.6800804138,1065.9800834658,1081.7600708009,1121.4000816344,1065.4400711058,1158.2600936889,1053.4000778198,1136.8800811765,1079.6000823974,1106.3400764466,1092.1800651549,1086.4800720217,1057.2800712586,1236.3400955197,1078.5400772094,1096.7200813294
SM (d18:0/12:0),-0.09084580372624292,6.741872199062789,1.7822417697411304,0.18187429081043727,0.4113182627435066,649.5 -> 184.1,PC,1046.7800712585,1182.0800704955,1166.580078125,1022.3200683594,1179.7400817868,1080.4200706482,1076.7000808717,1052.7800827026,1079.1600685119,1129.1600685119,1122.1200828552,1081.1600761415,1243.1800880429,1122.5800895694,1036.0200691225,1165.5000839233,1243.2200736995
C22:5,-0.08354878800578079,12.191622188572355,1.6724118580973268,0.195935797160611,0.41930260592370755,329.3 -> 329.3,FFA,49703.0435333335,52773.683853143,51075.283622751,50495.0037269535,50079.96374512,47453.3632888882,49959.5235557479,48371.843521118,50775.9235534606,49178.483489983,53650.443870519,54141.3441772497,54778.703800191,48163.323486329,46853.2231368895,48281.7233047429,25730.0218963637
Lyso_PC(11:0),-0.08793722782774209,6.955928779674542,1.6940522905982025,0.19306764834419102,0.41930260592370755,426.2542 -> 184.1,PC,1284.3600997917,1309.2601013186,1083.5800743103,1205.020084381,1460.3801116935,1278.3200912475,1359.6400985716,1284.7200851443,1398.060092926,1419.8401069634,1299.9800872811,1396.6000900269,1229.6000900266,1164.6000785824,1301.3200798034,1231.1601028442,1370.0200881962
Lyso_PC(2:0),-0.08730002582332017,7.021399510460656,1.6764354522922602,0.19539877114453238,0.41930260592370755,300.1134 -> 184.1,PC,1272.2800941467,1409.7400894169,1396.020103454,1407.0201034538,1226.5800933837,1245.5400733949,1416.3600997916,1393.1601028435,1540.0801200868,1386.2401008612,1219.7800903319,1731.2801361082,1153.900085449,1416.8800926211,1171.1400794986,1328.9400939932,1384.0801010132
Lyso_PC(24:0),-0.08880563339802366,6.835692135450728,1.7117444898193197,0.19075918822313487,0.41930260592370755,608.4577 -> 184.1,PC,1222.0000877386,1135.1400833128,1094.180076599,1142.6200752257,1188.1400909423,1208.0800895686,1197.9000816344,1091.160057068,1178.3600883484,1264.6200828551,1159.7600822453,1086.8600807187,1280.0800857547,1257.8800888061,1087.7400779725,1129.2000656128,1608.9201240539
PCo(34:4),-0.08872308895906446,6.800362891841759,1.7067960002414928,0.1914016013341732,0.41930260592370755,740.6 -> 184.1,PC,1174.9800910949,1034.8200798034,1045.6000823973,1172.920078278,1189.1800765991,1297.3000907901,1101.3400726321,1167.8200912476,1517.4801025391,1047.140079498,1103.6800689699,1085.9000854489,1070.3000793457,1276.7600860602,1073.0600814816,1166.0600852966,1298.9200935361
Lyso_PC(18:3),-0.08663625246498895,6.865174350570023,1.6351063104466874,0.20099822631563213,0.42170216109358116,518.3168 -> 184.1,PC,1259.5000915524,1241.6200904845,1359.1800994871,1164.5600852969,1111.2600746155,1192.7800941466,1120.1200904843,1201.6600875854,1195.6200866702,1229.4200935363,1260.5400733947,1431.1600913991,1200.6400985715,1164.0200843812,1072.0200767513,1256.4400863649,1267.1400909421
PC (50:0),-0.08735956735070105,6.689925937118393,1.64335599177768,0.19986563391063747,0.42170216109358116,986.9 -> 184.1,PC,1087.3600692749,1058.5000686644,1054.7400741579,1067.2200851439,1066.7400817869,1115.9600830075,1060.8800773618,1063.0200767517,1155.8600883481,1073.1600837709,1094.5200767517,1090.2200813292,1080.0800781249,1099.44008255,1051.7200737,1072.1400833129,1059.4600715638
C14:0,-0.08099479696740845,13.50099748327748,1.5740672832029068,0.20961732738821134,0.43551561224346824,227.3 -> 227.3,FFA,128495.509170517,126771.588569646,124495.928649905,127148.628967293,123764.608871465,125909.889282255,122163.068603524,117757.928794884,131715.84912108,125005.629272471,133944.529708875,139494.890197737,135568.709777814,124066.669006357,112569.268005359,107286.947799668,54649.503845207
PCo(38:5),0.083695326576849,7.106545018572458,1.5482804975401283,0.21338946561362646,0.4390898619357313,794.6 -> 184.1,PC,1362.7601051329,1487.5001144409,1319.7800827029,1636.8601341247,1710.6401100164,1420.660102844,1653.4001121516999,1538.0001182556,1436.9600868226,1429.4801025391,1430.4401130666,1400.3401069641,1358.3001022333,1180.800094604,1320.4400825504,1396.3601074212,1447.9601135259
PC (46:2),-0.0828428613680375,6.71028502953912,1.4795793409708677,0.22384034990577936,0.4562079512365408,926.8 -> 184.1,PC,1096.0200767517,1104.8400764462,1081.1200866697,1055.5600776673,1085.4400672912,1084.9400749208,1120.2000846863,1058.5000801083,1075.0600814818,1101.7800788877,1060.5000648499,1153.3600997928,1127.1000862122,1084.2400665282,1112.8800697327,1089.1600761413,1123.5400848387
PC (32:5),-0.08149125143198942,6.834724803195774,1.44327443395035,0.2296102000092132,0.4567419896224477,724.5 -> 184.1,PC,1191.4800796506,1233.8600921633,1194.9800796513,1181.100086212,1114.3400764464,1068.0200767513,1180.1200866694,1262.1600990291,1036.2200698849,1400.1200904848,1232.0200958253,1172.0400772096,1265.0000877379,1224.7800865174,1113.2000732421,1108.1000823975,1323.16009903
PC (34:5),-0.08142511994914425,6.803293753476483,1.4377406461516191,0.23050530317394557,0.4567419896224477,752.5 -> 184.1,PC,1197.9000816342,1181.4400825499,1089.9600715638,1163.2800827022,1077.8800697326,1232.7000999454,1177.9400863649,1095.9800796507,1143.8400840757,1148.5200805663,1124.6000823974,1182.0800933837,1084.2000656127,1130.3600807189,1330.0000839232,1184.0000839231,1316.820083618
PC (52:4),-0.08174111516552057,6.726203041719018,1.4426927099076945,0.22970409804131028,0.4567419896224477,1006.8 -> 184.1,PC,1063.7800827025,1120.0200881953,1059.8000793457,1128.7800827026,1067.7000846863,1188.5800743105,1081.2200698854,1113.2200813294,1093.4800796509,1155.5200881956,1095.8600807186,1120.1800804137,1109.5800704956,1055.8400802611,1172.3600845334,1129.5400810244,1061.3800621033
PC (44:3),-0.07973032775609429,6.727106311632646,1.3725146061690494,0.2413803090398689,0.473902625087449,896.7 -> 184.1,PC,1099.6200790407,1094.0000839231,1097.8800697326,1245.5200843812,1055.1400794982,1094.4400749206,1076.2800712587,1059.2600746155,1093.3000869748,1086.5600776672,1099.5200881959,1109.1800765991,1173.0600814818,1126.6400794983,1100.0000801084,1134.8400840758,1084.0200767516
PC (30:0),0.07514265919190798,9.733922542895948,1.3367504954257683,0.24760783881518278,0.4817097955131738,706.5 -> 184.1,PC,7658.1805572529,7182.8005447347,8097.9005584734,8968.5005607621,8773.3005294803,10401.4006996056,10486.7809257487,10524.5407791078,8353.1607246421,8448.5606384286,8000.7406043929,8334.1405983003,8060.7806243854,8503.9006004318,8239.2205772346,7477.6806030297,14715.5011749146
PCo(40:5),0.07539139120283633,7.123660727466431,1.2572738702118542,0.2621677412273379,0.5054405101139667,822.6 -> 184.1,PC,1355.2200889592,1467.4800872807,1307.0000877381,1490.1401062019,1706.9001235957,1707.8401184083,1665.7801094057,1514.2201042174,1383.5800933843,1429.4801101683,1112.240081787,1367.6200866698,1535.3201065069,1450.4600944525,1391.9801139826,1414.1200981142,1533.1401023864
PC (34:4),-0.07351129247258678,7.044887291815426,1.1902875677613949,0.27527155814151555,0.5259652985918244,754.5 -> 184.1,PC,1395.0401077271,1418.7600936891,1263.6801071165,1102.1800842287,1305.4400939944,1883.5001449591,1429.6800994871,1198.3000755316,1542.3801193235,1279.7000999451,1474.5401115425,1234.1000900263,1318.2600898738,1469.6801109315,1441.9801063533,1301.3600921627,1440.2400932316
PC (44:7),-0.07356386276185581,6.727801591324695,1.1680643568440754,0.2797993202723664,0.5292555430850014,888.6 -> 184.1,PC,1114.7000732422,1076.9600753784,1078.9000740051,1083.7200775147,1123.2600822446,1140.6200866698,1099.520072937,1096.5000724792,1094.2200737,1116.6400794981,1081.1200637817,1081.3000869752,1162.6600837708,1145.0800781249,1071.8000793455,1122.3000755306,1155.9400901793
PCo(40:6),-0.07105971365847137,7.932048210947582,1.1577153132836386,0.28193986874621574,0.5292555430850014,820.6 -> 184.1,PC,2424.5401725761,2672.9001884465,2617.760204315,2711.0201950078,2355.5001640325,3098.9201812738,2712.7201805108,2316.0401573169,2288.9401588426,1908.8401260388,2686.5601730353,2744.4202117918,3039.3001937859,2463.9001960752,3036.7802276598,2835.8601989743,1488.8201065067
PC (46:0),-0.07238535171501807,6.709840569268162,1.129403561734456,0.2879025959913622,0.5357491786274045,930.8 -> 184.1,PC,1094.5800704956,1097.1400756835,1078.5600852966,1080.5200729368,1091.7400817871,1071.5400695802,1106.0400810245,1080.0000762939,1098.2000732423,1129.9000740048,1125.9800720214,1068.7800788878,1087.1800727843,1084.200077057,1061.000076294,1099.3200759888,1156.5200881956
PC (42:1),-0.07157468649294481,6.767497423999326,1.109317906358477,0.29223026860997087,0.5391144610563255,872.7 -> 184.1,PC,1146.3000793458,1091.9400749208,1171.4800872801,1098.6200752258,1104.5000801086,1198.2800788877,1160.7200851438,1137.6400833127,1110.2400779724,1099.960079193,1072.5800743101,1235.6000938418,1178.4200782775,1192.3600845339,1140.4400749204,1129.3400688173,1100.8600807189
Lyso_PC(22:5),-0.06895092354959963,8.03230297987232,1.0932154399755163,0.2957598679043527,0.540962493431893,570.3481 -> 184.1,PC,2196.240158081,2673.6202163689,2662.8402023324,2373.8401794435,3220.6002388009,3071.1601943961,2919.2202301027,3231.3801956184,2274.6001777664,2098.0801696775,3461.2202262894,3445.0202178956,2914.0401802061,2690.0201683057,2798.9402008046,2757.3401870725,1769.9401206975
PC (48:2),-0.06883394684910778,6.7036648974562905,1.0210848635404224,0.3122618146311782,0.5663053248395944,954.8 -> 184.1,PC,1107.1400794981,1079.3000679016,1166.1000709536,1083.3200683592,1054.4600715638,1056.1600723265,1074.5800781246,1071.0600738525,1087.4600677492,1105.7400741576,1104.4600753785,1067.0800704955,1094.6600761412,1114.7200775146,1054.4200782777,1097.0000839233,1111.8800811767
PC (42:8),-0.06743066347671192,6.679185567733357,0.97790775434735,0.3227158943460783,0.5803462301685778,858.6 -> 184.1,PC,1047.2000808717,1088.7600746155,1024.7600708009,1089.1400718689,1133.1000785828,1079.5000762939,1053.4400749205,1014.0800666811,1086.480079651,1111.9400749208,1047.1400680541,1024.0800781249,1027.8000602722,1106.6200828555,1034.4600715636,1114.0600662233,1135.1600799561
Lyso_PC(19:1),-0.06412778504804227,6.832369088949654,0.8935191092403336,0.34452544107078403,0.6051684493524677,536.3638 -> 184.1,PC,1095.3400840758,1199.2401008607,1323.2800788874,1077.1800765991,1177.960090637,1069.4600753785,1169.7600746155,1345.8401031495,1120.0400810243,1156.3600730894,1138.2000808715,1131.6200714113,1089.4600791931,1277.8801040649,1160.7200851435,1384.4401016241,1345.6800880439
PC (44:4),-0.0648010879356805,6.745919823820959,0.907984941975553,0.340649638796642,0.6051684493524677,894.7 -> 184.1,PC,1146.6800880431001,1153.3200798033,1132.700084686,1239.8800735471,1096.4400749208,1072.1800727845,1088.0200805665,1065.9400749206,1087.9000778199,1125.4600715637,1119.0400848389,1156.9200973512,1108.4200782774,1208.7600936884,1126.9200820923,1074.6400680541,1074.0600814818
PC (46:1),-0.06429794405984814,6.719511346979025,0.8917534782591492,0.3450025739299115,0.6051684493524677,928.8 -> 184.1,PC,1211.4400901796,1092.460071564,1075.6800651552,1148.8400802617,1060.2400779725,1066.9800682067,1072.0800743104,1055.160068512,1124.5600776673,1071.1400756834,1064.9000778199,1114.4600830072,1122.4600868223,1070.4200782776,1101.3200798035,1119.1400833129,1164.1600761415
Lyso_PC(20:1),-0.06300508889732492,7.032687812586335,0.8742997113090532,0.3497677105871291,0.6085389436231351,550.3794 -> 184.1,PC,1305.4601058958,1546.6001091009,1253.1600913999,1300.0401000981,1207.1400794981,1429.9801177974,1475.9201126092,1495.3801040649,1314.6600914007,1445.8801002511,1644.3201141354,1329.6600875852,1455.1201019287,1325.3200950624,1317.4400787352,1184.9400825498,1257.3800964357
Lyso_PC(7:0),0.06203223983685687,6.95964877880051,0.8440376832752428,0.3582445388994513,0.6182607364877627,370.1916 -> 184.1,PC,1391.1000976562,1220.3600883486,1293.1400794976,1453.7201042188,1470.5001068127,1309.2400856015,1502.4600982658,1332.1201019286,1171.420074463,1396.1801109313,1212.7000923156,1194.8000793461,1253.880092621,1307.9000854491,1309.9800872812,1210.2800827025,1112.2000732422
PC (34:2),0.058340840130394304,9.743767992512643,0.8056305110516888,0.36941525296188077,0.6274195566177975,758.6 -> 184.1,PC,8167.5605888342,8396.1406021097,8871.2206115731,10360.6007423381,6791.7604675291,9181.0404777411,9816.2807083144,8854.5007286145,8165.1404457114,8112.7005386385,7171.5004501345,8503.5405120692,8325.7806739809,8544.8405532929,8395.4206390347,7490.2605667121,18247.5612678524
PCo(34:3),0.06095697221747125,6.991813885501759,0.814691151920421,0.366736934852403,0.6274195566177975,742.6 -> 184.1,PC,1405.2201042176,1425.3401069644,1196.3000869751,1242.5800971986,1378.5401153567,1399.8000984188,1615.4801177979,1252.6200904845,1236.9200935359,1248.3000907901,1397.9600944521,1171.3000717159,1162.3400993343,1309.6201019284,1256.4800834657,1229.6400985717,1751.7801246654
Lyso_Sphinganine-1-phosphocholine,0.05945400487168273,7.102472938064612,0.7818665535634963,0.3765708886161909,0.6345367729438177,467.3536 -> 184.1,PC,1496.2801055915,1693.160129548,1372.5800857542,1322.3201026914,1535.4001045216,1641.1201095573,1717.7801361079,1352.8400993348,1292.7000999445,1531.5601043701,1541.2601051335,1164.3600807188,1653.7201194758,1173.7600860592,1197.4200935364,1580.9601173402,1178.6400909426
C20:4,-0.05615790058728524,10.883439154668379,0.7528595657955126,0.3855723828049364,0.6347114609250492,303.3 -> 303.3,FFA,21777.6613807669,21463.981594084,19696.3614387525,19385.5013809204,21254.5215873717,20071.6614685024,19099.0212707552,18944.7414093008,21240.9615249638,20815.5214271547,19877.2013473486,19755.2213287308,20586.1214828505,20284.2815628044,19110.4212989835,19282.8213081313,13304.8209495521
C22:1,0.05671908660904425,12.30212746190756,0.7709819946466316,0.37991343577181846,0.6347114609250492,337.3 -> 337.3,FFA,57043.3640594393,55616.0438614127,59097.6841048998,56522.5237121616,53838.5437087978,59314.6838989138,59473.224159232,58002.6443023513,54902.9039230174,55638.6439857693,56041.4234466573,56769.223945611,58151.8039932399,47720.3033027708,46072.9432601966,47084.603363047,16971.0611953724
Lyso_PC(15:0),0.058700745455595026,7.008336699582532,0.7575795391427569,0.3840870627152381,0.6347114609250492,482.3168 -> 184.1,PC,1417.7401084896,1473.680107117,1369.8200950622,1223.9000968931,1400.3600997915,1701.0801086428,1366.5201072691,1311.1400871282,1280.9200897222,1251.7600860598,1364.000091552,1258.260089874,1180.4600791933,1300.6200904853,1421.1800918579,1286.0800857541,1307.4200859066
PCo(36:4),0.05744868308340468,7.1842303230722395,0.732806407500938,0.3919750323706973,0.6403256253994597,768.6 -> 184.1,PC,1481.4401130689,1382.9600944519,1743.1601181018,1539.2801094054,1487.6200866706,1780.2601394653,1683.0201263421,1636.2001190188,1415.2800903326,1432.9201087951,1533.9001007073,1443.6800956726,1728.3001518255,1485.7601051332001,1306.3000869753,1362.0001029969,1459.1601066597
PC (36:6),-0.05489435393919238,6.764972641581885,0.6514864232654105,0.4195817452843482,0.6751164924124099,778.5 -> 184.1,PC,1023.9200744629,1098.5600814817,1097.7400779723,1308.6600913999,1193.420085907,1139.5200691224,1048.9400825499,1103.6800689698,1100.6400794983,1112.6200752257,1012.9600715637,1110.8000717165,1207.7200889584,1092.1000709532,1128.0600814818,1194.5800895694,1371.6601104736
PC (52:0),-0.05514942655521618,6.641191520268831,0.652404739054977,0.4192542324656819,0.6751164924124099,1014.9 -> 184.1,PC,1044.140079498,1056.9600791932,1041.9800720216,1053.0800743103,1049.920082092,1052.9600677492,1012.2600669861,1040.9800720213,1027.6800727842,1110.9000778198,1028.6600723268,1037.0000724792,1050.6600723265,1027.7600822448,1009.4400749208,1013.2400817868,1088.6200675965
SM (d18:1/12:0),-0.05442709691276357,6.762130342674497,0.6406486738121502,0.42347600057665463,0.6762974934582394,647.5 -> 184.1,PC,1115.8400802614,1143.3000793458,1192.9000816345,1078.1400794982,1144.1400794983,1111.9600753785,1168.4200897219,1089.0600738523,1096.6800804136,1059.4800720215,1106.2200813293,1175.1800804144,1232.0400886539,1117.4200820928,1024.7800750731,1176.2000885006,1274.8200950624
PC (44:2),-0.052958049465719796,6.7338002172072615,0.6056187063082099,0.43644222985583336,0.6918417569566544,898.7 -> 184.1,PC,1117.640083313,1088.3200683594,1157.7600822444,1104.5600814817,1085.0600776671,1062.9400749206,1055.780078888,1242.9400863647,1061.3000755308,1142.8000831602,1062.700084686,1086.7600746152,1117.5600814821,1072.2600708008,1072.7200775147,1231.5600891108,1157.5800895688
SM (d16:1/22:1),0.051288834743088985,7.445326871476276,0.5903200618561328,0.44229537946970093,0.6959647882832058,757.6 -> 184.1,PC,1641.3001098631,1680.8401412969,1788.040122986,1897.3401489261,1839.320137024,2083.3201522823,2242.8401679977,1606.2401046745,1735.4801254259,1625.600120545,1646.0000839228,1362.4000854494,1814.0401344301,1769.7601356502,1589.8201179514,2083.5801353445,2675.6801986686
C18:4,0.04921771123031313,10.872752295979513,0.5782682036503033,0.44699193150339533,0.6982209732972745,275.3 -> 275.3,FFA,21874.1416320766,20789.3215064959,21864.1414909364,19712.2614021308,20736.4014778114,20911.5414237932,20903.6614799548,20275.941471102,20550.2814178447,19890.1413650531,21332.1815490752,20617.4413833631,20008.6414375294,18104.8413124101,16715.6211700431,17394.8412551887,12110.1808624252
PC (42:2),-0.051325734433189295,6.740107763447894,0.5690938922298243,0.4506192042678264,0.6986891726972868,870.7 -> 184.1,PC,1141.6400833128,1088.7000694275,1098.0400848389,1066.2400779726,1128.0600852967,1100.6400756837,1151.7800788879,1179.7600822448,1110.6000785827,1097.4600753784,1107.6200828555,1122.7600822454,1111.0400772097,1131.8200874326,1107.8000793458,1090.7200813295,1175.6600875854
SM (d18:0/26:0),0.0508223394759987,6.818071734735639,0.5610898164167857,0.4538214719856209,0.6986891726972868,845.7 -> 184.1,PC,1119.2800788878,1193.3400802613,1240.9800949095,1273.5400924685,1329.2800941462,1220.8400878907,1056.0200805665,1388.9201087959,1263.7800941464,1143.7200813292,1261.2600860592,1115.1000938416,1033.1000633239,1158.7200737001,1011.7800827024,1090.8000793457,1175.8600730891
PC (40:1),-0.05046675049921091,6.80908168068104,0.5519914173447908,0.45750514186771235,0.6993292882835032,844.7 -> 184.1,PC,1169.9000816346,1024.9800758361,1131.6400833132,1100.2200737,1336.4401092524,1062.3800735475,1232.1400985726,1194.6000862124,1121.5800704956,1210.9000816343,1251.6000823974,1223.8000869754,1195.8400878903,1088.640071869,1063.5400772096,1018.9400634765,1537.4201049805
C20:0,0.046890737424458206,14.128321030636076,0.5278066571117961,0.4675304487678996,0.7095852201158193,311.3 -> 311.3,FFA,258762.398590117,248194.437835647,209516.074371326,202876.794403025,190215.673400885,176691.273254375,168470.671539325,163527.471771246,182602.312683114,174844.231903059,223754.195526095,219121.096130364,215452.954711893,173367.772003196,158997.591110197,154979.030929565,62300.204498283
PCo(32:2),-0.04721601856667823,7.992526990054746,0.5120259165098062,0.47426316504838717,0.7147346290165835,716.6 -> 184.1,PC,2146.1201477052,2145.2201309214,3015.1002197263,3006.6402282719,2484.9801559443,3026.7201843242,2550.8401756286,3513.8002548235,3017.620189669,2762.6601791382,3000.8402214055,2891.3802299484,2743.5402030951,2652.6401481636,2546.4401626589,2034.0001297001,1774.3001251216
SM (d18:2/14:0),0.046654722330803595,6.830385294987992,0.4735236280822219,0.4913705855317751,0.7353377993272718,673.5 -> 184.1,PC,1158.7200813295,1349.7600936885,1340.3400917052,1081.8200683595,1212.720085144,1147.2600746156,1310.4001083371,1357.8000984198,1136.3400726318,1115.7800865175,1214.3000907898,1160.6000709535,1111.3600769042,1114.6400718692,1227.9800872798,1147.3400840757,1051.0400695802
PC (42:9),-0.04584358907870771,6.70051527164307,0.45266117740143885,0.5010739053605691,0.7446514982441791,856.6 -> 184.1,PC,1078.6800727842,1127.1200828547,1132.7600746155,1094.0800819397,1161.1800880434,1013.3800735472,1027.3800773621,1075.0800819397,1058.3600769043,1022.5000762939,1136.4400901796,1071.7800750731,1036.2200660705,1114.8600845339,1130.7000808711,1037.9800796507,1175.1800880432
PCp(42:4),-0.04469462270315078,6.777204834260858,0.4327290803456272,0.5106528595757619,0.7536531858566418,850.7 -> 184.1,PC,1241.6400947569,1254.4800910948,1066.1400680541,1193.0000839235,1064.0200805662,1140.7600860597,1062.8200798034,1200.8400802611,1202.7000732423,1130.6200866698,1259.4400901791,1155.6200790401,1066.8400726319,1109.3400764466,1080.0600738526,1104.4600753784,1170.1000900268
C18:1,-0.04209554047416357,13.144036634481616,0.42511545814485885,0.5143955039722928,0.7539769715758265,281.3 -> 281.3,FFA,105827.287261958,103213.147094716,102367.066688535,100479.846679663,91842.3061141799,100106.647407548,96975.826980585,95378.266479471,90260.6460380409,85988.5660476652,112072.008064292,115347.307968156,112873.587631232,95097.8667297224,90715.8058776414,83158.4454803527,27126.7419319159
PC (44:0),-0.043342307826619735,6.711016300830946,0.40502633784234976,0.524504796540585,0.7635648058481986,902.8 -> 184.1,PC,1084.9800758362,1119.6400794984,1120.2200813292,1055.4200782775,1153.0400772095,1061.580078125,1065.7400779722,1144.5800933838,1073.6400794979,1067.800075531,1106.4200782775,1093.7400817869,1118.9200782776,1077.2200813294,1070.6200790407,1077.3800849913,1137.26007843
Lyso_PC(17:2),0.04056208047185949,6.830423298914534,0.35770530493295283,0.5497834205188664,0.7852965264977416,506.3168 -> 184.1,PC,1217.2800788878,1128.0000724792,1142.3600807191,1360.8601074221,1209.6800918579,1197.5800781245,1411.9001121516999,1206.2800750732,1122.1200866696,1065.2800750735,1220.2600936886,1230.5600852966,1161.5000801087,1135.0200805662,1036.340068817,1214.3000907893,1191.9600868227
PC (44:5),-0.04126009619983224,6.737947428572157,0.3675895010990313,0.5443211372906878,0.7852965264977416,892.7 -> 184.1,PC,1095.7800712587,1114.2600822446,1081.580078125,1129.880088806,1116.2000770571,1091.2200775144,1108.1200904847,1204.5800743103,1144.8200798034,1073.2600746154,1074.0600776674,1128.0000801085,1122.8600730895,1080.7000770567,1102.0400810242,1079.9800720216,1237.7800827023
PC (44:6),-0.040612383462913106,6.741168166533265,0.3565268490719782,0.5504414905358002,0.7852965264977416,890.7 -> 184.1,PC,1142.0800704956,1111.7800788878,1087.3600845338,1211.2600822445,1095.7000808716,1208.8600807194,1077.4200859066,1107.2400741576,1146.5200767518,1101.9200782776,1098.2200775146,1152.3800811774,1098.1600761413,1126.4800872802,1066.1200752258,1108.9600753782,1079.8000717161
PC (36:7),0.03999889954137418,6.8842944283801115,0.348573274100513,0.5549218781898957,0.7864455757128322,776.5 -> 184.1,PC,1521.5401153565,1181.5600814817,1427.4201049804,1305.2001075736,1189.9600906372,1162.6200828553,1173.9600868222,1131.6400871275,1135.2800865171,1118.1000862121,1302.3001060481,1167.2200813293,1134.7000885013,1131.1200828552,1084.6400794982,1323.0000915532,1541.4600982657
Lyso_PC(19:0),-0.03914974257392852,6.8423642057113945,0.33344356075789605,0.5636383957473027,0.7905955494597571,538.3794 -> 184.1,PC,1101.680088043,1128.4400749205,1474.4801139839,1085.6000785825,1243.500083923,1225.6400756833,1186.1400833128,1218.80009079,1084.8400764464,1068.280086517,1189.3800773624,1263.7200889586,1347.300106049,1102.1600761413,1244.3600807187,1201.9000778201,1244.8400917054
Lyso_PC(20:4),0.03692050514835213,6.870294065596784,0.29717901195499863,0.5856563555254091,0.7905955494597571,544.3325 -> 184.1,PC,1268.5600967406,1202.4400901785,1136.9600830081,1352.2200965883,1117.3000831603,1492.4201087948,1146.3800773622,1442.6801147465,1205.3800849913,1238.1200904845,1218.2600860592,1280.0600929258,1083.9800796508,1097.1000785828,1045.3600692748,1299.9000892642,1189.5200843815
Lyso_PC(21:0),-0.037060782558566596,6.786816105158794,0.2974940248088629,0.5854577238850136,0.7905955494597571,566.4107 -> 184.1,PC,1055.6200675966,1150.1200904845,1289.9600830085,1169.2400817866,1051.4800796508,1158.7400817869,1185.8600807188,1176.9000892646,1216.840072632,1097.6400718689,1203.0800781248,1072.0000839235,1163.5600776676,1071.3000869745,1138.7800827022,1106.6200752258,1338.8600997924
Lyso_PC(22:4),-0.03781009310532391,6.883812770024741,0.3119514722667791,0.576485145631056,0.7905955494597571,572.3638 -> 184.1,PC,1155.9000816346,1171.7800712586,1336.3200836178,1411.1801033022,1164.900081635,1285.8200874333,1202.4400711061,1257.8800888064,1415.9000968936,1188.240070343,1213.3800888059,1212.4400749208,1228.2800903314,1186.2800865175,1272.7000885011,1093.4000816345,1206.4200859068
Lyso_PC(22:6),-0.03636636337120631,6.900890299672368,0.2886305019817925,0.5910994762315941,0.7905955494597571,568.3325 -> 184.1,PC,1324.3800926213,1089.200073242,1230.4400787349,1096.3800888061,1349.5800933841,1256.8600921632,1427.0400924684,1235.1400833131,1045.1000785828,1131.380073547,1416.0801086423,1249.6800880437,1283.3600807194,1238.1800842287,1290.4200744631,1168.9000778197,1440.7400932321
Lyso_PC(24:1),-0.03805703329283668,6.8385593690093796,0.31482495133748856,0.5747343848591122,0.7905955494597571,606.442 -> 184.1,PC,1194.8800849911,1262.8400917051,1131.5200843804,1165.6200752259,1302.960079193,1129.5400810241,1152.58008194,1239.7200813296,1223.2800788876,1214.0200881958,1233.8600883484,1059.4600715637,1230.8200950623,1150.1800842283,1151.5200843812,1153.6000785826,1362.3801078793
PC (42:4),0.0366606526448557,6.908913506281077,0.2935802344500136,0.5879353139197968,0.7905955494597571,866.7 -> 184.1,PC,1180.7000808712,1216.6200866698,1136.4000968932,1293.6400833133,1353.5601043692,1407.920104981,1329.4400825499,1453.7201232908,1227.6400909421,1249.8800926208,1185.4600944518,1474.7801170349,1135.7400817871,1171.0600776671,1128.9200859069,1102.0400886535,1346.8200988768
PCo(34:0),0.036917442728528364,7.383042902194232,0.3045384603308179,0.5810511038806284,0.7905955494597571,748.6 -> 184.1,PC,1589.4401054377,1652.0401306153,1771.0201339721,1553.3201065066,1801.5801391596,1527.0000991829,2011.2001342792,1877.2201461788,1505.4401283261,1474.560092926,1742.2201271053,1822.7001190196,1570.4201164252,1495.2001190182,1771.3801193237,1477.8201026929,3159.2202148442
SM (d18:0/14:0),-0.03835993612106554,6.970505119812186,0.32224424332607704,0.5702620481685073,0.7905955494597571,677.6 -> 184.1,PC,1145.3600883486,1209.9800758364,1368.3801116941,1220.8400802608,1327.3001022343,1541.5401268007,1300.760086059,1281.1800956725,1327.520095825,1262.4600830076,1257.2200889589,1224.4600830074,1342.5400962829,1228.8600883487,1274.180095673,1290.5000953676,1732.1401100164
Lyso_PC(18:4),0.03564575413693024,6.811853336962237,0.27589032626202936,0.5994075820428971,0.796728090417267,516.3012 -> 184.1,PC,1407.7400970452,1170.9800910954,1233.800083161,1133.5800781249,1036.140071869,1194.3000755311,1342.1600952144,1203.2400894159,1180.9400901798,1040.9000663757,1137.8600769047,1035.4200744627,1183.6000862122,1267.6000900275,1166.2200737001,1063.8400764467,1195.5400886536
Lyso_PC(14:1),0.034348991529233125,7.281004382736968,0.2634277127095448,0.607774989453057,0.7970587760522058,466.2855 -> 184.1,PC,1687.940128327,1480.0401115409,1629.2201156619,1821.8401222218,1732.560123443,1838.5401268006,1802.0201301562,1628.0601120006,1593.8201217656,1514.4001045233,1904.8001403826,1601.0401077273,1506.460090638,1309.5800895694,1627.3201217655,1662.6001167297,1330.6001091004
Lyso_PC(3:1),-0.0344075699090119,6.917352289877866,0.2589679281952222,0.6108300900586997,0.7970587760522058,312.1134 -> 184.1,PC,1346.8000869751,1379.0401039116,1266.0800895694,1267.7600936883,1199.3000869748,1257.8400878906,1377.9801139838,1177.0400810237,1087.5200767521,1280.8200874323,1312.4800987244,1402.6800956726,1236.1400947562,1145.020076752,1427.7000923154,1177.1200866698,1149.7800750733
Lyso_PC(6:0),-0.03446329780866131,7.042274310423134,0.26150989025173743,0.6090847325363861,0.7970587760522058,356.176 -> 184.1,PC,1442.3001060489,1497.5001068118,1552.4801216124,1332.6601028447,1320.1600952147,1153.4400749206,1404.0800819393,1371.7801055899,1190.840084076,1334.4800949097,1409.5801010131,1307.8000831608001,1669.2801055913,1408.3601036068,1159.1200714112,1385.9200897213,1510.2200965888
PC (44:1),-0.03419655069136205,6.7261206750196205,0.25220650148763424,0.6155256794549775,0.7983181539597889,900.7 -> 184.1,PC,1143.1600761415,1080.320072174,1132.02009201,1095.7400741579,1075.5000724792,1065.1600723266,1108.3000755309,1160.2600860591,1084.7200736999,1090.7600784301,1079.0800819397,1082.6200714109,1067.7400741578,1096.2200775146,1068.6000823975,1112.300086975,1290.9400863647
PC (40:8),-0.03370485369031046,6.757451189752333,0.2454449680209514,0.6203008368380301,0.7996649342369785,830.6 -> 184.1,PC,1198.4200973506,1085.7800750732,1211.6000976559,1151.9600906369,1114.1400756835,1143.3000717162,1024.3600692747,1091.740081787,1069.5000839234,1056.1400756835,1058.44008255,1076.2600746155,1143.0800743103,1122.640071869,1042.6400680543,1265.4200820925,1393.2800941462
Lyso_PC(20:0),-0.03277293423249371,6.956471920511132,0.235221174097326,0.6276791433737411,0.8043313573771294,552.3951 -> 184.1,PC,1187.1200942992,1373.0400962834,1514.9601058964,1222.1800994872,1438.0000991823,1219.0800895693,1285.8400993347,1171.6600799562,1322.3400878911,1280.6000976559,1336.1200981134,1239.7200851444,1171.3000717167,1319.8400917054,1381.0000953672,1147.7600746155,1487.4201164254
Lyso_PC(22:2),-0.031710324798627613,6.851738384270101,0.218894277127184,0.6398837182488328,0.8114921249964628,576.3951 -> 184.1,PC,1137.9000892637,1396.5401039116,1065.4800758363,1200.4400825502,1311.5200920105,1281.6600875856,1236.7000808716,1119.7600860591,1279.1200790402,1226.8600997921,1085.180076599,1124.0400772094,1235.2200813292,1360.1200981142,1157.2800827027,1074.020072937,1251.6400833125
PC (42:6),-0.03174218859497221,6.7440331603864365,0.2176305811136361,0.6408512575906645,0.8114921249964628,862.6 -> 184.1,PC,1075.9000740052,1107.780078888,1115.880088806,1100.3800773622,1159.8600921627,1150.2400779728,1189.6000900266,1101.0400810242,1019.3800773619,1045.1200714113,1175.2600746155,1049.6600646972,1213.1200714111,1110.1400794983,1025.2800750733,1166.4000778198,1265.7800827023
C20:5,0.029631611602828633,11.544727288057597,0.21009066337097693,0.6466963522765323,0.8140765846304583,301.3 -> 301.3,FFA,30579.8023185694,34161.182392118,31260.7423171965,32262.7823524543,33800.8224906931,32856.3221893326,33606.802383419,35281.8223800622,29557.7821845994,32009.882122044,33044.8224639926,32489.2822647094,33087.2623481807,29737.0623245256,28772.3419952412,28757.9820632948,20526.2014312782
Lyso_PC(21:4),0.030351939057174426,6.909494238154438,0.20119140436472627,0.653760892540221,0.8181569064538438,558.3481 -> 184.1,PC,1324.1600913995,1272.7400894166,1231.8800888066,1211.5600814818,1281.9200935367,1437.7601013178,1277.5800857544,1291.1000785831,1225.5200881954,1192.7200851438,1098.9000740052,1105.6000785829,1080.3200798037,1349.2600975038,1316.5400848384,1300.5600967404,1397.200115203
PC (42:7),-0.02979354278862292,6.701195156757474,0.1912035408748265,0.6619168030574124,0.819848187308671,860.6 -> 184.1,PC,1069.380077362,1032.6000709533,1143.6800765992,1087.7800712587,1128.9600868225,1094.4200706483,1064.3800697325,1145.3600769046,1037.2200698852,1131.2600784303,1080.7000846861,1068.7600860596,1046.1600799561,1106.4800758363,1044.7800712584,1049.2600784301,1176.7801017763
PCo(44:4),-0.02965821415259705,6.750767053089445,0.19017083727282458,0.6627744691794397,0.819848187308671,880.7 -> 184.1,PC,1083.7200736998,1145.6200790402,1165.0200843811,1117.0000724793,1120.3800811767,1214.480079651,1107.1400756835,1139.1600799565,1087.2200813295,1118.2000846864,1104.2000694273,1093.9000663759,1127.90007782,1069.8400764467,1181.3800773614,1097.2200813294,1181.3400993342
C18:0,0.025974894035664105,18.47316401378351,0.16206382549171394,0.6872634675208057,0.8309287121437989,283.3 -> 283.3,FFA,4360715.85366815,4114119.81860503,4353586.89749186,4313415.92897077,4062844.33877512,4167694.4715888,3992494.55941873,3820629.41162127,4018594.56942825,3931451.63141037,4232421.95692424,4318189.48324555,4183034.40991167,3793666.22518897,3530186.67648328,3216711.25469832,238026.458847061
PC (32:3),0.027354972400282576,7.289010869502185,0.16697021710539417,0.682818629450987,0.8309287121437989,728.5 -> 184.1,PC,1457.6001091005,1663.0601272569,1624.3601188657,1889.3001289371,1686.7801132208,1684.4001197815,1744.4201164243,1706.7401123051,1525.0001068117,1607.0601043702,2119.1601524358,1530.4800987238,1606.9401092522,1460.1001091013,1446.4200935369,1352.8600959775,1750.7001152051
PCo(32:3),-0.026620690041510017,10.115141867040032,0.1684967871680101,0.6814512303410468,0.8309287121437989,714.5 -> 184.1,PC,9610.7407646142,9223.4406394992,11530.3407135019,11845.720733643,11645.26083374,16050.361251819,14341.100959777,14233.6409873972,11311.100769044,12453.400924672,12444.920959472,13292.920974732,13369.660919187,10426.760787965,12016.0008087141,10547.620773315,2886.2202224731
PCo(36:5),0.027496807127899255,6.937095994185375,0.16548886157796616,0.6841525199795457,0.8309287121437989,766.6 -> 184.1,PC,1138.600074768,1258.020072937,1319.7600936887,1176.6800765991,1401.3400993349,1513.0801200857,1238.740085602,1530.44013977,1303.8200950627,1062.9000740051,1249.6600837704,1183.8600921632,1294.8200912469,1165.6200790407,1332.3800926212,1329.0000953676,1307.500095368
SM (d18:2/18:1),0.026428061354238273,6.782838986601551,0.15127283425806404,0.6973219478721193,0.838353353059739,727.6 -> 184.1,PC,1174.5400772094,1161.3600845335,1100.740077972,1160.0000839233,1161.8000793459,1303.0800819392,1117.7000808717,1265.5200843811,1153.0200691225,1056.020072937,1065.8400764465,1138.4400787355,1131.1600875852,1029.8200759887,1128.9600791932,1165.8800697327,1281.7000923161
Lyso_PC(22:0),-0.024245864281137702,7.258699629267886,0.1309242526315444,0.7174756604444955,0.84190641501662,580.4264 -> 184.1,PC,1679.3401107799,1273.940090179,1786.2201271053,1432.0401000978,1853.2801208498,1525.3001022344,1768.1001167297,1562.9801177984,1425.7800903314,1652.7601280214,1655.0801200868,1472.1200981131,1543.8001174921,1530.180107117,1408.1401100144,1838.4001388547,1851.7201271059
PC (36:4),-0.024142045565160572,7.8889727849534665,0.13299882535426377,0.7153427941654382,0.84190641501662,782.6 -> 184.1,PC,1937.0401496886,2191.7401390064,2367.3801727292,2072.9601364135,2420.8401718146,2831.3202247607,2768.3401603709,2633.2201995845,2085.6401367183,2642.9001922602,2234.7001838681,2391.3801689141,2269.7201728815,2308.8201751706,2254.1001510611,2491.9001617435,4421.960300445
PC (40:7),0.02467646846023502,6.862284501728159,0.13253693663447486,0.7158160226858281,0.84190641501662,832.6 -> 184.1,PC,1305.0001068115,1260.3401031498,1303.5800895678,1221.3000984188,1231.5000801085,1131.8600807193,1288.06010437,1190.0400772096,1150.8600883481,1314.360107422,1195.060092926,1124.80009079,1169.1600761412,1074.4800720217,1160.4600715641,1155.6400909422,1431.160095215
PC (42:5),0.024567013438658927,6.952176262651219,0.1322623555665121,0.716097787714493,0.84190641501662,864.6 -> 184.1,PC,1143.0800857546,1461.0801124572,1347.0200958256,1360.9401016246,1219.6800956725,1358.9400939935001,1358.5400848386,1457.1000976567,1272.7600898747,1332.2000923149,1262.5400924683,1223.500091553,1166.1800765989,1399.960113525,1222.8400917052,1194.0400924678,1250.2800865176
PCo(36:2),0.023902733310281733,7.538712020279165,0.1285425266995901,0.7199480091029975,0.84190641501662,772.6 -> 184.1,PC,1881.5001106264,1514.3001213074,1982.7001342776,2043.6401214603,2035.7001419056,1834.3601303106,1600.9401168823,2315.5801620477,1710.5401077273,1904.5401229849,1719.1601448061,1598.8400993336,1874.9801330572,1751.1401176446,1752.7401084901,1996.0601272583,3678.7202796963
PC (34:6),-0.02401459161041057,6.758198777606711,0.124647684698731,0.7240473654781199,0.8420985663712917,750.5 -> 184.1,PC,1075.3400764465,1015.1000823974,1228.9200935361,1106.9600868225,1219.5600852966,1177.6000823977,1070.340080261,1189.8800811764,1096.4800834657,1041.9200744628,1052.7200698851,1207.220096588,1179.3000755304,1100.3400802607,1119.4200820924,1041.5600662231,1342.5800895687
Lyso_PC(19:3),-0.020936773203268665,7.677141752615653,0.09962567824198487,0.7522792979788789,0.8702041609052977,532.3325 -> 184.1,PC,1968.2401275637,2035.5001525883,2003.9201393131,2246.5801391608,2489.1201896668,2554.7801780707,2189.8201751715,2313.140144347,2686.4602088933,2500.1001892072,2022.4201583869,2370.2001495375,1852.5401268007,1855.8401412962,2030.580142976,1954.2401313785,1310.0600967409
Lyso_PC(15:1),-0.020442791212479133,6.8054636323879265,0.09072270429934726,0.7632603895168372,0.8781598029924902,480.3012 -> 184.1,PC,1315.7201004029,1113.0600776674,1074.1600723266,1176.1600799561,1256.0400962831,1204.4000930787,1133.140083313,1238.9400863643,1273.9000930791,1225.5800857547,1068.0400810239,1138.8400650026,1097.5000801087,1142.5800819396,1078.3800697328,1204.0000915526,1147.4200782776
Lyso_PC(17:0),-0.019083016617251623,6.952303870647576,0.07962073909309098,0.7778120326209931,0.8792060168273375,510.3481 -> 184.1,PC,1166.7600708008,1418.580097199,1446.2601013183,1228.7600708007,1168.2800788881,1211.0400772093,1319.7400932309,1312.1601028446,1237.4001007084,1330.44008255,1152.3400802611,1232.5200881957,1187.4000930788,1389.8000793452,1208.8200874331,1223.5400886535,1821.1601409909
Lyso_PC(17:1),-0.01966124181953929,6.876218606731665,0.08429918965427419,0.7715536717682353,0.8792060168273375,508.3325 -> 184.1,PC,1127.3800849915,1084.8800735472,1192.000076294,1278.8600883483,1259.2200851441,1380.7401008614,1479.1600990296,1184.0600929261,1103.7000846861,1173.980091095,1141.7600784303,1190.600074769,1274.1800880433,1255.1600914,1254.4600944514,1283.5801010133,1236.9400978088
PC (32:4),-0.01894819126791442,6.743188053696441,0.07758046054688883,0.7806034728840847,0.8792060168273375,726.5 -> 184.1,PC,1153.5800781251,1088.2800750733,1216.2000732426,1137.3400764467,1065.1400794981,1083.1600761413,1245.8400917047,1086.8000793455,1079.3000717163,1093.9000740053,1139.4400825501,1066.8000755313,1061.8400802612,1088.3000717164,1162.9800758359,1106.2200851442,1178.9600753785
PC (40:10),0.019311147053568952,6.821935521913321,0.08101466699344684,0.7759270459449682,0.8792060168273375,826.5 -> 184.1,PC,1329.9400978087,1274.960098267,1091.5400772094,1099.1600761412,1239.0000915523,1140.9800834652,1222.3400917052,1317.4201011658,1146.0800895693,1112.1400794983,1173.4600906371,1176.9800796509,1146.8001060484,1122.8000755313,1180.320087433,1117.9200744627,1235.7000961304
PCo(42:4),-0.018414892698419675,6.734465348554325,0.07323259060102671,0.7866869981311834,0.8814189403145195,852.7 -> 184.1,PC,1020.3000755309,1210.0400924686,1058.6000709532,1137.8600769042,1137.5800781248,1074.9600753784,1229.200084686,1155.2000808716,1026.8400802611,1022.7200660707,1081.0400772093,1163.1800880432,1088.480079651,1199.3200759883,1091.0800743102,1076.2600708011,1166.5200843811
C17:0,-0.01569192363983132,13.930991536816281,0.05910595730188106,0.807914632119483,0.9004881837165071,269.3 -> 269.3,FFA,169672.511611924,163777.232574457,178457.572418249,170524.192535422,164165.871368409,186554.433242784,183814.473495531,173262.531768816,165572.511550893,161028.452117925,183650.492889427,191763.953826883,188036.173553472,166406.231384267,151410.670288096,137929.070510892,40828.862838747
C22:0,0.014281360971178002,13.593923887322731,0.04894762749790971,0.8249047033120086,0.9096870620061659,339.3 -> 339.3,FFA,144824.810279841,139063.650268542,143651.150039697,138303.349838248,138198.870864861,143364.09005737,130906.309555048,124099.508254991,135372.829833997,127886.009048475,152796.370803843,147376.370170614,145087.570053088,120192.508453356,112101.568008403,105137.287567142,51079.543594373
PC (40:2),-0.01466692722450394,6.857975289542303,0.04669330278252648,0.8289204536972071,0.9096870620061659,842.7 -> 184.1,PC,1119.4200897216,1173.9000968933,1268.2400856014,1145.3000831601,1094.9600753784,1219.2400856014,1285.80009079,1209.0600891112001,1102.3400764463,1102.3600807191,1213.400089264,1115.9200820921,1310.5200881958,1087.3000717163,1115.4800796509,1151.1400833128,1965.1601486205
PC (44:10),-0.015298012441703361,6.8706017039864715,0.051034742164816294,0.8212724286516263,0.9096870620061659,882.6 -> 184.1,PC,1241.9800872805,1282.1600914005,1146.1400833128,1172.2800827022,1183.8400840759,1201.7600936885,1291.8401107786,1475.7201080325,1287.3200912481,1203.1000747682,1159.640079498,1154.5800933837,1249.0400924682,1206.4200859076,1127.0400848388,1278.0400772095,1145.7400817868
Lyso_PC(18:1),0.0120451739047209,8.556104695025187,0.033785849846196925,0.8541630791396781,0.9141228622125768,522.3481 -> 184.1,PC,3869.3002815264,2999.8202056887,3893.0602455144,4514.0603446974,4660.9203567494,3913.3002662667,4701.6003417969,3937.4602813736,4125.2002410872,3995.1002502432,4219.3802719117,3487.2002830495,4499.1602973934,3535.5802307129,3325.4002532955,3644.6002578742,3729.0402374264
Lyso_PC(5:0),-0.013804578464264491,6.981652417208869,0.04182172385851857,0.837959976287107,0.9141228622125768,342.1603 -> 184.1,PC,1426.4800949091,1291.1400985722,1162.5800743104,1394.4600906374,1418.2001075747,1426.8001022337,1353.3400917047,1265.4400978088,1269.2000999458,1274.84009552,1375.1200981137,1231.5200996402,1400.8801002502,1269.1600913999,1178.040081024,1374.9400939936,1374.2000923164
PC (38:6),0.012206671511363643,7.5730721677482995,0.0337121573242154,0.8543204319743708,0.9141228622125768,806.6 -> 184.1,PC,2177.4801521299,2161.3601722717,2109.8401451107,2248.9401664735,1853.5601310731,1991.9801597588,1992.1201248177,2068.6601600642002,1925.6001243589,1858.6601257314,2141.4601478559,2193.1601600636,1837.1001358025,1943.7201232909,1945.2201423646,1918.6801261901,1498.7001228325
PCo(40:4),-0.012426875179833173,6.912682619560238,0.03372823399232061,0.8542860889273378,0.9141228622125768,824.6 -> 184.1,PC,1420.3800964359,1164.2600746154,1473.1201019287,1178.6200828549,1367.2400894169,1208.540084839,1129.4600715636,1233.8400878906,1318.2801017762,1256.6000709529,1113.8000793455,1283.2000923156,1245.2400856019,1119.9600868224,1274.1000862124,1210.7600936887,1438.5000877385
SM (d18:1/26:1)17Z)),-0.012977022683565285,6.847394509141841,0.03658298245662017,0.8483165835974853,0.9141228622125768,841.7 -> 184.1,PC,1137.3200798034,1094.3400650024,1457.2801017764,1215.7400856019,1165.2200851435,1173.6600914003,1192.2000923153,1166.8800849914,1103.540081024,1324.6400909419,1082.1400680543,1261.2601013185,1168.240070343,1074.6000785828,1110.560070038,1145.9200744628,1631.9601097123
PC (42:3),-0.010133610189570425,6.8211990951874695,0.02231464644747927,0.8812531002736678,0.9382495694455966,868.7 -> 184.1,PC,1139.6000938416,1206.4200935362,1297.0600967409,1298.9400863648,1195.6600837706,1165.3800888061,1110.3600769045,1227.0800933838,1209.6200866699,1150.0400810242,1112.360080719,1264.960102081,1121.0400848388,1190.5000801092,1112.0000648497,1133.0400772095,1175.7200889584
PCo(36:3),0.009378184413719317,7.085054534065763,0.0194116741775634,0.8891927156422704,0.9420160452843855,770.6 -> 184.1,PC,1434.3600997926,1453.2000923157,1248.7600784304,1281.0600929261,1361.0400886534,1577.9001197809,1698.580123903,1531.8001213065,1435.2800979617,1327.5600929266,1559.9001274096,1279.0400848389,1554.4001083381,1391.1001014707,1171.1600837713,1297.3600921632,1579.2001075741
C18:2,0.00796186344847565,11.102059295966155,0.015147197624550301,0.9020485378519948,0.9509280152725462,279.3 -> 279.3,FFA,26306.1618499737,26282.6819114675,23332.0216598514,22517.8215713469,24553.8617134122,25213.8417053246,22146.1615829469,22737.3615875215,22948.3416214032,22586.9615631127,26749.2420005806,25386.8617286687,23982.0417861948,21780.8815765389,20356.5214347818,20181.4814910889,14117.1009483347
PC (38:8),0.007881660619077198,7.006345864453565,0.013628658871429167,0.9070646277676907,0.9515285801092442,802.5 -> 184.1,PC,1229.7800865174,1455.9600906366,1172.7400894163,1392.2001075745,1320.7200889591,1407.9801025394,1550.4601135252,1250.0400848384,1231.580078125,1415.1800994867,1410.1400947573,1154.8200798033,1421.6800994872,1173.900096893,1244.4600944519,1208.9800834654,1868.3601455672
PCo(38:6),0.00655413427952608,6.982114228887628,0.009411252154679417,0.9227171758036204,0.9577342548146116,792.6 -> 184.1,PC,1262.0401039125,1273.1000900268,1313.760086059,1374.9600906374,1450.4000968936,1255.6000862131,1269.0400848387,1403.7800979614,1247.0600852966,1248.8200950619,1430.2800941468,1315.4200973515,1207.600082398,1224.2800941462,1268.4800834657,1164.6800880433,1812.2601394659
PCp(36:5),-0.006728421329180594,6.8708757446676385,0.009849536894242839,0.920943878887485,0.9577342548146116,764.6 -> 184.1,PC,1213.9600868228,1280.7800827024,1253.7600975028,1190.1200828553,1169.0200805666,1294.7200965881,1184.0000762939,1192.8800773622,1152.7400817865,1086.2400894164,1139.2600822448,1210.8000869752,1249.1200866702,1165.6000785828,1150.9800910948,1245.6800918581,1663.080127716
SM (d18:1/14:0),0.006226705030393296,7.084578447276443,0.00853165308205206,0.9264064988160029,0.9577342548146116,675.5 -> 184.1,PC,1299.2200889586,1149.8600807191,1555.9201087949,1359.0000953677,1359.920101165,1320.1000938421,1752.0601348885,1363.9600982672,1388.5801010122,1574.6401062016,1268.380069733,1461.0001029962,1203.800086975,1373.6001014717,1192.100082398,1168.3000793461,2427.7601699828
C16:0,-0.0038615099583839316,18.586759464931852,0.0035817872994812205,0.9522766676750221,0.9754645672042409,255.3 -> 255.3,FFA,4704654.3965445,4444880.30819628,4647656.61456518,4542500.02658069,4330468.03765719,4458976.82421947,4329151.41076552,4099676.15417245,4207575.35009835,4204176.27575718,4566008.05111595,4707774.66140756,4622215.93273871,4268711.64062359,3975600.21759234,3601231.38970949,212711.674194336
Lyso_PC(18:2),-0.0037469265188707222,7.0475645155330575,0.0030918432349018588,0.9556570026802814,0.9754645672042409,520.3325 -> 184.1,PC,1458.8400993357,1588.2601127635,1509.1201057435,1227.1400947569,1313.3000984191,1311.3200950629,1435.4201011658,1383.220096589,1440.9801101687,1133.3400840757,1260.8600883487,1415.5401000987,1343.6600990303,1283.6400871276,1544.1201095582,1349.9601020808,1539.0000991827
PC (40:3),-0.0034037004828120646,6.93493680249134,0.002533310757984353,0.959857819537931,0.9754645672042409,840.6 -> 184.1,PC,1342.140094757,1192.9400863649,1140.1400756837,1524.0201148991,1197.8400955199,1364.1800918583,1295.8400917053,1285.0600967399,1312.1400871278,1216.7800750738,1468.9201164243,1103.5800819397,1248.6400947571,1257.3600883483,1116.2200775147,1198.4000968937,1521.8601112359
PC (44:12),-0.0032567717024318808,6.758017475856243,0.002295144406568639,0.9617898302808169,0.9754645672042409,878.6 -> 184.1,PC,1123.3800849915,1315.8600959772,1105.4400901794,1067.160079956,1140.9600791931,1080.8000831602,1091.4600830077,1329.4201011662,1139.5600852965,1103.0000801084,1135.3600845337,1060.3400726317,1090.6000747679,1128.9200782774,1078.2600669861,1143.300075531,1109.660079956
PC (42:10),-0.002044609383669298,6.723091821155672,9.01628246048336e-4,0.9760454201622998,0.9806277930269116,854.6 -> 184.1,PC,1167.4600868224,1079.8000869751,1052.1000709534,1121.2800750732,1126.2200813294,1200.1200790403,1154.8200836185,1061.9400787354,1069.2800827024,1090.960075378,1040.9400863646,1091.2400665282,1084.9800834655,1101.6600723264,1072.5200805663,1036.880077362,1247.7000961304
PCp(40:6),0.002406916970278567,6.967841118154237,0.001267887535277623,0.9715954009944865,0.9806277930269116,818.6 -> 184.1,PC,1186.0000839231,1312.040096283,1363.440093994,1266.7400932308,1323.0000915524,1436.9400787361,1244.9000854486,1334.2200889593,1126.020072937,1460.1600875856,1159.6000900264,1239.060085297,1202.6400947572,1251.2400856021,1199.4800872803,1355.3400840764,1836.9801177975
PC (36:5),0.001108690712268188,6.914521541216366,2.6832106610363837e-4,0.9869308294481317,0.9869308294481317,780.6 -> 184.1,PC,1249.6400947571,1521.1401252745,1320.0600891111,1258.520095825,1179.9000778197,1225.6800880433,1196.1000823976,1210.0600852969,1292.3200912471,1160.5600776672,1312.5601005553,1239.2200927738,1080.3000831605,1287.7400894161,1246.4200782778,1105.480079651,1590.3801193226
