lipid,logFC,logCPM,LR,PValue,FDR,Transition,type,C1-Cells_r1,C1-Cells_r2,C1-Cells_r3,C2-Cells_r1,C2-Cells_r2,C2-Cells_r3,C3-Cells_r1,C3-Cells_r2,C3-Cells_r3,R1-Cells_r1,R1-Cells_r2,R1-Cells_r3,R2-Cells_r1,R2-Cells_r2,R2-Cells_r3,R3-Cells_r1,R3-Cells_r2,R3-Cells_r3,blank
C20:0,1.9004191930244259,15.357859172661717,417.2089434302798,9.884563678383468e-93,2.1152966271740622e-90,311.3 -> 311.3,FFA,867555.280272966,749756.813659617,737588.867645508,768445.074065974,739520.674865739,737859.294219943,122765.648742677,127628.868438724,119722.909149181,159329.651275606,139158.529953005,131400.429168695,141457.089752218,129478.208831754,133151.689392068,194005.752563412,177612.952514665,185023.253478991,62300.204498283
C19:0,0.9598910418974923,14.747832218407588,111.77919394165224,3.994054749821798e-26,4.2736385823093235e-24,297.3 -> 297.3,FFA,392171.906585811,401198.986801039,417857.230804474,349088.784912111,353767.443908596,354315.98464968,135951.029418942,138012.489761326,144595.770202653,166876.59097291,158389.330612137,153961.330322277,134773.569152808,155436.331649763,179823.433502197,154209.911895764,159505.111328095,175539.592559812,67751.444732647
PC (36:2),-0.941363297689638,14.378287025018897,107.57068073549914,3.3378673200280884e-25,2.381012021620036e-23,786.6 -> 184.1,PC,126465.888793869,114565.887786785,107325.627746653,126263.369628968,134726.06909175,126709.108612029,121149.208419739,118007.548339832,116406.249267526,258012.456115889,226962.017456136,216477.235534745,229150.894103915,226234.075927734,222686.43371578,272273.976928499,276438.400695856,269525.698852558,23948.5619277688
PC (36:1),-0.9218196436541418,12.495813878663114,103.12879220759805,3.1405356894100638e-24,1.680186593834384e-22,788.6 -> 184.1,PC,33027.04261399,30982.102500923,28097.7420654339,37878.603149396,33889.142410277,31858.302307121,33575.342224111,31718.442298908,33109.242515563,67266.204910281,62795.464538573,62444.823913593,61594.50471496,59486.184112548,58246.584548929,71607.785705569,70581.043945306,69861.764709474,14336.3008880579
SM (d16:1/24:0),-0.9183046283278022,13.244449322620476,102.40901450754512,4.516417629820062e-24,1.9330267455629864e-22,787.7 -> 184.1,PC,58257.544677726,52093.243545516,49017.923400873,56919.723983769,59771.723846421,55880.323928836,56048.763771052,55397.563980087,56474.983123793,119344.407928415,102156.649505585,98529.545562758,105754.486602923,101976.887298562,96931.926361018,123495.46850583,123527.028869635,119305.748565636,15561.8409767029
SM (d18:1/24:0),-0.8762793163171111,10.47847560307404,92.9679042955706,5.314930648719023e-22,1.895658598043118e-20,815.7 -> 184.1,PC,8132.880531311,7732.0805397009,7822.0205879214,8651.0005912802,8209.3405609122,8014.9804763784005,7681.3804702742,7951.7205123903,6895.3604621888,15909.520870198,14043.6809043741,13420.9211311361,15218.4810791002,14476.1609878461,13388.1008834719,17508.9411926153,15867.6211051821,16996.9010848986,8831.2206382744
C15:1,0.8691424316044646,14.019184648072807,91.92094513918255,9.020915944679267e-22,2.757822874516233e-20,239.3 -> 239.3,FFA,75882.385353102,474003.574943653,554938.257934737,44395.223236086,92523.326042208,124026.048492414,35767.9826354992,61346.404190061,100702.947326664,49063.9232101397,88472.126022325,92858.1467208892,51068.323463433,178693.933547988,244222.996353146,40241.122772221,53780.463684102,83714.3657302827,37924.2226715055
PC (38:2),-0.8648481451490933,11.45497014204109,90.83462082256932,1.5619634313173549e-21,4.1782521787739244e-20,814.6 -> 184.1,PC,17221.9212760825,15331.1009368969,15548.4811324987,18938.0414504961,15433.7412033115,15783.3409729019,16731.6814155626,15143.5808563227,15636.6609420681,30832.0422134469,29454.7218933018,27237.4422226105,31522.8022384746,28129.0222244276,28222.7619247483,35029.342735286,34621.562500006,33194.1423950209,8506.7006835846
SM (d18:0/22:0),-0.8337047440659469,11.048293630122695,84.42841525984429,3.983808659721751e-20,9.472611702005052e-19,789.7 -> 184.1,PC,12126.4206542977,12298.9407310498,11703.7007675057,12822.5607872061,13535.5407867516,13185.0007286012,11690.7006454549,11114.3607864474,13275.6011047281,24093.741882328,21827.5017623918,21452.2014312785,22077.0414962763,21447.0614242487,21701.1615066427,25101.7416458223,25068.3216476396,25994.5615997194,5912.8204383852
C22:6,0.796472661015528,12.71500679231101,77.32511722628328,1.450101471814588e-18,3.103217149683218e-17,327.3 -> 327.3,FFA,91329.106231679,80821.145782451,79373.7054595891,82230.225654589,81673.185790991,81537.265518193,39893.98279571,39691.3428344659,39603.062713623,43546.922904963,41428.022918698,39700.542861936,40347.68299866,37460.082695003,36607.1826477027,43260.643127442,44215.403114324,43699.263061523,31051.162117009
C14:1,0.7947572194166231,13.469017349394612,77.02949450330652,1.6842383181386101e-18,3.276609091651478e-17,225.2 -> 225.2,FFA,59332.224243168,295430.180511524,333237.221542316,40635.26283264,67423.804565404,85446.866119381,34818.182472235,49316.423492441,69376.025001527,42452.323028564,62613.90439607,69203.884857178,40298.402961727,113083.528045635,150693.990493759,36045.062576295,43759.243209842,58759.0044403,40406.66294861
C22:0,0.7913178786382022,14.015649819022997,76.38868866520875,2.3298195314566023e-18,4.154844831097607e-17,339.3 -> 339.3,FFA,236036.036605862,197625.994934092,199667.393524143,215035.696121231,205666.094558697,200592.753997821,96928.067016604,96782.086791985,94777.926483151,122915.28845215,104808.347717291,102537.887359624,94044.96643064,90360.546371474,85215.38568114,112468.748230015,107876.667419393,111831.868057242,51079.543594373
PC (38:1),-0.769999467094598,9.36526251641415,71.60387852951764,2.6303912748381255e-17,4.3300287139642985e-16,816.6 -> 184.1,PC,4062.5802879324,3868.0402641282,3613.3802604677,3908.5602188097,3974.4403076155,4501.3003273007,2850.6202278141,3695.7803077689,4003.9802207947,6995.220489503,6758.8604888911,5639.2604598995,6530.9605064389,6780.4004554743,6721.2803916926,7317.4405517572,7424.2405776978,7352.1605453526,4048.800292968
SM (d18:1/24:1)15Z)),-0.5786107011278931,12.103649573622485,41.02705916074615,1.5013612190251028e-10,2.294937863366943e-9,813.7 -> 184.1,PC,29597.8217430033,28193.2420272831,26330.8016090416,29473.0620841883,30343.7421150217,29936.2422790638,28831.7819137806,27335.7817649779,26962.9018936104,46371.9238433835,43467.622756966,39335.3625373705,41654.163345346,41380.5432510353,39932.3828048707,50545.1236190823,49800.8833999604,50060.424110409,15759.3212776419
Lyso_PC(20:3),0.5395032147390542,9.273348287779388,35.35969852646484,2.741002599363797e-9,3.9104970417590177e-8,546.3481 -> 184.1,PC,4475.5203437788,3573.94021988,3260.3002891528,10081.3206596369,10063.1006469664,10632.1807632443,3738.3202552802,3775.5402717582,4265.6203422538,4919.2604026795,5165.1803779599,5301.4803199778,3823.7402305595,3355.4002532963,3600.9002456658,4484.0203781116,4278.6603088378,3581.3602981559,2050.5401153562
PC (32:0),-0.5336992706987395,14.564185883846037,34.985838714586066,3.3211194802029384e-9,4.4419973047714304e-8,734.6 -> 184.1,PC,175089.231201272,157523.071899393,145658.247924901,176838.193969603,171039.032287548,163161.932556229,170928.950256485,166064.471374575,159865.371581904,271728.580139288,243569.216491484,227029.979248136,239880.035278362,234358.217773407,221830.915161152,280746.196411077,273602.37817382,262725.27746578,19829.7414550925
PCo(32:3),0.5282894306546876,8.743273332963827,33.72456189784396,6.349391351274587e-9,7.99276323042801e-8,714.5 -> 184.1,PC,3528.0002403264,3213.5002517702,2316.1401672361,5001.2603378272,6021.8804092396,5265.8204040529,3369.3402404774,3748.3402366647,3180.4002380362,2589.7201461793,3177.4602279656,2986.3601913455,2819.340175629,2466.4601707446,2773.0602111805,3005.1002426152,3189.98023224,2726.6601715087,2886.2202224731
PC (36:0); PCp(38:6),-0.5181686496548649,9.39005329720532,32.65397735719821,1.101138572875085e-8,1.3091314144181565e-7,790.6 -> 184.1,PC,4474.1003456108,4064.9602775562,4445.5603027345,4571.6003417958,4820.4203262334,4778.5202865585,4679.0403022763,4008.6002578732,3964.6202850335,6008.5204124461,6704.2403869625,6111.7404251107,6451.1805076593,6569.9004898073,6672.2604713422,7292.7605247477,6604.8005218518,7158.6605224609,2908.0001907348
SM (d18:2/24:1),-0.47517206527663863,11.183268568496121,27.691472359663862,1.4228857524816626e-7,1.6026186896372411e-6,811.7 -> 184.1,PC,17692.4411621219,15977.4411010712,15182.220924369,16913.8810043297,16789.201095582,16042.6012954806,15147.1812973023,14904.1410751365,15291.5209007199,26289.222034461,22030.9613037177,22613.6813278196,21074.0814742959,21036.3613624483,19634.9815597532,26904.722015365,24655.4418068016,25702.4815521203,5050.7403602613
C20:1,0.46587035684221073,12.22555035619644,26.66285998158295,2.422331575778584e-7,2.5918947860830847e-6,309.3 -> 309.3,FFA,62182.544368737,52090.6032104606,49370.1237983603,52038.2436676043,47733.223594643,47199.4633789102,30188.2620506233,33361.6024208116,32061.9021530143,38875.3228607056,35436.882316595,32900.5023689256,30249.3820800804,29743.6420517,30679.0422897278,36542.9825439411,35621.8623504625,37562.5025978124,16399.5211181652
C16:1,0.4565531789730991,12.190179202695894,25.61037362783702,4.1778732902454573e-7,4.257451829107275e-6,253.3 -> 253.3,FFA,57902.864391337,38191.1428642282,39353.9631385849,55656.8040237418,47998.9833106887,50084.4837722766,33187.002346037,37812.1428222719,33645.2824096635,42579.4030036842,33137.9622077941,33086.3622779835,31237.0821723943,27619.281986241702,26940.5219421361,35748.7427368249,33353.3223686149,36658.9426841634,17972.8213386525
C20:3,-0.4544011655975907,13.481495338109314,25.39305927636292,4.6759746883735306e-7,4.548448105963343e-6,305.3 -> 305.3,FFA,90266.9068679609,64562.8839988577,63687.6244239783,95236.6267738414,86161.3260955438,87265.5067519899,76568.6655578304,81151.1256179596,74571.6855468618,145884.15052796,116120.98788069,105720.327270493,100798.387523602,92005.8060989605,91267.5465698259,126656.628612531,127602.189556121,129245.588493345,18531.941375734
PC (40:2),-0.4582950693521517,8.250571180052537,25.24362078744064,5.052640940519601e-7,4.701152875092151e-6,842.7 -> 184.1,PC,2433.7401771537,2062.5201797484,2083.2001190178,2254.0601730357,2067.1601333621,1497.1601142886,1842.2401466378,1822.1201133722,1996.8601608277,2604.3401718135,2687.4201889046,2484.8001899713,2912.9402160649,2944.2801971447,2812.9401969909,2853.8401794429,3603.3802528401,3047.9002304083,1965.1601486205
PC (32:3),0.4514197376499409,11.658530762576488,25.02524778683697,5.658449336303282e-7,5.0454506582037595e-6,728.5 -> 184.1,PC,33772.2424163786,30844.64251707,29570.9422454859,33310.442474369,32220.522399904,32280.5223388635,31206.4625701916,30115.0822219819,27946.6820907501,28295.7619476468,23701.5616798399,22679.0616531214,23635.061553949,22835.6614837666,20938.6213760254,23801.0014915422,25089.9812850872,24432.6217041004,1750.7001152051
SM (d18:1/26:1)17Z)),-0.45100309447795034,8.487514789947197,24.54707904696319,7.251618558629256e-7,6.207385486186643e-6,841.7 -> 184.1,PC,2563.1201515196,2247.5601844789,2295.9801673879,2678.6601829524,2471.7001609804,2125.6001892086,2338.8801498414,2612.5202026358,2475.9801597596,3845.3002357481,3330.8602600085,3015.7002334605,3746.5802497846,3233.5202445987,3252.4602317828,3244.7802009569,3241.8202438343,4323.8802986148,1631.9601097123
SM (d18:0/24:0),-0.44951531395708555,8.303495066346136,24.305134623971753,8.221960139804107e-7,6.7673056535310715e-6,817.7 -> 184.1,PC,2113.1601371756,2138.8801307682,1810.540126801,2566.8801803577,1871.2801361086,1831.4801254277,1546.5800971982,2514.6801605241,2220.4601516724,2899.3001708991,2591.740180969,2301.9601402273,3065.5002021789,3055.4402389531,2819.4002037058,3321.2002220132,3124.0802574165,3458.3002548238,2306.9801673888
PC (40:4),-0.4449458005446712,10.272602641552693,24.232006236746173,8.540121300840148e-7,6.7688368828881175e-6,838.6 -> 184.1,PC,8119.0005912787,8559.2406997671,7465.0405578601,9635.5807762206,9479.1406631476,8513.3806877151,9339.8606338482,8747.3006439226,8148.7605056757,12367.9208183273,12207.0208206117,10767.7408790604,12169.8008651675,12508.0007400536,11155.840835579,13847.1009941117,13404.840831753,12803.7008857794,1865.8201408388
SM (d18:1/20:0),-0.4430153200302419,13.743124522787124,24.143833051867375,8.94020013794119e-7,6.832867248283624e-6,759.6 -> 184.1,PC,105061.126678451,88959.585723875,88336.326507602,105869.766449049,100728.186614948,99164.826110712,97871.288177522,92971.66677853,93936.627410944,155783.470703065,131692.707977342,125635.928131229,132844.509063686,125066.429077051,125167.729614206,148652.308380301,152194.690216123,146818.810058523,11250.0007553173
PC (34:0),-0.43347070106788016,12.52415937055809,23.103228446505568,1.5353269297832716e-6,1.1329653895642073e-5,762.6 -> 184.1,PC,40906.4432906984,38843.683410636,37294.322570799,46412.543304451,43023.303207404,44984.123580932,43034.4830169614,40963.102066054,38481.762344348,61774.924636828,58888.103347786,53270.943206782,55380.023941029,53033.1846847657,53223.203308117,65830.243743896,66022.285018918,61918.8848876848,8230.9204902642
PC (32:4),0.4317610080579497,8.582640170869468,22.54150178415103,2.0565226515236902e-6,1.4669861580868991e-5,726.5 -> 184.1,PC,3943.480285646,3289.8802413929,3268.5202713029,3317.7602386483,4183.0202827439,3483.1402511591,3845.8402671818,3726.3402442931,3161.9602241497,2922.6402359,2708.720176697,2699.2002067564,2679.1802101121,2720.3201675411,3231.8802375783,2694.0802001947,2613.5601730351,2631.3201904293,1178.9600753785
C15:0,0.4169119303526328,12.685142736624107,21.379261094073968,3.768253123588758e-6,2.6013102207999815e-5,241.3 -> 241.3,FFA,56948.323883062,89376.787048338,100584.247161867,50702.663253779,50078.583587654,54909.643661484,40262.46295166,41818.402908329,47115.9832916343,41926.9431457495,45398.563186641,46867.383331295,40980.923057552,53367.943695067,61356.024658197,40706.742965695,39043.9026794436,45249.562881463,39058.582794191
C18:2,0.41334566685548757,12.01658608311149,21.00420003324926,4.582776364434736e-6,3.06473169371573e-5,279.3 -> 279.3,FFA,50664.8039931942,37683.2627372671,36511.0426673879,45918.3832473571,41741.8426666408,43692.1233520363,30672.1824340834,30217.6420974726,29178.0821304294,33589.2423553443,31542.5424041692,28360.8420639023,27961.7220077524,24820.4016227732,25893.1619110064,33036.5025444067,32755.7624664352,34139.3823852557,14117.1009483347
SM (d18:0/20:0),-0.409268141970354,14.613993789151557,20.621973139120314,5.595025734285118e-6,3.628289415566713e-5,761.6 -> 184.1,PC,194156.192870944,169511.231872663,161776.850402863,192799.272582964,193227.89123528,186684.511962825,178479.911132736,173410.832214369,169176.329986599,271759.080810568,236527.953430125,219236.432830836,234959.777099358,235759.194152608,225860.6762697,279570.002136371,279423.558471659,271015.198425394,19020.1812019292
PC (34:2),-0.40142951721848474,14.967260656327849,19.84327791931446,8.405780470631482e-6,5.2906971197504035e-5,758.6 -> 184.1,PC,239412.317749054,215467.836364699,214071.755371042,250534.754821655,244794.701049766,240871.158508387,229904.694396937,225497.297363276,218027.656249882,353315.18688965,309335.260986454,285708.183593587,305072.761108482,285598.820983874,291810.94201652,354753.144226079,347872.283874666,345295.48333737,18247.5612678524
PC (34:1),-0.39891436139358977,16.02568922710091,19.59832544645633,9.555291016920601e-6,5.8423779360600246e-5,760.6 -> 184.1,PC,505178.85852033,455688.10729994,416809.19287104,524119.95361329,508926.80078132,508810.85424823,480892.92846671,468481.45678727,459335.1340333,718439.53735358,625946.4675293,615681.92504881,640023.64477531,618382.27978512,592354.24707039,735265.83569345,717270.35009764,716286.33178706,46707.243446354
PCo(36:4),0.3831372890836871,9.142956332293057,17.86826182087733,2.367364860113619e-5,1.4072668890675402e-4,768.6 -> 184.1,PC,5310.4603385911,4368.0602989205,5105.1203918462,5666.9403381364,6603.9205284106,4906.6803970329,5008.9403343207,4818.2602996838,5304.3203773515,3932.9802398692,4922.4403915412,3930.5402488708,3944.1202888498,3869.6002922053,3882.2602615375,4034.540252686,4897.3604240419,4342.9603271492,1459.1601066597
PC (38:4),-0.38040780346032876,11.994937961609581,17.799400656119587,2.45460551446347e-5,1.419690757014007e-4,810.6 -> 184.1,PC,30035.021942143,29957.6620407168,27332.8219833494,32259.2228546191,30982.0819473155,29785.6820144721,28443.321884157,28180.541900618002,27980.861618026,42835.582931528,37375.3625945921,37815.6231613276,39067.1225166422,38373.122673036,35929.8421935986,45245.903610234,44092.783157355,40643.002410899,5126.9003601079
PC (38:3),-0.37789283801117235,12.051195695037716,17.566662286165382,2.7740925785980014e-5,1.5622521363683483e-4,812.6 -> 184.1,PC,31538.822090145,31483.402374268,27871.561698919,34871.342079159,33602.3224945149,29520.402366639,29483.3022613605,29217.1223297083,28551.501747119,44694.882781979,38447.882629416,38464.1222305403,40042.962997441,38446.2625427178,36414.2622985781,46582.663337705,47525.563644411,45734.32336424,4873.6803550732
PCo(34:3),0.37871384866444785,9.59605710860491,17.516575313131437,2.8481380746705374e-5,1.5628244819987052e-4,742.6 -> 184.1,PC,6899.5804061882,6221.860397338,6850.1204032915,8728.9606208769,7863.2805824288,7968.020507811,7269.4004821768,6676.3005752567,6179.5405349742005,6226.9004096988,5893.7804489114,6031.3003921499,5215.7003479002,4929.2203712451,5315.5803680418,6644.5004882822,6074.1404609683,5728.9403915426,1751.7801246654
SM (d18:2/18:1),0.3777380589237915,8.462003386115885,17.24105931321247,3.2924324561220705e-5,1.7614513640253077e-4,727.6 -> 184.1,PC,2948.8002090442,2956.8002052303,2835.8601875321,3802.3002395613,2747.2602272025,3250.6002502448,3749.5002861013,3208.8602256781,3441.5202674875,2722.6201934816,2547.340175629,2364.3801689151,2743.7602081314,2716.140159608,2147.6601600657,2733.060211181,2567.9001770027,2799.1601867664,1281.7000923161
PC (30:0),-0.37268471662078456,14.229992704411897,17.108387896885773,3.5306032012834146e-5,1.8428026465235384e-4,706.5 -> 184.1,PC,143696.472442567,132853.369567854,128342.929809662,150728.851440576,141539.049926784,142770.888794009,143980.230651975,139775.68859877,134235.049621407,202516.176147412,177138.152893127,173982.853210415,183272.532928368,173147.051818624,172534.871887195,211252.454589979,209267.174285891,204582.033386071,14715.5011749146
Lyso_PC(19:3),0.3719134024733966,7.6386285410834525,16.451791936333557,4.990298970091235e-5,2.5426761419036287e-4,532.3325 -> 184.1,PC,1209.6600799562,1325.7800941464,1573.8601150505,2459.9801864617,2941.3002357488,2310.7201461807,1286.0201072696,1329.7400970459,1401.620105744,1666.2801246648,1568.3401222232,1633.5401306159,1183.1000938409,1365.7200927737,1285.6400947567,1259.160095215,1430.2800979616,1367.1201095584,1310.0600967409
C20:4,-0.35391808986002743,11.687398492173093,15.405741149429474,8.67244072506175e-5,4.124227367029365e-4,303.3 -> 303.3,FFA,26752.221862793,22507.0216827378,21759.7416000338,24770.5017738335,24148.6617736786,23450.7616500857,21927.1816558804,22926.3615989694,21602.3416290304,36663.2025871341,30400.7021369906,32508.7023582444,28737.8420410157,28010.3618545531,26586.341865536,33174.8624114924,31702.4421958907,33167.1024970996,13304.8209495521
PC (40:3),-0.35592614930820743,9.218165398112195,15.435012299139565,8.539145521426522e-5,4.124227367029365e-4,840.6 -> 184.1,PC,4025.8402557372,3981.8202705373,3919.4202728256,4051.040279387,4359.8403129565,4436.1002616888,4799.3403816214995,4207.9403076152,4627.9203109738,5686.0804252624,6081.3603706367,5586.6203880303,5318.1603775018,5867.9604225151,5274.9603157044,5874.320323944,6453.7004241936,5291.2603492762,1521.8601112359
SM (d18:0/16:0),-0.35388351775043264,12.85824031678505,15.421274304910922,8.601447062241314e-5,4.124227367029365e-4,705.6 -> 184.1,PC,58609.043930054,50256.203155521,49011.483581548,59322.943634026,54477.903839109,53640.96427916,52265.3039474526,55415.144042973,53259.323959362,78029.54414368,71775.065803545,65900.864105237,70442.785659804,67761.865386966,63511.20382692,80776.726348876007,77402.085693354,75623.305732719,10604.1006813067
SM (d16:1/24:1),-0.35049368292221056,11.923033127542327,15.115400297754313,1.0113487773811437e-4,4.704970399120973e-4,785.6 -> 184.1,PC,29397.962055206,26295.0419311469,27418.0020141589,29287.1821289276,30446.161895747,28262.421768197,27710.981796264,30015.3018875122,25826.2819404607,43579.702957175,36861.042617791,32452.5822258032,34860.182678223,36396.8427353033,32466.0223693893,40964.583282458,41051.342536911,42133.463165264,5384.400352477
SM (d18:1/18:1)9Z)),0.3406459138619527,11.151288007818408,14.262617754512945,1.5899133183903868e-4,7.239179790117931e-4,729.6 -> 184.1,PC,23088.701354969,20105.6615867577,20577.921405799,22594.4414825563,21466.9016418287,22609.741561887,19624.5413665758,20408.8814697258,19635.8416175713,19987.9213752735,17443.9609489289,17252.4814605662,16387.6810874984,15224.1208801232,15425.0010223431,19257.7213020277,19569.9813423033,16768.9811744673,2693.7602157585
PCo(40:6),0.3373621895981366,8.748237498309527,13.80923867205323,2.0233882189738255e-4,9.020939142924972e-4,820.6 -> 184.1,PC,4177.9202957159,4048.9403419498,3366.9802131668,4492.3003807071,3728.0803031896,3528.660232544,3622.9002037034,4282.7002906801,3723.9002532949,3452.3002433771,2951.6201934819,3006.3201980599,3326.0202026348,2621.4601669307,3030.0002174405,3728.4802970875,3262.1402130125,3650.9002494813,1488.8201065067
C17:1,0.3266209703406705,11.402767440391232,13.119558677389849,2.9222886486918376e-4,0.0012762648384082719,267.3 -> 267.3,FFA,31132.5822715773,25960.2418785096,25668.0618476865,24578.6817131044,24912.8215980544,24946.2416992241,18911.1813736006,18615.9413719196,21245.6415023803,20136.2014350888,19828.3614616383,19075.7413902309,19011.2212829604,18432.121318816,19057.6813354481,21081.5014228796,21356.5815048214,22042.6015510549,13673.1409568842
PC (36:8),-0.32178283807417063,9.737818583551556,12.665288714812704,3.725070027285622e-4,0.0015943299716782463,774.5 -> 184.1,PC,6448.8003730755,6173.9604606629,5398.2603492727,7230.5204734799,6413.2205505367,5946.5804367053,6559.8204536441,5936.5403747555,5468.2203674318,9153.0606002747,6758.7404212961,7359.4604835511,7861.600681304,6820.4004745484,7479.1404571615,10003.9807014396,9251.0607185363,8237.6405639635,2613.340179443
Lyso_PC(18:1),-0.30640578342271596,10.52894495859763,11.52525696447691,6.865696001441327e-4,0.0028808998908008707,522.3481 -> 184.1,PC,12711.0008964583,11486.080886842,10367.7607803385,11688.6208648597,10781.5609016391,11361.3608360232,9302.2005691464,10068.1407203756,9635.6805496225,15902.2611885246,14306.700885765,14259.4809493892,13898.7809257463,13883.2211265492,11229.3608894285,15539.0610313412,13802.0009422286,13190.0810241603,3729.0402374264
PC (34:4),0.29532991120978647,9.663410362849007,10.669346606324169,0.0010892558738011151,0.004482706865258435,754.5 -> 184.1,PC,7893.7206192028,7458.5204391476,6530.640487671,8063.4206543002,7554.7004890405,7530.7604446401,7162.32057953,6759.620407104,7415.9605522164,8035.9404449451,5838.5604286203,5675.7204628003,5400.260406493,5367.4003982552,5344.880340576,7974.0006065363,6509.4604034422,6735.1605110167,1440.2400932316
C22:1,0.2895152545248172,12.295505805424286,10.325309031054719,0.0013121828740431515,0.0052913697926224275,337.3 -> 337.3,FFA,50699.5233688237,47968.863471989,49536.043632510104,47199.3235397453,45532.5428848264,46632.8235130292,38910.3028106705,39716.322769159,37444.7427291806,41060.6629714935,39507.0427932757,36555.1224975607,36776.9825744683,36183.822456358,33983.302482599,40740.9030303908,40269.1430206241,40682.1629333453,16971.0611953724
C24:5,0.28902302209549713,12.644716027736578,10.293210919784999,0.0013352054616897714,0.0052913697926224275,353.3 -> 353.3,FFA,68190.605010983,61001.2443656922,61924.8842697135,63491.9444885008,60220.564254777,59925.384109505,43869.0831146268,46180.163085943,44475.023101805,53278.423767073,49230.4434585537,46371.183288575,45999.983329773,42975.1430053723,42216.3030471848,53085.283592229,51243.503517146,52011.1636200006,27545.1619339023
PCo(32:2),0.2817276366062506,10.134362366834155,9.733048351216539,0.001809840802190449,0.00704192603034102,716.6 -> 184.1,PC,10832.1807861247,9578.1607704164,9521.8406410176,11262.4807128879,10365.8207473795,9850.2005882235,10390.8208274812,10275.5207939128,9712.5406990148,8677.7406501765,9094.2206192028,8289.3606491092,8892.7606887809,8844.6406631428,7767.5405731221,9833.2407989451,9234.0605621349,8344.9805221566,1774.3001251216
PCo(32:0),-0.27211476915673516,10.796489629922421,9.10078579358867,0.0025549970470038303,0.009763738715336066,720.6 -> 184.1,PC,15193.1610946685,12816.9208602956,11578.7208099379,13481.801002505,13141.1609497164,13237.2009048604,14595.6611557145,12260.0208053583,12668.9808158788,16988.981327055,15466.6609497123,15431.8012275597,15849.6810722442,15529.6010627836,14875.4609909181,19005.1013069303,18259.7214126575,19193.8011817878,4154.520263672
PCo(38:5),0.2704789485590751,9.538051047913207,8.944886778642612,0.0027824734018540315,0.010446479087662506,794.6 -> 184.1,PC,8027.7805404676,7031.3205375648,6597.260456083,7559.4005775457,6579.8404846186,6105.3804893502,6546.2205352779,5663.640457154,6160.5604095455,6156.7803382846,6006.5204353322,5480.1404304509,5467.0602951064,4792.8803215031,5299.6403427116,6493.000415801,6809.8004455556,5866.6804351798,1447.9601135259
PCo(38:6),0.2643493902296998,8.634180480651638,8.473627759603012,0.003603320991521392,0.013295011934234102,792.6 -> 184.1,PC,3525.940231323,3224.1402168251,3453.9602279674,3655.8002738954,3442.7202873214,3894.320278167,3415.1602592461,2803.1201858513,3776.6002616891,3220.5802230855,3226.5202064507,2831.1201934814,3346.5802345289,2395.9002075201,2645.2801704403,3389.620243073,3178.5601997366,2991.0201988221,1812.2601394659
C24:6,0.25744983929895815,12.321690401847047,8.16746088731395,0.0042648568822571745,0.015469141911915854,355.3 -> 355.3,FFA,50543.483459474,45923.42303467,43575.543144226,45837.883193972,43079.843017581,45715.023277276,38443.842483516,39970.022651676,39592.703010557,42549.823043822,38713.542724608,37887.762451172,36388.122497556,35129.2024002027,35991.0625076235,38893.442802428,37574.002899169,40451.5628356938,33288.402328494
SM (d18:0/18:0),-0.2539190544151152,14.385631236772916,7.953848342115521,0.00479852333738634,0.017114733236677948,733.6 -> 184.1,PC,172324.570373506,161420.570739657,145339.289306521,176954.592315629,166882.411499133,172635.813598661,166887.313690089,157209.991424663,150986.991882324,231982.63629158,196066.1916504,185868.15209954,193988.889587399,190150.053710798,181637.853210432,221079.033996589,223943.69497675,213504.395874125,11872.8607711758
Lyso_PC(24:0),0.250811191116275,9.176054998891596,7.6722931558005305,0.005607514793214596,0.01967226501226104,608.4577 -> 184.1,PC,5367.9404144275,5413.6604194659,5300.480392455,4308.9402618429,4967.4603157058,5037.9803543063,5297.440330504,5495.3404579163,4901.980350497,5481.4003753665,4806.2403335562,4365.3603057862,4570.520301817,3632.380229949,3905.8202438374,4900.380352019,4652.2803077675,4365.6003265376,1608.9201240539
C14:0,0.24699303369116657,13.254216028338789,7.523302472119668,0.006090592003987178,0.02102236594924607,227.3 -> 227.3,FFA,99083.147170999,82500.885650638,83355.286346468,97257.666870104,83711.945800775,84462.106231684,72092.88536072,76699.445266755,76105.165435762,87576.6858520371,75012.665222171,74533.945129383,64528.564773553,67020.624496442,68720.244979858,81633.245590211,71542.445037834,75513.245391853,54649.503845207
C18:1,0.2453975983098556,13.611318859245928,7.427890852012297,0.006422056965082882,0.021732874685365958,281.3 -> 281.3,FFA,150598.250350958,96483.386856072,95580.426475501,136095.089294432,124256.929702749,126444.748336787,90916.826820364,92959.946578973,94337.1260795375,121865.229095445,100407.786849981,91462.346466084,82118.2856063586,77050.1451339752,75649.245079036,113554.487190223,110850.047698981,119119.428504976,27126.7419319159
PC (36:3),-0.2450859021027147,12.845115697849021,7.406309578733243,0.0064995513077729964,0.021732874685365958,784.6 -> 184.1,PC,59798.123779292,51971.603912345,52456.743957522,57902.683883669,60331.304077154,62570.864288325,53272.724090579,55105.90399169,52762.783874504,75718.905807508,63793.324813847,62480.443984977,70494.845184309,61737.1042556714,63494.445083627,77959.065200757,80076.264373774,73090.866256715,5613.9203796379
PC (30:2),0.24272887668637383,11.3336766397041,7.252541875608501,0.0070800720800998284,0.023309775771405587,702.5 -> 184.1,PC,24757.5418472251,23263.3416671874,21752.121887203,25934.62162018,23020.8413925136,24364.3819580155,22074.0216293326,23206.7817001246,21782.501434304,22918.802047726,19878.5414810296,19598.6611938551,19642.8614425555,19512.4811706329,18710.2413711676,21591.6417236277,21361.8617172196,22811.9813842934,1994.9601326001
PCo(40:5),0.24223873264517354,8.59067184324442,7.114185680205999,0.007647633492857435,0.02479687223441653,822.6 -> 184.1,PC,3729.920310975,3796.8602409376,3373.7202415471,3152.2802009572,3003.2602043147,3157.3802261359,3267.0002365108,3699.900276186,3054.160213472,3086.7802581805,3205.4002189643,2364.4201507576,3103.620220185,2687.9201812745,2433.52017212,3187.3402671817,3519.720233917,3259.0202445971,1533.1401023864
SM (d18:1/26:0),-0.2398907634787374,7.742049971411442,6.872300160383224,0.008754190528165458,0.027961145866080714,843.7 -> 184.1,PC,1621.2401275643,1604.4001197815,1490.3801193235,1353.7400817874,1442.2201042184,1755.9401397708,1340.6800842284,1621.1801223753,1577.0601043693,1772.0001297003,1921.1601181021,1643.1801147468,1598.4201126102,2191.9801635729,1850.0401382455,2059.3801231385,2224.2201652516,1784.5401153564,1387.6000938415
SM (d18:2/20:1),0.23431218665001824,9.1314717401798,6.695259580837607,0.009666959277434026,0.03042248949074826,755.6 -> 184.1,PC,5038.7602882402,4771.2203826898,4635.6802825937,5382.4404258715,5443.5004005424,5279.3803176881,4741.0403747562,4521.9802932747,4991.7203407266,5103.3403434767,4474.1002693157,3897.6802825943,4635.6403083801,3912.5802764889,4127.5802917471,4664.9603118897,4672.0402755734,4416.8003158559,1233.0800857543
PCo(34:4),0.23456170936922993,7.805498364424335,6.582318036273129,0.010299667830439835,0.031943897329190216,740.6 -> 184.1,PC,2076.2601394657,1925.1801567073,1698.7801208489,2002.4201545719,2136.9801445001,1403.5601043707,2009.3401565559,1974.1201210022,1911.6601448054,1984.7401466372,1500.7801132211,1739.5601158137,1458.1600837709,1555.3601112361,1777.8801345834,1866.4601325983,1536.6401023868,1836.0801353448,1298.9200935361
PC (42:4),-0.2271150490870853,8.03463082249697,6.200164112464837,0.012773846818165822,0.039051474558392654,866.7 -> 184.1,PC,1746.6401100164,1952.3401489265,1690.5801353444,2176.620155334,2265.0201721196,2006.5601348872,1765.8001213075,1644.7001037603,2014.2601432797,2303.5401840206,2022.0201339728,2294.360153197,2068.5001602193,2544.1601829518,2087.480167388,2412.280162811,2686.6401863105,2735.1602287288,1346.8200988768
PC (40:6),-0.22056063862836395,8.933883433570443,5.921472693427358,0.014957451273192068,0.04508302214736764,834.6 -> 184.1,PC,3794.7602500915,3603.6002426136,3453.7802276608,3754.0602951039,3759.9602584834,3540.800254823,3995.1403045666,3620.6202278128,3437.3202896122,4396.1202354413,4484.2203369149,3879.1402969363,4873.8003044122,3942.2202415457,4339.4603233343,5064.7403144838,4479.0403480547,4764.5603523253,1606.3401222238
C24:0,0.21647795115225293,13.211178873793756,5.780749860695152,0.016202627555494346,0.04815780967883042,367.3 -> 367.3,FFA,100064.346984866,81768.225891107,80779.685630773,88662.806060773,81081.185539231,85176.586090074,71670.325225835,76549.705444318,70748.264816276,80974.165771472,72624.204940805,74306.284957858,72968.8848647973,68172.024749754,69067.404754651,75334.4853820866,72918.38507078,75974.705299377,41301.702835082
C17:0,0.21103473378669665,12.700087288465355,5.492126425972543,0.019102296252843796,0.05524177565011584,269.3 -> 269.3,FFA,67337.964767447,50358.2633819758,48797.483383184,65434.664794926,58579.204208375,58254.324218742,52624.96370698,54421.564010618,49861.003829973,55258.22377014,52385.343582144,50064.623443595,49544.383392337,44836.063117988,47404.8432846087,50917.423263552,51553.063674914,54530.323806775,40828.862838747
PCo(40:4),0.212116717164075,9.426917644457417,5.500251718807724,0.01901373649920068,0.05524177565011584,824.6 -> 184.1,PC,6819.5604400629,6050.7804527273,5873.6403770447,6413.5405273436,6452.2405014034,4879.4603576645,5655.0204315178,6254.5604438791,6240.4004669197,5658.9404296882,5083.3603286739,5078.9803085339,5138.3202972426,5169.1603775024,5160.7803306599,6098.8605041527,6333.4804763798,5719.0204048164,1438.5000877385
PC (32:1),-0.20980995848252865,15.851855155155063,5.433792452298803,0.019750742000825144,0.05635545050902108,732.6 -> 184.1,PC,483308.75305161,430859.30993661,418356.14685039,497205.01684581,477464.84631348,479920.43432614,460780.93701164,450340.54553222,434737.06689448,628806.14746114,539351.43408199,522283.83471665,532826.82250959,503424.33679205,499034.91467289,611292.87829587,595896.35791025,576783.70190419,30069.9421653802
PCo(38:4),0.20983650147150895,10.290797796383329,5.406765186321195,0.020058853309316543,0.05648150800254921,796.6 -> 184.1,PC,11017.640792848,10023.0007782049,10637.5208396941,11573.2608032264,11385.3408088574,10772.4406204186,12018.8607864178,11315.7807044972,11442.6208953801,11340.3007125847,9553.9206237832,9407.4806480454,9479.7407379171,9458.3805923476,8790.3205757132,10850.4407997048,10899.8608283913,11138.8608779908,1672.9201049786
PCp(36:5),-0.2069990765215448,8.523036768235908,5.19110599071881,0.022702763843133245,0.0630959930185781,764.6 -> 184.1,PC,2914.8001594542,2705.2801628115,2415.5001564017,2436.0601692192,2805.0602149957,2749.2401809706,2866.3801956185,3333.9802513132,2348.4601554856,3485.2602729817,3047.8801956187,3554.1002578742,3055.8602485662,3467.0402297977,2972.2602043139,3548.6002655023,3553.3202590938,2972.1202201829,1663.080127716
PC (32:5),-0.20624344420548996,7.882015973503657,5.097932756543569,0.02395437560877769,0.0657209792343388,724.5 -> 184.1,PC,1614.5001144408,1647.1401290891,1719.0001182565,1604.3000946048,1546.1601142882,1572.4401206962,1742.7201118469,2121.0201416011,1965.9801559445,2138.7201652538,1966.3601341247,1792.4201164247,2019.040161133,2099.9601860054,2381.3801574715,1978.0801315312,2064.88012314,2313.3601837172,1323.16009903
PCo(36:3),0.19947327346957422,10.11628080569807,4.882945479493429,0.02712329662766526,0.07347323390278944,770.6 -> 184.1,PC,10898.920787807,9856.5608253544,9705.0606574958,9326.3405342090009,9926.5806007363,9525.7006340008,10443.8406486475,9477.7807159412,9262.3007049522,9947.0607070937,8771.6207351709,7906.9605407771,8366.8407402008,8204.1606330861,8359.4006462077,10468.5208015492,9089.5006217992,9669.7806510972,1579.2001075741
SM (d18:0/14:0),-0.1913570033031872,9.480866596712966,4.478398304054259,0.03432587571982949,0.09182171755054389,677.6 -> 184.1,PC,5438.2603340156,4494.0403251649,5205.5803756704,6181.720485686,4964.3203163139,5533.6203842165,6021.9403114314,5937.3003883365,5382.9403800948,8021.4804725657,6112.3404006967,6024.1604461681,6580.9604415912,6002.2804985044,6435.3804512037,6913.060485839,6493.9804992675,6225.0203704816,1732.1401100164
PC (32:2),0.18966384864434588,14.189470955070348,4.440015157101698,0.03510593581643631,0.09274901561379471,730.5 -> 184.1,PC,177802.670959406,162671.292358388,155753.991394144,179537.430969124,172766.27282732,172843.430908208,165424.729827755,159967.634277325,156051.269622837,181678.134094199,152100.030456723,144377.250457575,149638.410522419,139283.348358225,134614.729095534,161308.732177732,162869.054504253,155166.909851214,6489.4604911808
PC (36:6),0.18200223781420855,8.345332003966059,4.004504159154148,0.0453788429167501,0.11842771200225027,778.5 -> 184.1,PC,2713.8201942466,3185.4202194219,2382.0201492316,3143.3801918026,2402.360172272,2292.6001510631,2996.3602066039,3175.2002220147,2642.6601982108,2368.7601394649,2922.4802093517,2287.5801544191,3276.0002212523,2456.2401504512,2356.6001625055,2335.1801795951,2133.8401641824,2825.900196075,1371.6601104736
PCo(36:5),0.17928223511257474,8.11704768996747,3.8715433640044665,0.04911134082005527,0.1266244209095401,766.6 -> 184.1,PC,2698.0802001945,1834.7001190185,2081.0201759354,2088.5401458751,2491.6201667792,2478.1801567078,2661.1602096548,2306.8001480107,2536.9401817315,1766.8401412951,2791.1401863102,1736.7001075746,2059.6601562497,1922.4001541137,2103.5401573166,2489.280162811,2120.5201721198,2577.360157014,1307.500095368
Lyso_PC(15:0),0.1765012028774466,7.517398998912509,3.701462661296974,0.05436479125990792,0.13850077773357491,482.3168 -> 184.1,PC,1341.1800956731,1542.2801284788,1468.5801162722,1349.2000770572,1579.8401222233001,1891.2001342779,1352.7401084897,1632.7001113884,1410.2201042168,1315.2400932306,1483.2401123042,1404.0200881957,1367.6401062021,1416.6601142875,1391.7601051333,1388.3800964357,1379.860084534,1386.2000923157,1307.4200859066
C16:0,0.16990209445913446,16.276610761174155,3.5644435586673353,0.05902952156074135,0.14861550134116058,255.3 -> 255.3,FFA,928411.468871955,554575.618591425,559497.818969775,815876.751983618,716068.626586938,737194.677002119,608732.02093477,656975.267669545,623007.865997071,775395.959381133,642347.898742714,611806.7816163,561519.040771527,491986.355773674,492927.232482842,769120.915649393,691358.155303966,747932.35220351,212711.674194336
PC (42:2),0.17083568072492974,7.441354689137155,3.4612788786955466,0.06282170859127656,0.1563237864945719,870.7 -> 184.1,PC,1494.7600975033,1449.9800987244,1310.3600921632,1501.8801040644,1271.1600875854,1285.7000808715,1448.6601066587,1558.760108947,1572.8401222223,1282.8600997928,1438.4601058955,1336.9201011653,1272.1600990295,1458.440109253,1223.9000930785,1334.4000968932,1303.5600929261,1317.5801010127,1175.6600875854
C22:5,0.16653783580806283,11.806242075266898,3.4181946122422744,0.06448149510513518,0.1568072721874878,329.3 -> 329.3,FFA,33853.022537233,30293.2820816027,28539.8820838949,30234.542137147,28435.3620986928,28828.5221176217,28742.722045899,28215.742042544,27412.7019271899,28748.8221359232,28465.781944277,28265.8819503755,24650.2017135591,25242.361907958,25348.5018997186,28889.9819869955,27649.721908567,29368.062156673,25730.0218963637
PC (40:5),-0.16733158054695893,9.349751596681253,3.4219469075381213,0.06433509859738651,0.1568072721874878,836.6 -> 184.1,PC,4910.4803504929,4523.320270538,4798.0203781122,4877.2203598018,4650.9603500353,5615.2204055805,5285.5803337092,4979.740375518,5626.200420378,6457.9004020706,5465.1004066483,5798.7803649919,6373.0404472356,5387.2003326422,5806.200374604,6275.5604591364,5626.1803169243,6025.780426025,1580.840114593
Lyso_PC(18:2),0.1669382541793631,8.099219355350373,3.3551330543440088,0.06699579646046896,0.16109101620831864,520.3325 -> 184.1,PC,2676.0001792908,2342.7001571663,2072.0801467906,2531.2001533508,2454.5601959251,1799.2001457206,2376.8401489254,2243.2601318348,2123.5201721202,2326.6401672363,2309.6801681509,1808.2601127627,2222.2201461788,2151.1001510626,2088.3201408391,2196.3801460254,2176.0601501457,1917.6001319883,1539.0000991827
Lyso_PC(24:1),0.16485849470039785,8.569783247881722,3.2964534042013103,0.06942963803383899,0.16508825043601716,606.442 -> 184.1,PC,3398.8402366634,3142.7801933285,2745.6002120972,2586.480186463,3452.7002372745,3290.1802406313,3346.4402503977,3176.3802375794,4046.5802764898,3421.0402183523,3276.5401916487,2665.9201850888,3100.1202278131,2797.4801940916,3179.8202056876,2544.3201866143,3053.4802360522,3193.3402061451,1362.3801078793
Lyso_PC(22:0),0.1562030418074994,8.771304683412103,2.966221139686983,0.08502024175548907,0.19151928142815433,580.4264 -> 184.1,PC,4205.4402999873,3056.9601936328,3657.7202529913,3952.4402580246,3594.1802597037,3163.4202690118,3887.4402465824,3970.1602325449,3760.7803039556,4051.1203079209,3024.5202217115,3122.4002265932,3553.2402801509,3555.0402755742,3005.7802314762,3674.740253447,3695.340236664,3599.6602706903,1851.7201271059
PC (42:1),0.1589228001660865,7.444023924828105,2.9966026693743917,0.0834393150756114,0.19151928142815433,872.7 -> 184.1,PC,1801.0001296992,1236.9400825502,1542.400104523,1283.5801048283,1429.5201034542,1500.840103149,1410.4201011655,1325.5400962828,1421.600093841,1548.8000946044,1362.5401000974,1255.1000938417,1341.740093231,1231.7800865174,1442.0000991826,1260.1600799559,1365.800094604,1311.4600906368,1100.8600807189
PCo(34:0),-0.15573385747081717,9.967214713840649,2.9748609321424055,0.08456739476331028,0.19151928142815433,748.6 -> 184.1,PC,7424.6806716964,7787.920558925,7735.6405334485,8129.9805831854,7671.0606079112,7629.2206039431,7455.9205780045,7585.7404937734,7767.2405319251,9236.6205711384,8640.5406684895,8037.0006370523,8136.7205276477,7836.0006599368,8364.1405334477,10978.1806449872,10283.7406730663,9429.4406814443,3159.2202148442
PCo(36:2),-0.15640375786170152,11.041135884467664,3.011436595384719,0.08267898493797117,0.19151928142815433,772.6 -> 184.1,PC,18662.5412750189,15504.7809257403,14701.900863643,16889.3209457417,17565.7813606222,17626.1211090061,15424.2210464651,15790.5209579452,16042.3810386631,20756.7414474543,17751.04129028,17508.6210708596,19803.8814544405,16255.9612960818,17184.5210952821,21426.2015609787,22385.2017593346,20077.0213165159,3678.7202796963
SM (d18:0/12:0),-0.15834458643159288,8.315841195174883,3.0304980533189934,0.08171293023373723,0.19151928142815433,649.5 -> 184.1,PC,2548.2801704414,2476.5001831042,2424.0001716596,2469.3801612855,2131.9401359548,2123.7201271059,2520.1801795959,2994.0402832037,2114.3001480111,2469.9401626585,2997.880207063,2944.3202171345,2547.4201698321,2250.8601875314,2657.7402153013,3148.1402053839,3465.6002159129,3025.0802497864,1243.2200736995
Lyso_PC(20:4),0.15614051604030685,7.699161719886097,2.9119976760960924,0.08792290676362323,0.1959948129939101,544.3325 -> 184.1,PC,1934.8401222242,1769.9401168826,1718.5801239024,1795.0801162722,1847.6001586927,1715.1801223756,1449.7400932303,1669.700115203,1649.7401313776,1881.7601280216,1448.2601089476,1593.2000885017,1460.5400924682,1637.300125121,1411.2601013184,1846.0001144415,1736.660129547,1607.3601074212,1189.5200843815
C24:1,0.14808309798705846,12.84536342809384,2.7058231553934315,0.09998246384389135,0.218329053699926,365.3 -> 365.3,FFA,63901.124259924,66912.504592897,68388.0647582603,61868.7643737505,64620.8044967561,66753.464744563,58321.7043304416,57893.0642700205,59044.5042266713,62388.1045074244,59883.9444046005,60678.8643417282,57195.3241195637,57553.5439796332,55666.94401548,61936.2641296452,57596.9642333932,63157.364547738,20766.141502381
Lyso_Sphinganine-1-phosphocholine,0.15104053174362841,7.468769887951534,2.7080194155339328,0.09984488375356328,0.218329053699926,467.3536 -> 184.1,PC,1452.0801162719,1491.0800895687,1186.3800735475,1412.8201141362,1425.2401046749,1222.1600837707,1610.6001243582,1591.320114136,1676.0801086434,1332.3001060493,1507.8801116942,1588.9801216132,1402.6601066578,1330.860088348,1340.7801055907,1274.5800933837,1309.4800834656,1191.8000907898,1178.6400909426
PC (38:5),-0.1451822398919677,10.81603620217376,2.5936071127001346,0.10729573041245116,0.23193218493196516,808.6 -> 184.1,PC,14773.3210372924,14473.10104751,13720.6209754819,15382.981174452,13986.5210571265,13708.5409469505,13552.8408699078,13981.5611267095,14008.800968164,16746.2613067499,14856.8809890749,15653.8611335776,15642.7011108395,16056.981227864,16006.0410118011,17352.3412590171,18599.6214790375,16773.5212364279,2593.5601882937
C22:4,0.14386453419214995,11.686048620602188,2.5507807666035376,0.11023976512830508,0.23463151244920624,331.3 -> 331.3,FFA,28463.5019989019,24914.8217849775,24700.0018386798,28750.6420364341,28883.302070617,28748.7820358256,24215.9417076104,27720.8818283061,27613.7819595345,26999.7819747866,26645.3018760682,25113.9418487534,23487.1617050195,25258.581703184,24366.8217086815,25302.6218032822,26474.7818756107,27210.4218673708,20940.6414222699
Lyso_PC(11:0),0.14583628726322975,7.330377404464402,2.5127303504047385,0.11293012047788899,0.23463151244920624,426.2542 -> 184.1,PC,1373.6200904839,1215.5200767519,1228.1400947566,1328.9800872803,1115.2800865171,1400.480113983,1368.3400955205,1308.8401031497,1274.9000930784,1161.4400825499,1136.3000793453,1201.9600868224,1099.4400787354,1390.8600959776,1162.680091858,1235.5000877382,1398.0200958252,1179.5000877382,1370.0200881962
Lyso_PC(7:0),0.14591299182587544,7.379091169807513,2.5211556790736536,0.11232823519670308,0.23463151244920624,370.1916 -> 184.1,PC,1361.3601036075,1453.3801040655,1271.7600936888,1406.0200996395,1380.0601043702,1309.9200820924,1384.2800941471,1226.4800910953,1468.9200973507,1303.3200912477,1212.9600868224,1164.7400817868,1485.6400985719,1392.8001174924,1269.3200988768,1207.3600959782,1201.300086975,1339.02009201,1112.2000732422
PC (44:2),0.14641262590804252,7.2890925883024265,2.5308997462795384,0.1116365439109497,0.23463151244920624,898.7 -> 184.1,PC,1263.5000991822,1284.6600952148,1292.7000808719,1363.660095215,1241.7600975031,1271.220088959,1242.2200965881,1270.1000823978,1200.5400733948,1284.3400802611,1201.3400917052,1138.9600791931,1180.3200759888,1235.1000900269,1159.2000770567,1201.4400825501,1163.9800949095,1235.6000862121,1157.5800895688
PC (38:9),-0.14315428588061221,8.904822976813723,2.49485852201067,0.11421863985322502,0.23502681662105915,800.5 -> 184.1,PC,3950.7402305585,4344.9803009042,3100.260215758,3931.7002563487,3326.5202178957,3620.0202293398,3775.5202713007,3251.2801933275,3554.3202552789,4591.2603721608,3250.1402397156,4114.8802452101,4217.2402839644,3817.4602737429,4341.4802780158,4685.1003074637,4576.6402931221,4405.4203109736,2079.1201362614
PC (42:5),-0.14281974999891908,7.9592525209354505,2.4501427939745515,0.11751417744116302,0.2395050854515132,864.6 -> 184.1,PC,1865.2201156621,1603.1601142883,2101.5201454168,1626.080112457,2227.5201911919,2157.3401794438,1583.0201148988,1918.0001373286,1837.2801322948,2183.0201377878,2036.1201438901,2254.0601692204,1937.700141907,2195.4401550293,1884.6001510621,2147.540168761,2650.5601654051,2266.6001739505,1250.2800865176
Lyso_PC(20:1),-0.14015892780499442,8.450996297581328,2.37936717050349,0.12294734304267262,0.24361788343640683,550.3794 -> 184.1,PC,3397.6402320874,3011.6801948539,2494.0001792897,2399.9601554869,2589.5001792907,2532.260204314,2661.1202049265,2683.5402183533,2450.9401779171,3119.5802383427,2910.0002174391,2759.9401626603,3151.9802207937,3307.040245057,2795.160224913,3497.6002120969,3036.5402107253,3347.4802513122,1257.3800964357
PC (40:9),-0.1413610492971795,7.726649827363782,2.386632888395779,0.12237696177089684,0.24361788343640683,828.6 -> 184.1,PC,1899.3001403804,1464.7601013184,1467.880100251,1458.8001098636,1504.4601058962,1669.6601295472,1581.360118866,1369.9800949105,1592.9801025393,1625.2601242072,1765.0201377867,1352.380096436,1978.7201271062,1812.9201240542,1945.6001319869,2152.8801612853,1666.3801307677,1838.880138398,1595.4801292429
SM (d18:1/18:0),0.13895677651157157,13.599892332223318,2.383636367366421,0.12261184155511438,0.24361788343640683,731.6 -> 184.1,PC,115651.789703314,105651.227401805,96955.00717169,118992.110214227,114785.547668342,110050.84655772,108471.028183008,103485.028411714,101302.687683072,116955.548736597,104153.589019741,99906.046020548,96049.167297442,93090.127136139,91977.547561661,110237.909423874,112404.627044567,103123.248046889,12491.0408744635
Lyso_PC(18:0),-0.13718836923278105,8.78021905378026,2.2871646647668493,0.1304480299420542,0.2561089762165101,524.3638 -> 184.1,PC,3660.5802803039,3623.4802589417,3059.5602149972,2749.1201782234,3036.4401969903,3262.0002021796,3370.9802513125,3307.7402229314,3149.8002166751,3892.9603004456,3266.4802246099,3696.8602485644,3471.3602218646,4036.0402412415,3345.2402114861,3617.460247039,4486.1002769478,3826.6402816766,3154.5402030936
Lyso_PC(16:0),-0.13432992554746861,10.54081445790139,2.2182578864802025,0.13638688131969293,0.2616241012227108,496.3325 -> 184.1,PC,13018.7608795169,12212.0806732161,10608.460727699,11494.5408363282,10747.9607620233,11788.7809600692,9754.3006286608,10507.1206245461,10652.5006446799,16322.9810752893,11529.1408424349,12816.3409995916,12137.1208991848,11621.9208564687,11953.6810035709,13164.5611762843,13198.5608406025,13144.1010131729,8730.3005790731
PC (40:7),-0.1353931675895454,8.589888919107176,2.2242715558019874,0.135856719614298,0.2616241012227108,832.6 -> 184.1,PC,2998.7201881427,3476.9602584849,2487.4401626583,3217.9202346803,3139.7402153011,2481.7001800547,3163.32024002,2877.4601936331,2811.2801895149,4036.5003318781,2682.3202247625,3230.3802299488,3490.3202285779,3485.6602554304,3059.9802093503,3305.3802375812,4086.9802856444,3311.1802520745,1431.160095215
PCo(34:1),-0.13389772970904465,12.652843540201225,2.2121833378859037,0.13692476325674582,0.2616241012227108,746.6 -> 184.1,PC,54084.443634031,50568.763519283,45504.482803353,54800.284255963,50680.963226303,51335.923446646,53465.243804935,48993.543762201,50557.604095475,62396.924499513,53947.184295659,53882.7036247106,56213.904342649,53607.003936755,52466.104202256,67950.42463683,67272.7255477867,61715.804306016,6560.4005050659
SM (d16:1/22:1),-0.13242241228143037,11.643672524255564,2.161454429913754,0.14151068962679256,0.2679936953994125,757.6 -> 184.1,PC,26473.5416793779,25147.2217636062,21953.9215240423,27750.7020492501,28212.5420532331,24980.5819167999,26158.62210083,24893.0617294356,23609.8417129456,33321.3222656366,28530.6424636987,26114.7019882295,28461.9020233016,26685.6817360006,25421.4217910929,31424.5621490524,33050.082412716,30445.6422653054,2675.6801986686
Lyso_PC(13:0),0.1342852048798323,7.349347806981726,2.132310598401105,0.1442232092103923,0.2707347962370522,454.2855 -> 184.1,PC,1490.0001029966,1274.1400756841,1246.2000885008,1263.7600860596,1222.4400787356,1459.8001022347,1365.8001098625,1196.9200935363,1270.9001007079,1305.1800880432,1174.1800804138,1227.2600898735,1405.8601036072,1218.9800834656,1202.2400779732,1124.5800743104,1236.4400863646,1322.8600959779,1315.5201034554
C18:3,0.1310904210797252,11.24754499689193,2.1165716413403612,0.1457123990336784,0.2711517686365842,277.3 -> 277.3,FFA,23116.6815528837,18431.7212905867,18748.1212387056,22042.1814384458,19782.3213615433,20705.901473996,19689.0613937324,21232.5014991729,19173.4613952642,22575.6617698675,19812.3613243129,18396.6213378894,17571.3212623543,17476.261268617,16783.0411453247,21608.5614624021,20783.60146713,20113.8813705427,11279.7807998686
PC (38:8),-0.12740275494912623,8.077227083085527,1.9529782245350304,0.16226627984370304,0.29935330936683147,802.5 -> 184.1,PC,2015.8601341246,1856.540122986,2292.0801506051,1975.9801445001,1797.5001182562,1754.860134124,1770.4001197806,2299.2801628112,2277.1601600646,2377.4401741017,2330.0001716615,1912.3601531991,2465.5601997381,2049.4001312266,2347.7401618959,2110.4201583866,2809.7602157592,2251.0601158141,1868.3601455672
C26:1,-0.1250438578501879,16.240793525172556,1.9312288236615132,0.16462406809689215,0.3011072698524352,393.3 -> 393.3,FFA,591201.383361851,558643.897293174,562956.05998219,564354.963798656,601034.321380631,611440.064834385,687616.006817088,695116.62968445,715041.350166264,870211.923179796,757416.781662024,747899.535015408,708611.669501919,651892.346431357,625640.199478127,651859.378200148,671051.187087782,699824.249008174,19580.181320189
PC (36:5),0.12482277288060634,9.901298676578216,1.9110806128553506,0.16684327183700162,0.30258017095863005,780.6 -> 184.1,PC,7224.0804939273,7345.9805870041,7854.6405830356,9325.1605720552,8508.6406631476,7974.3805847165,8272.6805763257,8252.780647273,9321.6005973862,8485.2606925991,7590.720554353,6928.5404663094,7568.1605377252,8596.7606353766,7598.9004707325,8380.7606124841,8358.9205741887,7630.1805648819,1590.3801193226
C18:4,0.12126615508035579,11.13535877693884,1.810832340438587,0.17840841507319727,0.32083530105600183,275.3 -> 275.3,FFA,21331.9015235881,19276.3813018784,18751.8012428274,19211.4814529352,19030.1213836664,17144.801254273,17453.9212455761,17414.9012336685,17535.2612342804,19757.3214302017,17958.9613647478,18468.6613426184,17155.4011955307,16548.9812393207,15974.4011878945,18733.9214286841,16718.6611900304,19548.0613861112,12110.1808624252
SM (d18:0/26:0),0.11999602192692355,7.43459028263257,1.7079909045656043,0.19124624797941067,0.34105580889661574,845.7 -> 184.1,PC,1374.2000999453,1465.5801124566,1374.840099335,1405.4001121528,1244.6600761412,1482.3201103209,1295.2400932315,1539.7401084908,1435.4201126102,1242.9600868221,1176.1200828551,1223.2400894169,1383.260105133,1326.8401069643,1334.3800964348,1583.3601226806,1389.7800941469,1500.6800842291,1175.8600730891
Lyso_Sphingosine-1-phosphocholine,0.11648457082232863,7.191175115097458,1.5949803570037568,0.20661602043709618,0.36542006920279824,465.3379 -> 184.1,PC,1067.6800727844,1312.9400939942,1197.540081024,1084.1000671387,1101.560081482,1083.7600746157,1198.5000801085,1066.5000762939,1136.0600814821,1096.0200653075,1056.7600708008,1083.2600822449,1073.1400794983,1050.7600746156,1065.7000732421,1098.7200736998,1250.3600807189,1129.2600822447,1459.2001075741
C18:0,0.10895237097244298,16.20523204293582,1.4662674661412876,0.22593552805082026,0.3955537951722816,283.3 -> 283.3,FFA,824399.679260485,523329.593933197,519487.055206269,773028.018463177,672363.451721128,680343.621185242,563146.340148862,604273.244506795,591041.540374595,699354.948486402,577070.178894183,579482.581329152,558102.398651168,491308.036392072,495140.495452744,759609.354705825,707087.11059568,729759.592163072,238026.458847061
Lyso_PC(2:0),0.11089522293751351,7.422224018854222,1.4573576594864832,0.22735101311304037,0.3955537951722816,300.1134 -> 184.1,PC,1651.8201179495,1401.9800987247,1426.3600883486,1292.9800949099,1310.0600929259,1287.6800956725,1254.7600822446,1302.4800720222,1371.7800827024,1212.1400794982,1226.3400993344,1348.4800949094,1419.140110016,1353.060115814,1372.6200904844,1214.040081024,1495.0200843807,1236.6400909419,1384.0801010132
PCo(42:6),0.10909561145454529,7.5505730819019545,1.4160710850133125,0.23405116722074898,0.39751547448603397,848.6 -> 184.1,PC,1505.0001144415,1401.280105591,1325.0000915527,1461.9401092536,1381.1000900261,1826.1201438908,1529.0601272583,1453.5001029974,1721.9601211557,1375.220100403,1246.0600891113,1356.5000953677,1484.6201248175,1575.0401077269,1472.2601127621,1558.0801124574,1351.7400970461,1766.3801269527,1308.8400802607
PCp(40:6),0.10830074351735385,8.512261012217689,1.421652768761561,0.23313155693242926,0.39751547448603397,818.6 -> 184.1,PC,3088.6002311702,2698.4601974486,2418.3801841723,2913.100181579,3056.3202133178,3126.2202262893,3259.7402534486,3385.6802101125,3156.2202301001,2799.2601814274,2668.4201736461,2844.0402107235,3270.3802337668,2823.1802215554,2240.9401550303,3357.6401977548,3366.9402580258,2983.8202018731,1836.9801177975
SM (d16:1/18:1),-0.1078251571926359,9.493801335603738,1.4226556932809702,0.23296678314807917,0.39751547448603397,701.6 -> 184.1,PC,6377.5004348746,5262.520362854,5096.0003128038,5615.680358887,5374.5403099079,5757.5004844658,5929.7603988645,6201.8204917933,5060.7403755178,7354.8205108661,5444.7403144825,5948.3204078665,5482.7404136651,6346.9804611208,5995.4004745519,6499.5604591372,7447.4604797345,6696.2405586238,2382.4401588444
C12:0,0.10437483650803692,11.893806585420458,1.343286700053056,0.2464551827063666,0.41528668582017675,199.2 -> 199.2,FFA,35414.1426544171,27862.1019821153,28792.6021804751,31839.1024093637,31713.3822174117,31016.102195738302,28921.3420410151,31757.92215729,31022.3620910611,31953.22229004,29802.782264712,31382.942176822,30192.5220222457,28213.8220443693,27651.1418685958,29127.9220657306,28903.38217162,33381.4423141506,23986.2818527216
Lyso_PC(20:5),0.10317546084020267,8.032436671091121,1.2807593100777002,0.2577579021700876,0.4309389926906152,542.3168 -> 184.1,PC,2205.7601699843,2165.7201232925,2352.8201599118,1891.9201469415,2294.7601623528,1862.9801330564,2390.6202049246,2341.4401588444,1868.980129242,2322.7201690671,1489.3601112372,2179.4401435836,2079.3201408382,2153.8001327516,1910.800148011,2134.5601425164,2155.5001525898,2490.280158996,1313.3400955198
C26:0,-0.10114202760199344,14.968495614333198,1.2634727746665257,0.2609947639592771,0.4329680580409714,395.3 -> 395.3,FFA,258934.638915997,231704.836502079,234809.396118204,241899.977840418,246094.398338355,250162.437324546,278958.837471016,284580.121860494,291030.35912319203,340272.86437225,306697.780391726,303691.243156444,284144.041557313,269512.479530353,257189.178337096,272149.459945673,284669.999885557,285741.040168762,28102.9420165958
Lyso_PC(22:1),0.09895830549143256,7.913388354080279,1.1754115886471546,0.278292088354798,0.4576856827632908,578.4107 -> 184.1,PC,2099.6601524352,2170.5201721193,1653.5801315298,1938.3601341254,1782.1801376341,1809.7401542653,2369.5201835641,2170.0201377864,1765.9601325982,2060.000141145,2118.9601440425,1882.2001342773,2154.520153046,2100.2401542651,1672.0401191711,1679.9401206975,1967.9001274114,1679.6801071165,1289.4400978087
Lyso_PC(22:4),0.09711590712623906,7.679598329863392,1.1262221322663555,0.28858260181726664,0.4576856827632908,572.3638 -> 184.1,PC,1725.2601089468,1494.2401008606,1621.3401031507,1809.1001396176,1554.7401161181,1654.9801101688,1619.9001083375,1624.6001243592,1897.3201332094,1786.7401275636,1795.3001327511,1642.5601081849,1779.3601036071,1714.6601409911,1346.6801071161,1479.8601112365,1500.5601158145,1613.2001075734,1206.4200859068
PC (42:10),-0.09876314133180816,7.5339708638322085,1.1601941797480162,0.2814252729063189,0.4576856827632908,854.6 -> 184.1,PC,1458.9001007077,1252.9600868228,1179.3600807192,1305.02009964,1265.2201004025,1327.7600860599,1512.6601181028,1710.8201141359,1530.2601127621,1833.7401084898,1733.5601196295,1173.4600830076,1352.9001045225,1559.2601089486,1564.7201004033,1645.3401298524,1678.2401123053,1543.900115966,1247.7000961304
PC (46:1),0.09867179533074405,7.157985914425319,1.1444576127820176,0.2847123781249257,0.4576856827632908,928.8 -> 184.1,PC,1126.8200759888,1113.9000816345,1219.380088806,1166.2800827026,1082.6200790405,1182.3200798032,1082.9400787354,1085.1400794983,1122.7200813291,1127.4600753783,1124.0800819394,1064.8600769044,1069.4200706482,1148.0200805663,1124.000076294,1115.3600883482,1075.0200729369,1087.620071411,1164.1600761415
PCo(32:1),0.09554172996715153,11.780787678317719,1.125548024501768,0.28872694940674887,0.4576856827632908,718.6 -> 184.1,PC,33456.902152993,28543.2020187356,27837.7419891335,31657.542099002,31310.2621116507,29382.30226899,30013.5221748366,31099.162139894,28815.5821418751,31804.562149051,26538.8617095833,26300.6018524169,29080.781967152,26339.881797788,27425.6023864649,32460.8219985823,35371.2025146346,31771.3024444641,3835.0202789303
PCo(38:3),0.09578818815058542,9.981025412410116,1.125987546048059,0.2886328236537903,0.4576856827632908,798.6 -> 184.1,PC,8899.5006256111,8619.7605781603,8275.7407188393,8793.8806495666,8825.1607017559,8423.5006179809,8195.4605102531,8921.8205986062,8454.9804801971,8938.3806724537,8812.3005638102,8093.7605552662,7132.300521848,7784.4804573067,7257.3405838005,10262.5407714796,9159.7405891354,8566.6606674201,1904.8401412966
PC (42:0),0.09528063607315922,7.275229762198526,1.0712535166376256,0.30066247767956406,0.46964795783523144,874.7 -> 184.1,PC,1134.3000869749,1090.9800720214,1225.1400756835,1496.380111694,1237.5600967402,1215.4000816344,1190.5000915525,1241.2800941466,1208.4000930787,1177.3800888061,1125.0200843809,1151.2600746155,1187.1200866704,1127.2200775147,1302.9401016229,1212.1800880433,1251.1400909424,1266.6200828553,1257.8400917051
PC (44:7),0.09543392842509774,7.247750233785784,1.0740600045653013,0.30003018435614065,0.46964795783523144,888.6 -> 184.1,PC,1178.6800880431001,1292.0400848391,1145.9400749207,1215.7600784303,1152.1400756835,1180.2600936887,1200.4200820923,1247.0000839234,1276.6800956731,1280.5800895692,1078.5000762939,1273.5600967402,1199.820075989,1190.0200881956,1095.1200714112,1192.4000854491,1189.1600723273,1164.6600799558,1155.9400901793
Lyso_PC(22:6),0.09441662282068097,7.568034810292795,1.0608830609926958,0.30301386562607385,0.46989106698536093,568.3325 -> 184.1,PC,1702.5601234435,1706.2001304623,1609.7001075744,1698.5001220707,1480.3400917048,1331.8801116943,1292.580089569,1351.8800926211,1434.2200927733,1623.9801139831,1585.4601211553,1423.0401077267,1896.3201217652,1352.3800849914,1379.9400978087,1174.3200798033,1490.8801002501,1380.860103607,1440.7400932321
Lyso_PC(18:3),0.09388018300598425,7.331673856494411,1.0419221667028458,0.3073748478266262,0.47213783745373966,518.3168 -> 184.1,PC,1168.6600875851,1391.7801055904,1209.1800880434,1364.6200981141,1221.8600883483,1365.7000999451,1173.0000877378,1345.3200988767,1265.0200767512,1289.1000976564,1359.0000877381,1249.0600929264,1249.3200874331,1346.1200904846,1068.2400817869,1272.9800872803,1354.3600959773,1084.2800712584,1267.1400909421
PCp(42:4),0.09337536344283187,7.472999493361592,1.0354792237504027,0.30887522076412877,0.47213783745373966,850.7 -> 184.1,PC,1368.0600891116,1412.7001037593,1552.4601020815,1366.7401084908,1318.1000938413,1411.1801071163,1689.0601119996,1462.0600929264,1285.5001029963,1328.2400856025,1318.3000984197,1253.3400917053,1401.8200950617,1384.1000862122,1525.1601028441,1349.6200942997,1490.5601043696,1565.3401069638,1170.1000900268
PC (48:2),0.09221115175598273,7.156844355301909,0.9997061806002225,0.31738161400213766,0.4816997545848047,954.8 -> 184.1,PC,1186.6000785829,1141.2400932309,1112.2200813294,1097.5400848387,1109.8800811767,1138.2800827026,1179.0800781249,1094.9000778197,1135.7600784302,1096.1000709534,1092.8400726319,1094.4200820924,1122.5400848386,1106.6400794983,1080.8400878906,1195.5200920108,1123.4400787352,1088.0600738523,1111.8800811767
Lyso_PC(21:4),-0.0888044342712435,7.651867277573848,0.94066817002291,0.3321060646523525,0.5004978720817143,558.3481 -> 184.1,PC,1522.5401153575,1327.4800949104,1401.0600891116,1373.4600944515,1684.3001327507,1382.5401077269,1488.580104828,1723.2001228339,1722.3601226797,2063.7401580818,1747.18011856,1866.0601196287,1704.9801139826,1628.0201148989,1638.3401260384,1727.720123292,1293.4800872806,1474.6801185603,1397.200115203
PC (46:2),0.08769343583730761,7.185799046722896,0.905039159670566,0.3414341110774057,0.5109573410529008,926.8 -> 184.1,PC,1085.2600822446,1098.8800697326,1192.1800804137,1240.0000915523,1189.1400833129,1106.360069275,1092.460079193,1288.3001098635,1100.4200820925,1078.0800743102,1173.6000862121,1128.000087738,1115.9800796507,1176.9400901797,1133.4800872804,1120.6000862122,1123.7600860597,1165.7800865172,1123.5400848387
PC (44:1),0.08656292957109575,7.271727679969868,0.8840361236372978,0.3470985955680791,0.5122696513901306,900.7 -> 184.1,PC,1335.8600883483,1197.2200813294,1156.3400840761,1248.2800865174,1233.4400787351,1254.7400894163,1218.8600883484,1227.9800758361,1086.3600769044,1256.7600860599,1271.9401016235,1165.6400794984,1190.6800880433,1197.8600769041,1133.5800857543,1110.2400817872,1240.1800842287,1213.9200782779,1290.9400863647
SM (d18:2/14:0),-0.08673973179219735,7.378960156780729,0.8912901977775594,0.3451279159170928,0.5122696513901306,673.5 -> 184.1,PC,1202.3200721738,1167.2400894167,1283.840087891,1410.340103149,1126.8000869754,1128.2800865173,1355.0000877387,1297.7200927736,1387.5601005555,1230.6800804134,1278.2800865174,1426.680107116,1629.1401176456,1416.7601013182,1329.5000877377,1451.3001022337,1360.72008133,1487.980113983,1051.0400695802
PC (46:0),0.08270030128132036,7.155091050638888,0.8039341434544012,0.36991972216953745,0.5422110996183631,930.8 -> 184.1,PC,1210.9400939943,1124.240070343,1111.3800849911,1113.2000732423,1155.9400863649,1124.7000732423,1079.5000762938,1112.500087738,1085.0800743102,1061.4400749206,1120.040073395,1133.6400794979,1148.1200790404,1160.4200897217,1076.4600639343,1115.2600784303,1077.5000801084,1077.4600715638,1156.5200881956
PC (50:0),0.08047387813848647,7.125167997754362,0.7607063517189525,0.3831075620608109,0.5577212127960105,986.9 -> 184.1,PC,1127.3800811768,1163.7000732418,1086.460079193,1121.1000785827,1085.1200790404,1166.0400810243,1068.6400756836,1073.1600761413,1068.5200805662,1069.020072937,1146.3000946045,1061.1800689698,1121.6800842284,1061.880077362,1076.8600692749,1115.3800697328,1078.9600791932,1112.4200782776,1059.4600715638
Lyso_PC(20:0),0.0785397911990749,7.880313809392203,0.739737426294738,0.3897450028130286,0.5635502067701901,552.3951 -> 184.1,PC,1783.6001319875,1502.3801155103,1664.6401176458,1992.2801361071,1993.0201492313,1874.2601432794,2268.5401573177,2328.0201454158,1648.5801162717,2180.4001388546,1536.8001060488,1990.6001358027,2025.9801521293,1913.3601493825,1868.7001266488,1597.4801177973,1767.8401298522,1990.3201446536,1487.4201164254
Lyso_PC(4:0),0.07809553044580471,7.451246505620802,0.7233162324426932,0.3950582745307054,0.5673991325474561,328.1447 -> 184.1,PC,1528.4601058965,1217.6000900273,1446.5401000976,1496.2601165773,1312.7600860594,1209.2800903322,1400.4400939945,1417.0200958251,1330.8800849917,1601.4201126092,1547.1601028441,1412.7601013189,1328.7000846866,1362.3200950629,1404.1401062011,1106.9000816347,1202.3600807191,1246.1400947572,1472.6401100161
PC (40:8),0.07565230325682439,7.672836976730742,0.6830911008917333,0.40852434257962045,0.5828280620802585,830.6 -> 184.1,PC,1697.5000877378,1793.9401245115,1507.5400810238,1511.5401077272,1235.7800827026,1632.0401268015,1908.3001251227,1644.5001068125,1720.6001319884,1388.1600914005,1979.200138091,1509.3201141348,1293.7201080323,1800.0201301577,1605.6801300042,1625.2801094053,1499.3801078797,1826.2801284782,1393.2800941462
PC (44:0),0.07433587096153589,7.173811895657708,0.6500576561907323,0.42009206671518845,0.5914454097174364,902.8 -> 184.1,PC,1154.1200790404,1122.3000717163,1111.6600837705,1072.9000778198,1088.5400772095,1155.0800895687,1245.5600967404,1216.6400794982,1075.4000663758,1128.6000785828,1059.9400749207,1063.4800720215,1092.6800689697,1184.1600875853,1147.8400878905,1228.2200927733,1101.740081787,1166.8600769037,1137.26007843
PC (48:0),0.07440024054801801,7.146090857254055,0.6506250495531392,0.41988929666086316,0.5914454097174364,958.8 -> 184.1,PC,1142.7800750729,1118.7200813291,1124.8600845337,1099.0800781248,1095.0000801085,1093.2000770568,1210.840080261,1067.9400711059,1109.6800765993,1118.0400772093,1088.2800865172,1089.9400711059,1131.4200859072,1107.3800811769,1091.1400718688,1099.0000839233,1089.5400695801,1178.1400794982,1096.7200813294
Lyso_PC(14:0),-0.07204067224903747,8.608295410195117,0.6297106004674333,0.4274614874043402,0.5978873091799268,468.3012 -> 184.1,PC,3431.7202644364,2511.3402023314,3009.4402313246,3079.7202072139,2236.4801559455,3478.8802642822,3300.7402534495,2677.7601890566,3091.9202384947,3897.9602508541,3463.0402564995,2799.1402091965,3619.9002952563,2991.0001792906,3074.8402557361,3371.9002571127,2911.7201805116,3385.4802093512,2486.4401474011
PC (52:4),0.07244709328972851,7.137275210496842,0.6167961229760222,0.4322403643303388,0.6006457010824188,1006.8 -> 184.1,PC,1100.5600776673,1085.6200790404,1163.6200904846,1162.660079956,1103.2200813291,1070.2000732422,1191.9800720215,1073.0200691223,1066.2800865171,1091.3600769039,1129.8600845336,1124.7000732422,1093.3800811768,1085.9200706481,1099.5200729372,1103.4400749206,1139.1000823976,1090.340084076,1061.3800621033
C28:0,-0.06879220616863195,12.41819274115454,0.5839397181914592,0.4447722073118658,0.610136233107303,423.4 -> 423.4,FFA,47249.1233596682,36983.9026527419,39056.8226394673,44266.2428512474,41569.7828292953,42806.0032577473,44379.2831802346,44632.0031661914,44507.6429443303,57751.0038032344,51315.3835220452,50564.9235000475,45384.1632308899,42950.7230987542,38604.4228744472,44647.7632179266,45542.1032028218,46490.6433257994,23953.0817413311
Lyso_PC(15:1),0.07055429753578063,7.227312981266052,0.5866927176115482,0.44370088152933745,0.610136233107303,480.3012 -> 184.1,PC,1164.2200813294,1537.3801040649,1053.3600654603,1173.5600776674,1172.9400825501,1048.7000885009,1106.3800811761,1155.1000900271,1226.2400894165,1297.6200981143,1096.3400878911,1273.9600830082,1140.000087738,1080.1000747681,1189.1800918581,1092.9200820924,1245.2000923153,1184.4800987243,1147.4200782776
PC (42:9),0.06925487532073188,7.352814587538869,0.5676080099901881,0.45121099813331017,0.6150264560543208,856.6 -> 184.1,PC,1362.9801063536,1244.0800933839,1397.5000991824,1325.0400924685,1132.6200714114,1247.9400901793,1202.6200828552,1465.780105591,1288.8600883486,1200.1800842283,1230.1400947568,1153.6200714114,1340.0400924691,1254.9200820922,1258.2400741578,1428.2400970463,1520.0200805662,1258.6600914001,1175.1800880432
Lyso_PC(5:0),0.06633872477264129,7.44760205144903,0.522075001586825,0.46995788511539377,0.6365252368018623,342.1603 -> 184.1,PC,1296.1401023862,1145.720088959,1357.7601013179,1591.0601310725,1589.1801147464,1306.3401031492,1511.1201057437,1252.5200881952,1308.5201034546,1494.5201072697,1454.4601058961,1260.6400909423,1206.5000915529,1311.8800888053,1269.5600967403,1536.7401008603,1470.960113526,1362.6000976563,1374.2000923164
Lyso_PC(14:1),0.06402046140702394,7.482870853381219,0.48676848522342553,0.48537236130077577,0.6532684611217988,466.2855 -> 184.1,PC,1654.1801261903,1255.3200836179,1487.7000999449,1321.0401039117,1418.0200996398,1219.0200805666,1643.5001068116,1193.6600837708,1519.0001029975,1385.5400886538,1381.4201087958,1422.8001060487,1218.1000862125,1237.9200935359,1533.6000976561,1606.3801231387,1389.060108185,1552.8201179499,1330.6001091004
PC (52:0),0.06312442363165019,7.069412038158691,0.4670256043363308,0.4943587214662438,0.6612047899611011,1014.9 -> 184.1,PC,1037.5200729368,1112.2600746158,1025.2600746153,1059.1000785827,1026.2400665283,1021.0800857541,1123.880073548,1035.4000778197,1023.3200798034,1080.000076294,1163.2200851429,1012.4800758363,1056.800075531,1056.9000701904,1016.4200668335,1011.18006897,1047.6800765992,1025.0400772093,1088.6200675965
PC (30:1),-0.05798135170442719,14.043437192029915,0.41520009081000353,0.5193418750169368,0.6903053494013943,704.5 -> 184.1,PC,142151.010284388,134430.469222942,126561.009460489,148202.189147945,141113.429778928,141830.770751857,138319.629669301,134498.949096517,131408.9489746,167583.930877815,143219.729858262,133586.68939211,144789.690094036,137571.290130681,138140.08898932,163288.052337742,164187.551361058,159412.029632489,18346.8410759066
C20:5,0.05710329613673796,11.641272574549616,0.4019837246240723,0.5260665531525128,0.6906640636480843,301.3 -> 301.3,FFA,26125.1019516023,26148.2619094829,27630.881988524,23694.141723632,26473.1618881191,27371.0419235245,23617.3015823366,23920.8017807028,24392.8217887867,27394.2819938655,27651.8020858746,28782.9021148672,22342.8016738925,22696.2015228297,26153.7618789659,24476.7417907739,25198.281768802,25676.1017379749,20526.2014312782
Lyso_PC(10:0),-0.05829800131684789,7.525150870704868,0.40403238643447636,0.5250140780023442,0.6906640636480843,412.2386 -> 184.1,PC,1463.7601013183,1504.5601043711,1259.240093231,1582.6401214595,1417.9400978089,1382.180099487,1342.8801002495,1278.9200973509,1274.640087128,1802.5001335144,1743.7001228334,1462.4400939948,1432.1400909421,1451.3800888068,1313.24010086,1355.9800987233,1387.4800872804,1676.8201179493,1438.1001014708
PCo(34:2),0.05386432052752703,11.354879758247245,0.35756176550603413,0.5498634966391556,0.7175048065901176,744.6 -> 184.1,PC,23941.0017166223,22206.9614486496,19862.5014991452,23802.5017166175,22595.7217712358,23529.8418235633,21794.3416671698,21571.2413902336,20471.9611740364,23832.9013900721,22193.381851189,20856.5613479592,22142.9614448654,20365.9214668259,19776.0013504142,24466.6618423487,23560.2219352871,24414.0815505907,2849.9401931778
C12:1,0.05067211645017942,11.058720142617993,0.3161884504241357,0.5739073010312415,0.7405795884082004,197.2 -> 197.2,FFA,16861.1012077355,16622.5611572231,16516.561172487,17759.5412597654,16785.3212280303,17315.1413116425,16970.5411834719,15776.3211288432,17801.1212882939,17382.4612197907,17554.9012641903,17190.1811599754,17221.4612579372,15629.4410667415,17172.5812454247,17625.4612655638,15932.3211326615,18149.2812652569,14202.7810058631
Lyso_PC(12:0),0.05091009973272015,7.704602323146219,0.30959481234714836,0.5779289311409788,0.7405795884082004,440.2699 -> 184.1,PC,1593.8001060491,1549.2801246635,1374.1200942992,1515.4201126098,1920.9601249697,1843.7401428219,1651.2401123049,2040.1601409901,1368.7400970456,1905.72013092,1841.9001541131,1589.9400939937,1675.9001083385,1576.0200996395,1660.5401000991,1597.6201057435,1294.6600952147,1840.160152435,1451.9201011664
Lyso_PC(3:0),0.05144498620377819,7.452691807027368,0.31404793641655804,0.5752067676668269,0.7405795884082004,314.129 -> 184.1,PC,1448.3801078799,1346.4000892641,1301.7800865174,1510.5001106264,1452.6801223754,1190.7000770569,1481.4601058954,1344.7201042178,1305.3600997922,1514.8801116947,1392.7801094063,1419.2200965885,1380.6201095579,1487.6400985716,1276.9600868228,1407.0601043699,1209.8200950622,1396.0200958254,1325.3201065063
PC (34:6),-0.0484310772739651,7.899751264205355,0.28147630901509046,0.5957352202201872,0.7499327004105037,750.5 -> 184.1,PC,1865.8801345825,1863.3801536547,1394.9201087947,1839.8401527412,1529.6600952153,2083.5401344314,2058.4201431263,2011.8201255804,2028.7001533498,1901.2001228324,1789.1801223751,1875.380130768,1714.6001358032,2087.8401489268,2216.5801544185,1956.5401344299,2170.640171051,2310.1601943973,1342.5800895687
PC (40:10),-0.048251421261567444,8.296766617209176,0.2814675679290186,0.5957409302326432,0.7499327004105037,826.5 -> 184.1,PC,2662.6801757811,2516.0801811199,2414.1001548751,2767.100208283,2210.9401512144,2369.1601638796,2839.8802070622,2288.2001724244,2320.680164337,3238.7202606216,2623.7801933284,2388.6801795959,2689.5001945512,2809.1802101137,2181.680175781,3269.5602607727,2621.5002021791,2464.9601821903,1235.7000961304
PC (44:3),0.049191573603332095,7.2267121843930155,0.285275922254292,0.5932638576704218,0.7499327004105037,896.7 -> 184.1,PC,1244.360088348,1200.1600875854,1095.6400794983,1170.0200805665,1144.9600715639,1192.0600852972,1201.9000854493,1091.380077362,1275.1800994878,1326.320095063,1250.4800910949,1255.6800918582,1098.6400833129,1071.860080719,1194.4400787354,1139.7400741581,1194.6400794984,1198.080078125,1084.0200767516
C34:0,0.04351489706553338,11.27525074400051,0.23329150031099744,0.629093898424596,0.7872871009524184,507.5 -> 507.5,FFA,20000.4214134255,18220.2812538166,20182.7414741551,20269.7614479108,20804.3614540088,19701.82141876,18117.6212539679,20301.4014320408,20030.201438902,21683.8415374779,20531.4414215069,20873.6815834035,20311.7613983156,18505.2012786904,18435.7612953183,20191.8214187628,18789.2813491847,20983.6215934715,15378.2811698904
Lyso_PC(8:0),0.04292918098020287,7.505240608042848,0.2189970932917502,0.6398051476937444,0.7878774031424639,384.2073 -> 184.1,PC,1323.1800956726,1423.6001090997,1241.4000892638,1493.2600975037,1429.3401031494,1477.800109864,1388.8400955202,1492.400104522,1516.1601104746,1812.2601203932,1438.4000968934,1430.2600860594,1358.1800956723,1232.0800857545,1411.5800895696,1337.1401062012999,1422.0801086429,1565.8001289374,1392.8801002503
PC (42:6),0.04304824859723963,7.846774618846656,0.22217877343308068,0.637384793469587,0.7878774031424639,862.6 -> 184.1,PC,2219.0001716615,1764.3401260376,1498.0800895694,2034.580139161,2342.8201522818,1756.6201133736,1633.8401145928,1838.3001518237,1568.3401107789,2406.9001426694,1497.8201065057,1549.0601119988,2125.9401359561,1794.0801010147,1893.000148773,1779.2801055904,1969.0001296991,1885.960113525,1265.7800827023
PC (44:10),0.04293393062965362,7.319975590587779,0.21794448744284622,0.6406105988167697,0.7878774031424639,882.6 -> 184.1,PC,1275.8400917046,1238.4200859072,1182.8600807186,1235.9000778197,1093.7200736998,1207.6800956728,1362.0801010131,1336.8000907891,1368.2000885008,1196.8800735469,1106.3200759887,1298.2400970461,1186.060081482,1223.4400825499,1326.8601074223,1270.5000953674,1379.9201011654,1493.1001014712,1145.7400817868
SM (d18:1/16:0),0.04120084226281318,13.912777999523074,0.20964693693056802,0.6470442720188682,0.7912427097830731,703.6 -> 184.1,PC,128563.329956057,121604.210113538,119404.889373809,142537.991760301,136332.869552717,134425.487731937,125985.289550805,125132.908202912,120110.888275146,144101.35025021,122526.806854314,120241.747909734,129046.908523441,119981.529937694,114170.847961578,143202.128204373,144000.970336879,138734.090026819,37158.8032455607
Lyso_PC(18:4),0.04008651104628645,7.196553030323041,0.18915293046082482,0.6636225630936967,0.7984701804640892,516.3012 -> 184.1,PC,1164.8600921629,1219.5000991822,1157.94008255,1058.2800750733,1028.3400650024,1111.3000755309,1240.3000755308,1164.4000854492,1102.5400848386,1081.3400840756,1166.8200759889,1207.0000877375,1103.7000770568,1277.080089569,1198.3600883485,1069.5400695801,1162.1600837703,1133.0000801084,1195.5400886536
Lyso_PC(19:2),0.040529193843628124,7.1793665706653496,0.19328918106667015,0.6601930444641377,0.7984701804640892,534.3481 -> 184.1,PC,1159.5400695805,1078.5800743101,1081.7200775146,1126.6800727841,1308.7400894164,1228.9000968934,1065.8800735474,1060.3000831603,1062.5600662232,1287.8000907894,1087.5400695802,1224.080089569,1112.5400810244,1156.980075836,1107.5400772094,1066.3600730896,1137.5600852969,1149.1200790402,1145.6800804138
Lyso_PC(22:2),-0.03930078536445261,7.604586935823466,0.1840928347286095,0.6678792630984672,0.7984701804640892,576.3951 -> 184.1,PC,1875.0601234446,1502.3801040644,1652.2201118476,1439.2200965876,1486.0801086428,1344.1200981141,1365.9800987245,1425.280109405,1422.9001159667,1775.2001228338,1618.7800979606,1656.1601066583,1287.5000839231,1563.1801223755,1814.0201263421,1563.620124816,1523.2601013184,1698.2401123045,1251.6400833125
PC (34:5),-0.03926870928447325,8.022796511781834,0.1855248665983602,0.6666676288003273,0.7984701804640892,752.5 -> 184.1,PC,1862.2401390075,2000.2801589966,1681.7401161185,1766.4601211544,2157.3401489257,2223.7201347351,2448.8602027892,2108.9001579288,2076.9201469404,2092.5601539628,2024.4401626576,2036.9201393132,2429.3201484682,2247.2401504517,1772.3201255791,2571.5801544209,2240.1801528923,2327.1401824939,1316.820083618
PC (40:0),0.03815054084288636,8.403691212407722,0.17620974597739902,0.6746509649991497,0.8020850361656557,846.7 -> 184.1,PC,2949.4802169802,2713.4802093504,2714.2801971435,1973.2001228336,2399.1201820368,2669.46019745,3230.1601982122,3007.3802146915,3061.1402091979,3019.6602058422,2469.1601715093,2554.340198517,2711.580207825,3160.1802215569,3103.100215912,2297.500144959,2616.2001876843,3226.0202255248,1443.9400939939
Lyso_PC(16:1),0.03498518912225489,9.82403864354486,0.15010103772564065,0.6984388217414818,0.8230625057686837,494.3168 -> 184.1,PC,9708.1806869551,8048.4005660928,6668.3204688968,8029.9405441253,7201.6004714995,7605.2006111141,6556.4605178825,7164.5004501356,6488.7204284676,9871.9808158808,7588.340583799,7301.7005081224,7762.1805076568,6888.8604240416,7446.9204978985,8098.7205314604,7298.420589444,6573.9404792794,2524.0202026366
SM (d18:1/14:0),-0.034841275576934144,9.410825150110472,0.14848461754667142,0.6999877385509365,0.8230625057686837,675.5 -> 184.1,PC,5509.1604652408,6019.3004341113,5772.9403915403,4986.3003387448,5054.3003463747,5991.7604293837,5301.6403694145,5082.6403732289,5176.9803886424,5548.0604248033,6499.2005043023,5120.8404083258,6045.0204429628,5232.6603546138,5557.9803504938,6024.0404548645,6155.260478972,6268.800453186,2427.7601699828
Lyso_PC(9:0),0.031144500250376288,7.388555167106668,0.11486490986481979,0.7346720607432277,0.8591247049128454,398.2229 -> 184.1,PC,1429.3001174927,1205.2400817873,1258.980102539,1380.8000946044,1152.6600799561,1236.7000923161,1402.8001022349,1418.4001121521,1196.6600875854,1327.1400947569,1386.1800956726,1321.9600944521,1458.3801040645,1255.4000854493,1194.2000846863,1241.200088501,1399.3601036076,1367.7000999451,1367.9001121521
Lyso_PC(6:0),0.02855319195924393,7.543291068728169,0.09696188787005156,0.7555064060919676,0.8660523815405787,356.176 -> 184.1,PC,1825.5401382447,1440.6201019284,1577.320106506,1341.4800834653,1426.8801193229,1432.5600967407,1214.8000793455,1423.1200904854,1331.4200935361,1518.5401039121,1580.2200965881,1253.0000801087,1718.2401237491,1509.2401046752,1274.8800888062,1420.5201072689,1745.060127258,1316.9000778197,1510.2200965888
PC (36:4),0.028669896724282405,11.71379722025144,0.10135854014220769,0.7502053838347178,0.8660523815405787,782.6 -> 184.1,PC,30463.08232119,27140.301994324,26392.8820037776,30028.8222579963,28585.441871654,27195.581924431,28091.2419204606,26397.8816680877,28929.041999814,32307.2423782567,27600.441619866,28281.501785283,28551.2218017509,25473.6616744909,25989.121795665,28740.721778864,30216.801727279,33009.24247742,4421.960300445
PC (38:6),0.027984621560531494,9.583813251220215,0.09591817231157052,0.7567840904116273,0.8660523815405787,806.6 -> 184.1,PC,6213.3203849804,5977.420413972,5929.0003776544,6618.8204994229,7018.8603935218,6593.6604194642,6393.8603897096,7296.1605758661,5374.6803550736,6333.3804550155,6761.7604408258,6118.5004959118,7152.9205703742,6569.1604232786,5580.8003959653,7075.2204170223,6933.2004928583,6374.6804122951,1498.7001228325
SM (d18:2/22:1),-0.029244307174876562,10.701007266845432,0.10524436294986117,0.7456247158028477,0.8660523815405787,783.6 -> 184.1,PC,15359.6810989374,13190.2809829681,11888.3608017018,14628.3211212127,14480.3411102066,13377.8010635418,13618.9810905417,14097.180961596,11646.7008285581,16606.9410629241,13618.2208023005,14853.6810607822,12868.7008018505,12704.7010192847,12798.260898582,16527.9811096047,16197.3412551974,14612.0608787505,3191.4002113351
PC (38:7),0.027172411544161078,8.627925093720357,0.08966173618212281,0.7646076291932423,0.8703512374859248,804.6 -> 184.1,PC,3241.240192412,2876.4602050776,2821.5802154532,2902.5801963807,3293.6202545168,3239.4602317804,4285.1802978524,3341.7002601616,2930.6602058404,3522.1802711495,3124.7602310188,2914.8201904288,3269.5802268994,3069.6401824954,3167.3002319339,3154.9202308647,3857.4802665704,3681.1602401737,1529.9600982671
PC (44:4),0.026358001469815606,7.230397678797863,0.08192187118147976,0.774709649481232,0.8771844708411833,894.7 -> 184.1,PC,1388.8001022342,1078.380077362,1122.1000785825,1180.4400978089,1154.4000778197,1183.9000854492,1151.3000831603,1154.3800811768,1166.7200737,1197.3800773619,1184.8400764465,1186.6200866703,1154.960094452,1239.6400871277,1155.8200912475,1163.4600753785,1319.6400909422,1249.0600929259,1074.0600814818
Lyso_PC(19:0),0.025692895654671796,7.520095323194585,0.0784986620445931,0.7793423815017482,0.8777856296914427,538.3794 -> 184.1,PC,1462.2600975044,1300.6200904843,1255.0800857543,1423.5200843803,1260.6800918578,1474.7201080322,1364.6000900266,1586.7001075741,1841.1601219182,1321.560100555,1538.1201210024,1456.8601036073,1472.340110778,1722.6801185617,1444.1201019276,1289.4400901797,1484.2001113894,1559.7401123042,1244.8400917054
Lyso_PC(17:1),0.02467709848231048,7.360647058805967,0.07207482906000173,0.7883394444272458,0.8832703722902125,508.3325 -> 184.1,PC,1259.3200988773,1269.1600952146,1366.6001052866,1227.7000923155,1398.6200866704,1121.6600875855,1197.9000778199,1292.4400901789,1370.2800979613,1204.0200805668,1731.2601242057,1051.4400711061,1260.6000900271,1330.9801025382,1274.6001091005,1402.4601097112,1231.0000991816,1344.7600975033,1236.9400978088
Lyso_C17 sphingosine-1-phosphocholine,0.02341436769859178,7.211797633360086,0.06458358470442249,0.7993928051573187,0.8863733694490477,451.3223 -> 184.1,PC,1105.8000755307,1166.9600830078,1125.2400779726,1229.9400863648,1177.3200759893,1104.7200813291,1193.4400825494,1053.0200767517,1186.7600936886,1237.9000816348,1252.9000930788,1167.340084076,1083.0400886535,1161.9400749206,1166.1400909422,1199.7200813292,1081.6800727846,1295.8400878901,1155.9200897217
PCo(44:4),0.023862466996211223,7.266679611484383,0.06720206748741298,0.795454995829901,0.8863733694490477,880.7 -> 184.1,PC,1146.3800849911,1185.3000793456,1102.9400749205,1201.9000854493,1205.3400878904,1376.3800926212,1133.7600784302,1174.4000930784,1242.4400939942,1193.6800727845,1150.0400886536,1145.2600822446,1347.460098267,1225.8400917049,1150.4600830077,1148.100078583,1260.6400756842,1456.1401023867,1181.3400993342
Lyso_PC(17:2),0.016430484513810288,7.198727236872602,0.03178257140622742,0.8585056992008592,0.9469986628090898,506.3168 -> 184.1,PC,1102.8000869749,1181.4200782779,1115.2800865173,1143.020076752,1026.5200653078,1120.3600845339,1104.380077362,1186.2000846861,1204.8000869754,1169.2600784303,1076.9200706483,1247.8000831602,1132.5600814821,1168.6400871279,1171.160087586,1145.2800827026,1174.4800796509,1242.2600898741,1191.9600868227
Lyso_PC(21:0),-0.015768648852280406,7.85294206197204,0.029811187683936424,0.8629193422793108,0.9469986628090898,566.4107 -> 184.1,PC,1985.2801513683,1975.1601371764,1535.5401077275,1762.2401275625,1671.9001388549,1718.8601264955,2147.920139313,1851.3201103202,1649.7201042179,1871.2001495352,1670.2001075744,1878.0201148993,1992.2601432793,1815.9201278689,1835.8601150527,2069.5601501464,2165.7601432799,1947.4601249694,1338.8600997924
PCo(42:4),0.014828729338762683,7.555082795792156,0.026178148146286162,0.8714660101917185,0.9514986029644273,852.7 -> 184.1,PC,1367.6200904841,1563.2001075737,1348.0400962824,1674.9401092531,1273.0000953676,1431.1201019282,1475.1801223751,1606.4201164245,1583.5401153556,1490.0201072689,1952.9601669302,1415.2201004021,1770.8201370253,1512.6801109321,1560.3001136775,1330.4600906375,1420.6201019289,1297.6000862119,1166.5200843811
PC (36:7),-0.014132248473492188,8.162815180570224,0.024086084633204052,0.8766660746888085,0.9523174618446955,776.5 -> 184.1,PC,2415.9601783747,2283.0401763901,1941.6001319881,1959.7401275642,2366.2601814266,2214.7601623536,1972.2801322943,2521.2402114874,2635.3802108767,2383.9601783754,2721.4601898191,2060.9601249688,2424.8601646409,2192.9001655572,2162.600154878,2398.7601509102,2615.7002029418,2522.3801574714,1541.4600982657
PC (42:3),-0.013480995928541465,7.61574941204491,0.021673307263569974,0.8829595037975615,0.9543097667306979,868.7 -> 184.1,PC,1674.3801078787,1604.3001022346,1428.0201148991,1473.5401039124,1401.580108642,1574.8601074215,1570.1401100162,1594.5601119997,1483.8801078794,1982.2801322932,1524.5001144402,1395.6400794981,1719.7201080322,1620.0201263432,1262.2400741577,1789.5201339713,1651.1201171872,1685.220134736,1175.7200889584
C30:0,0.009502016068361197,12.021463933834607,0.01113750178935291,0.9159518044332262,0.9550847123629437,451.4 -> 451.4,FFA,36951.7824592627,32148.3822059639,32662.6423721249,33930.5224647547,33017.2623634283,34182.6224479621,31918.2820739797,34144.1426124522,31999.0424156149,38300.442756652,35279.7825279307,35178.6025352493,32946.5423126218,31744.3421096733,30679.4022903428,34561.6424674987,35742.6825141897,38653.8426132181,18169.7811965941
C32:0,0.00945007514863094,11.664292167786542,0.011010518947715653,0.916430544472874,0.9550847123629437,479.4 -> 479.4,FFA,28284.2021293581,24500.3416976929,24941.021808618,24074.4016418456,26676.9018478393,27452.5618553142,25147.8418388338,24942.6817626929,25413.9818038931,27017.0819778475,30122.4421310396,29745.8423194905,24661.0017204273,25064.6818847643,25120.9618225116,25480.5417861983,25422.7617454482,27392.44199371,18435.8812904344
Lyso_PC(17:0),0.009488317310340522,7.6004439615954595,0.010716130426615678,0.9175512735933372,0.9550847123629437,510.3481 -> 184.1,PC,1469.6400985722,1553.0801162722,1411.2600975041,1599.7201042174,1512.6001129149,1431.5001068118,1498.0801048287,1303.7400856018,1456.5801048277,1239.8400764462,1465.4001007091,1505.4601097103,1519.9001045234,1665.7001152033,1583.8801078799,1663.5601310719,1731.1201477042,1342.0000877377,1821.1601409909
Lyso_PC(19:1),0.009597300146178534,7.2681659533370855,0.010865036015404783,0.916982475590872,0.9550847123629437,536.3638 -> 184.1,PC,1181.3600807191,1222.380088806,1140.0200881961,1141.3800849913,1101.320083618,1132.7000808715,1172.5600814824,1289.7001075749,1205.9200782776,1225.8400840761,1361.1400947577,1049.5600700376,1179.6400794984,1157.8800735477,1193.9000854487,1297.8800926208,1237.4400978083,1313.8000984191,1345.6800880439
PC (34:3),-0.010219567431950774,12.578602971986317,0.012890641556695392,0.909604861722548,0.9550847123629437,756.6 -> 184.1,PC,56517.263885512,48126.3429412846,43996.3633346748,56065.163909902,52131.363967899,53040.603706373,50237.66377259,51333.6638564994,47935.363571174,61266.404510502,54492.664260869,48566.603546146,51121.063713087,46656.403701772,48327.103645325,58407.064819338,57752.324340822,58388.3642654473,3224.5402679439
PC (40:1),0.009264228060449454,7.681228777625359,0.010244266765800703,0.9193806109661982,0.9550847123629437,844.7 -> 184.1,PC,1728.8801078794,1722.1401023865,1442.9000968939,1757.780143739,1225.5200881955,1672.260112763,1611.4801216121,1530.5201072694,1623.4201049807,1413.3801040654,1631.6401252757,1484.7401046758,1854.4201316835,1610.3200950619,1794.1001243594,1464.5800933838,1865.9401550288,1718.5201377859,1537.4201049805
PC (42:8),-0.010626256600637063,7.493289640607094,0.013421782199134036,0.9077695085167271,0.9550847123629437,858.6 -> 184.1,PC,1478.3000946044,1247.2800865174,1562.0201110835,1409.6200981148,1376.6800918576,1558.38010025,1425.0001068115,1219.6600875851,1372.9201049808,1522.6801185611,1604.0001258847,1459.920120239,1413.5601043707,1492.3400993348,1400.6800918576,1670.2401428219,1402.4200935366,1355.0800857539,1135.1600799561
PC (44:6),-0.011661929320777696,7.264152684637815,0.01605411029035686,0.8991740342816762,0.9550847123629437,890.7 -> 184.1,PC,1219.3000869749,1151.9400749203,1221.3000793456,1259.8600959777,1122.6600799558,1228.9800987245,1198.6800918579,1150.1400794982,1142.9800834655,1220.0600891113,1163.2200775143,1342.6201095573,1306.6400947574,1229.5600776675,1193.1400947571,1129.7800750732,1421.0801048277,1258.080085755,1079.8000717161
PC (44:12),-0.008742378196908792,7.266257000394648,0.009021869309457031,0.9243279158730948,0.9555853816272574,878.6 -> 184.1,PC,1277.5600891114,1169.1800804138,1225.5000953679,1142.760066986,1077.0600814818,1371.5400924679,1113.5400733951,1139.6800727843,1186.3000831604,1177.1800842286,1263.8400955201,1191.4400863649,1427.0600891113,1148.8400878906,1270.3800811767,1327.9000778202,1218.0200958247,1222.1000823974,1109.660079956
Lyso_PC(3:1),-0.008116589627469804,7.30935053717724,0.007786549777989649,0.9296847902059326,0.9565026206926421,312.1134 -> 184.1,PC,1163.6200790409,1163.0600852967,1234.7600975034,1259.8200874329,1226.3400955199,1361.8801155089,1173.2000808718,1255.6400909421,1183.5000839237,1286.620094299,1413.5801048278,1261.8400955204,1273.9600830081,1197.9600906368,1316.2400970459,1275.9600944516,1268.1600875854,1286.260093689,1149.7800750733
SM (d18:1/12:0),-0.006613719601060864,7.64109738051049,0.005218416065577713,0.9424120229911278,0.9649577651679491,647.5 -> 184.1,PC,1393.7201042173,1623.0601310734,1331.2800827032,1442.0401000979,1647.1401290898,1552.0401153559,1727.7601280207,1509.6001014711,1777.9601440422,1721.9401283265,1402.5600967403,1589.780117035,1657.0201225281,1725.8401184086,1506.560111999,1782.7201347353,1732.4601211536,1621.3201255808,1274.8200950624
Lyso_PC(22:5),0.004376802842080612,7.549708451861138,0.0022772899768828125,0.9619386298549621,0.9710135225894431,570.3481 -> 184.1,PC,1391.7401084899,1233.9800910949,1328.1400947572,1468.6001014714,1314.7400856022,1474.9000892635,1581.1000976566,1520.700099946,1430.7800941471,1657.660106659,1398.860092163,1544.3601112367,1331.8800849915,1374.3800964355,1442.260116577,1563.6401176448,1333.9600791928,1658.4001197815,1769.9401206975
PC (42:7),0.004748594613200315,7.670070404987864,0.0026926667003577265,0.958615616061963,0.9710135225894431,860.6 -> 184.1,PC,1618.7401313791,1740.1201362606,1416.0401039115,1547.6400947563,1558.1401100155001,1575.500118255,1652.5601196294,1679.9801368709,1665.600120546,1567.5201187134,1651.8801078799,1793.6401290903,1525.5601158147,1441.120098114,1627.9601135258,1676.5001258852,1989.6801338202,1809.7201385489,1176.7801017763
PC (44:8),-0.004719344981836756,7.234839734585613,0.0026258830701193503,0.9591315921715216,0.9710135225894431,886.6 -> 184.1,PC,1178.2000770569,1132.6000785828,1135.4600753785,1103.4800910947,1189.0400810242,1185.600086212,1199.6000938415,1211.4000778202,1096.380077362,1236.8200798031,1114.7800712585,1246.4400787356,1165.3200836181,1247.4200859068,1208.8000793458,1173.6600723265,1288.7200851435,1256.5800933834,1149.6200828552
Lyso_PC(20:2),0.002478171475364929,7.953259301839876,7.379767634745349e-4,0.9783275509158508,0.9829206380093525,548.3638 -> 184.1,PC,1652.620128632,1785.6001243589,1950.2801284799,2283.7201805111,2129.7601585399,2313.5401306147,1917.260143281,2042.0401496878,1670.3401145931,2478.4201927186,2152.960166931,1768.0001220697,2318.52017212,1851.7201347353,1765.740135192,2016.4401435854,1993.060134887,2224.5401573191,1244.6000823971
PC (44:5),-9.21850945893485e-4,7.333999156601341,1.0049124716893232e-4,0.9920017144348572,0.9920017144348572,892.7 -> 184.1,PC,1099.1200752258,1187.2400703432,1327.6800842284,1179.7000885005,1343.300102234,1270.8000984191,1201.6800842288,1318.9600906368,1246.540100098,1355.7401008608,1227.1600723274,1152.8200759888,1326.3800888067,1384.4600944518,1397.2600975039,1287.7200889593,1365.4000892639,1192.2400856021,1237.7800827023
