lipid,logFC,logCPM,LR,PValue,FDR,Transition,type,EKO-C1-Cells_r1,EKO-C1-Cells_r2,EKO-C1-Cells_r3,EKO-C2-Cells_r1,EKO-C2-Cells_r2,EKO-C2-Cells_r3,EKO-C3-Cells_r1,EKO-C3-Cells_r2,EKO-C3-Cells_r3,WT-C1-Cells_r1,WT-C1-Cells_r2,WT-C1-Cells_r3,WT-C2-Cells_r1,WT-C2-Cells_r2,WT-C2-Cells_r3,WT-C3-Cells_r1,WT-C3-Cells_r2,WT-C3-Cells_r3,blank
C20:0,2.118152558562955,15.372459628394099,533.1729878025258,5.763044570401668e-118,1.233291538065957e-115,311.3 -> 311.3,FFA,867555.280272966,749756.813659617,737588.867645508,768445.074065974,739520.674865739,737859.294219943,122765.648742677,127628.868438724,119722.909149181,141445.848815932,123420.88827513,127033.088531476,130263.149353027,123100.448883058,122666.968200701,129795.929595941,127952.26861571,127282.149108886,62300.204498283
C15:1,1.277288770679661,13.960116446532997,203.8478583634933,3.0212175669615018e-46,3.232702796648807e-44,239.3 -> 239.3,FFA,75882.385353102,474003.574943653,554938.257934737,44395.223236086,92523.326042208,124026.048492414,35767.9826354992,61346.404190061,100702.947326664,52238.623840321,134877.308929426,134852.969757074,51722.8039627057,56026.064224261,70817.945327742,46189.5233001679,49673.583671551,63448.564514146,37924.2226715055
C14:1,1.047028345004642,13.452684281966132,138.3390070183068,6.143975892252662e-32,3.476478554634322e-30,225.2 -> 225.2,FFA,59332.224243168,295430.180511524,333237.221542316,40635.26283264,67423.804565404,85446.866119381,34818.182472235,49316.423492441,69376.025001527,44102.483261104,88977.906402564,96383.9664764391,42312.743087768,44406.243026733,55556.324058521,43304.8229904192,43448.6030197153,53916.703674302,40406.66294861
C19:0,1.046358368698729,14.779304194989766,138.2277278340889,6.498090756325835e-32,3.476478554634322e-30,297.3 -> 297.3,FFA,392171.906585811,401198.986801039,417857.230804474,349088.784912111,353767.443908596,354315.98464968,135951.029418942,138012.489761326,144595.770202653,149099.589401269,158456.19128417,165565.090621969,144349.730987539,147243.589721718,143613.890350364,133697.86891173,133554.949127182,140693.890686035,67751.444732647
C22:0,0.8177227387732404,14.064947228102344,85.10172538178301,2.834031403177667e-20,1.2129654405600414e-18,339.3 -> 339.3,FFA,236036.036605862,197625.994934092,199667.393524143,215035.696121231,205666.094558697,200592.753997821,96928.067016604,96782.086791985,94777.926483151,110293.847717272,94022.427215591,95223.346405002,103995.026992792,95359.846679653,98069.2070465111,96993.846847518,97312.066818226,94820.986526459,51079.543594373
C22:6,0.79075710962666,12.775298411713784,79.59491358786613,4.596072043739891e-19,1.639265695600561e-17,327.3 -> 327.3,FFA,91329.106231679,80821.145782451,79373.7054595891,82230.225654589,81673.185790991,81537.265518193,39893.98279571,39691.3428344659,39603.062713623,42518.78308105,37688.04258728,38698.002700801,41417.682907094,40520.662849421,41434.522949212,41764.382949825,38607.6826438922,38250.2627525353,31051.162117009
Lyso_PC(20:3),0.6588484243926978,9.287213365373919,54.843828482604124,1.3049790264098658e-13,3.9895073093101614e-12,546.3481 -> 184.1,PC,4475.5203437788,3573.94021988,3260.3002891528,10081.3206596369,10063.1006469664,10632.1807632443,3738.3202552802,3775.5402717582,4265.6203422538,3656.0802688604,4291.9603271475,3155.6402282703,3598.9802055365,3794.0203285228,3850.9802513118,3839.7602958688,5078.100395203,3204.200218201,2050.5401153562
PCo(40:4),0.49224207451493374,9.367935316734831,30.757457029567504,2.9237809635478388e-8,7.821114077490469e-7,824.6 -> 184.1,PC,6819.5604400629,6050.7804527273,5873.6403770447,6413.5405273436,6452.2405014034,4879.4603576645,5655.0204315178,6254.5604438791,6240.4004669197,3938.2602615362,4435.4003067028,4470.08026123,5220.5403099053,4787.5203475952,3906.8002738956,4716.3603210444,4143.8403244022,3980.3002929696,1438.5000877385
PCo(38:3),0.45934373300206405,9.881868957671708,26.892814796484565,2.1505691729622892e-7,5.113575589043665e-6,798.6 -> 184.1,PC,8899.5006256111,8619.7605781603,8275.7407188393,8793.8806495666,8825.1607017559,8423.5006179809,8195.4605102531,8921.8205986062,8454.9804801971,6399.5604553270005,6173.8604202276,6291.2404823285,7029.1604537953,7184.0605583182,7356.5805015605,5703.7403411873,6060.4404983507,5314.8003425596,1904.8401412966
Lyso_PC(19:3),0.43260587852796867,7.674645479314754,23.155197703573755,1.4943872271179413e-6,3.197988666032394e-5,532.3325 -> 184.1,PC,1209.6600799562,1325.7800941464,1573.8601150505,2459.9801864617,2941.3002357488,2310.7201461807,1286.0201072696,1329.7400970459,1401.620105744,1249.6000938416,1223.9800872808,1241.600093842,1533.8200950636,1367.5601005548,1351.0800933837,1225.4600868225,1273.6800842289,1475.6200981147,1310.0600967409
C15:0,0.40792802320965943,12.750751567651417,21.373802766114068,3.778996635925054e-6,6.739210667399679e-5,241.3 -> 241.3,FFA,56948.323883062,89376.787048338,100584.247161867,50702.663253779,50078.583587654,54909.643661484,40262.46295166,41818.402908329,47115.9832916343,48069.023208637,52688.843521127,53777.563705455,42091.302848811,43323.042846679,44754.4634361145,38836.562683105,42836.042922983,42237.922912598,39058.582794191
PCo(32:3),0.4117383641986374,8.84728955699144,21.43011225966741,3.669625004067617e-6,6.739210667399679e-5,714.5 -> 184.1,PC,3528.0002403264,3213.5002517702,2316.1401672361,5001.2603378272,6021.8804092396,5265.8204040529,3369.3402404774,3748.3402366647,3180.4002380362,2804.600212096,3423.2802658084,2568.9201698305,3206.4402275104,3430.360256193,2595.9401893613,3160.0602302571,2682.5601692198,3301.0202255242,2886.2202224731
PC (34:4),-0.4072148412988754,10.076635366247668,21.176723081141155,4.188203762558297e-6,6.89442773221135e-5,754.5 -> 184.1,PC,7893.7206192028,7458.5204391476,6530.640487671,8063.4206543002,7554.7004890405,7530.7604446401,7162.32057953,6759.620407104,7415.9605522164,10351.1608276411,9468.9007110553,8653.1406898444,11428.6206283424,11612.0808296192,10349.5607795657,9480.2407226533,9359.7605514588,9173.9006767269,1440.2400932316
Lyso_PC(14:0),-0.3501672280259249,8.808362221884648,15.509584871152754,8.208796104392027e-5,0.0011933306745952168,468.3012 -> 184.1,PC,3431.7202644364,2511.3402023314,3009.4402313246,3079.7202072139,2236.4801559455,3478.8802642822,3300.7402534495,2677.7601890566,3091.9202384947,3630.0402603149,2989.7402229321,3152.9002571097,3879.8602790849,4623.8203163161,4394.7403335562,4799.180358888,3713.1402130129,3779.9802856428,2486.4401474011
PCo(38:4),0.3477677818698693,10.291908096329864,15.474074821719693,8.364467345293575e-5,0.0011933306745952168,796.6 -> 184.1,PC,11017.640792848,10023.0007782049,10637.5208396941,11573.2608032264,11385.3408088574,10772.4406204186,12018.8607864178,11315.7807044972,11442.6208953801,8111.4405555702,7333.1205062864,8633.1205978336,10723.220642088,10598.7208099252,8135.0805969238,9023.0607566752,8859.1405181841,9098.400642402,1672.9201049786
SM (d18:1/14:0),-0.34371693517448154,9.630963095944432,15.061568553815926,1.0406049805046415e-4,0.001391809161424958,675.5 -> 184.1,PC,5509.1604652408,6019.3004341113,5772.9403915403,4986.3003387448,5054.3003463747,5991.7604293837,5301.6403694145,5082.6403732289,5176.9803886424,6735.6205101023,6421.3604774478,5701.1604766844,8525.2805557306,7085.7405014042,7697.4605140672,7809.5604591386,6876.4004821762,6628.7005386334,2427.7601699828
PCo(36:2),0.3384831381817033,10.867322378292506,14.68904344400454,1.2678118757027476e-4,0.0015959514200022823,772.6 -> 184.1,PC,18662.5412750189,15504.7809257403,14701.900863643,16889.3209457417,17565.7813606222,17626.1211090061,15424.2210464651,15790.5209579452,16042.3810386631,12765.9008674528,11639.6207771289,12075.1408653152,15341.1611137505,15014.3011741739,15558.3812332215,12445.1207351748,13313.5408821024,11551.5207748359,3678.7202796963
PCo(34:0),0.3258680403327431,9.80372366711731,13.55538077234706,2.3162643706683443e-4,0.0027537809740168094,748.6 -> 184.1,PC,7424.6806716964,7787.920558925,7735.6405334485,8129.9805831854,7671.0606079112,7629.2206039431,7455.9205780045,7585.7404937734,7767.2405319251,5440.0404129016,6173.3204536448,6640.7404251113,6852.360507965,6679.1004409792,7514.3804855336,5658.7803688033,5949.9004669189,5480.0803680411,3159.2202148442
PC (36:5),-0.32383374303216284,10.192352345852674,13.415873808951686,2.4950391155767563e-4,0.0028102019512285573,780.6 -> 184.1,PC,7224.0804939273,7345.9805870041,7854.6405830356,9325.1605720552,8508.6406631476,7974.3805847165,8272.6805763257,8252.780647273,9321.6005973862,9863.7206115776,10257.520709989,9304.1807022043,11312.8207397431,11425.9806442229,12230.9609298707,10480.7005310034,10047.4207534776,9940.1408157315,1590.3801193226
SM (d18:0/14:0),-0.3231662491977732,9.613040960866327,13.31777084491344,2.6290253870836077e-4,0.00281305716417946,677.6 -> 184.1,PC,5438.2603340156,4494.0403251649,5205.5803756704,6181.720485686,4964.3203163139,5533.6203842165,6021.9403114314,5937.3003883365,5382.9403800948,6925.9404411305,7309.0404510452,5934.5803718552,8126.0405120848,8021.9206008956,7463.5205078102,6425.1403884881,6695.3005409238,6006.6404151911,1732.1401100164
PCo(34:1),0.3190220459452418,12.498009056870695,13.087443674932246,2.972817646168232e-4,0.003029442744190484,746.6 -> 184.1,PC,54084.443634031,50568.763519283,45504.482803353,54800.284255963,50680.963226303,51335.923446646,53465.243804935,48993.543762201,50557.604095475,40163.702957153,40641.8830413691,38208.3822479336,46984.522750843,47165.04264832,45938.343124383,38090.762374874,38735.0427551432,40592.282470694,6560.4005050659
PC (30:2),-0.3148489724129906,11.675595716836767,12.735521835319503,3.587757070120569e-4,0.0034899091500263713,702.5 -> 184.1,PC,24757.5418472251,23263.3416671874,21752.121887203,25934.62162018,23020.8413925136,24364.3819580155,22074.0216293326,23206.7817001246,21782.501434304,26624.3417510879,26450.6815261712,25805.7217636237,32874.5623245237,34031.7424392511,32335.7825851359,31234.7022285593,27630.281723004,29990.422058106,1994.9601326001
Lyso_PC(6:0),-0.30650053318602716,7.763576245304809,11.669183195816146,6.354390242120418e-4,0.005912345703538128,356.176 -> 184.1,PC,1825.5401382447,1440.6201019284,1577.320106506,1341.4800834653,1426.8801193229,1432.5600967407,1214.8000793455,1423.1200904854,1331.4200935361,1568.3401222228,1460.0601043705,1532.7601165766,1846.1401252743,1678.760112762,1702.8801231382,2689.9801864629,2032.6401481638,1866.1201286304,1510.2200965888
PC (32:5),-0.29703789487211735,7.9898932655736035,11.023969380038174,8.994126995121793e-4,0.007875053436116032,724.5 -> 184.1,PC,1614.5001144408,1647.1401290891,1719.0001182565,1604.3000946048,1546.1601142882,1572.4401206962,1742.7201118469,2121.0201416011,1965.9801559445,1858.3601264952,2181.1201705931,1912.8601188658,2282.8001632695,2488.9801635755,1909.6201248185,2250.8801651005,2298.5001449602,2329.7401504516,1323.16009903
PC (34:5),-0.2957981046859381,8.212654370993793,10.98205644118501,9.199828780509382e-4,0.007875053436116032,752.5 -> 184.1,PC,1862.2401390075,2000.2801589966,1681.7401161185,1766.4601211544,2157.3401489257,2223.7201347351,2448.8602027892,2108.9001579288,2076.9201469404,2242.7601280204,2737.9001503003,2093.3001441943,3012.2002220166,2559.8402137758,2379.6801872244,2743.5602073669,2784.2801895134,2422.9001426708,1316.820083618
Lyso_PC(18:1),-0.2791820164590226,10.574744153405025,9.990968148098517,0.0015730987641934518,0.012947812905284564,522.3481 -> 184.1,PC,12711.0008964583,11486.080886842,10367.7607803385,11688.6208648597,10781.5609016391,11361.3608360232,9302.2005691464,10068.1407203756,9635.6805496225,12481.0408401634,12572.0208587632,11463.8807296734,14445.1809463456,13757.4610519467,13891.5410614011,15043.980876924,14236.8009681619,12486.780864702,3729.0402374264
C20:3,0.2755901734348699,13.173432307824584,9.776206669391598,0.0017678466128002465,0.014011821301453805,305.3 -> 305.3,FFA,90266.9068679609,64562.8839988577,63687.6244239783,95236.6267738414,86161.3260955438,87265.5067519899,76568.6655578304,81151.1256179596,74571.6855468618,70492.5649299505,63470.5247116312,61477.8041267063,72070.8850173864,72108.2054252418,71240.7452659651,64443.5445289542,64180.2246284291,65277.2249527047,18531.941375734
PCo(36:3),0.27075887606425736,10.145849982373488,9.382883827515172,0.0021902073381691407,0.01673944179886415,770.6 -> 184.1,PC,10898.920787807,9856.5608253544,9705.0606574958,9326.3405342090009,9926.5806007363,9525.7006340008,10443.8406486475,9477.7807159412,9262.3007049522,8929.3406715369,7736.6605491632,7219.5605506894,9906.0207939011,9535.6807556208,8104.3205337539,7097.6805953981,8108.0006294245,8259.640502929,1579.2001075741
PCo(36:4),0.2668479765224117,9.254794141601042,9.06229977513148,0.002609335803268619,0.01925509868618912,768.6 -> 184.1,PC,5310.4603385911,4368.0602989205,5105.1203918462,5666.9403381364,6603.9205284106,4906.6803970329,5008.9403343207,4818.2602996838,5304.3203773515,4163.9402809144,3933.2202835089,3854.0002822876,4898.8603706366,4578.3202476496,4968.960308076,4623.0602874762,4437.4203186024,4501.5403022782,1459.1601066597
C20:1,0.25731000959041883,12.372411244975758,8.51870034142729,0.0035151543677292866,0.024699892644021722,309.3 -> 309.3,FFA,62182.544368737,52090.6032104606,49370.1237983603,52038.2436676043,47733.223594643,47199.4633789102,30188.2620506233,33361.6024208116,32061.9021530143,41812.0630722103,36399.9425582836,36541.8025054942,55749.6039504821,41149.8429260205,39141.1427230853,30525.7221717779,31471.7622528086,33348.3025283818,16399.5211181652
PC (38:9),0.25889749742594637,8.777539994234196,8.486445471411228,0.003578021831610623,0.024699892644021722,800.5 -> 184.1,PC,3950.7402305585,4344.9803009042,3100.260215758,3931.7002563487,3326.5202178957,3620.0202293398,3775.5202713007,3251.2801933275,3554.3202552789,3372.9402427677,3251.9802398697,3074.0401878353,3324.9402389533,3385.3802566526,3178.3402404791,2877.8402328493,2559.7201957707,2942.5402069094,2079.1201362614
PC (36:4),-0.25188363947736403,11.919282022021694,8.159629369949087,0.004283312374747452,0.028644651506123584,782.6 -> 184.1,PC,30463.08232119,27140.301994324,26392.8820037776,30028.8222579963,28585.441871654,27195.581924431,28091.2419204606,26397.8816680877,28929.041999814,30593.602447513,28959.1817626828,30894.5619353973,38282.582748409,38288.4228363112,36495.0827789358,35630.9429778829,33965.922126769,34907.1430435301,4421.960300445
SM (d18:2/20:1),-0.24796899633838806,9.429439203000035,7.838334456364891,0.005114971275716493,0.03316981372737362,755.6 -> 184.1,PC,5038.7602882402,4771.2203826898,4635.6802825937,5382.4404258715,5443.5004005424,5279.3803176881,4741.0403747562,4521.9802932747,4991.7203407266,6231.0405082709,5144.6403732281,5097.5403175365,7366.5604782112,6167.5404281622,7047.2605056744,5447.7803726188,6283.9604682927,5612.4203643798,1233.0800857543
C16:1,0.23757134121163942,12.341488225591984,7.262986043028835,0.007039015789448608,0.042799774926760695,253.3 -> 253.3,FFA,57902.864391337,38191.1428642282,39353.9631385849,55656.8040237418,47998.9833106887,50084.4837722766,33187.002346037,37812.1428222719,33645.2824096635,49484.8435592591,40315.8029479873,40015.9229812307,37640.382446287,37084.502552032,36667.6426849322,30901.2023582421,33075.302474974,32569.6222763125,17972.8213386525
PC (30:0),-0.23791703077161658,14.218277134498926,7.291978732478356,0.006926314773889377,0.042799774926760695,706.5 -> 184.1,PC,143696.472442567,132853.369567854,128342.929809662,150728.851440576,141539.049926784,142770.888794009,143980.230651975,139775.68859877,134235.049621407,154859.169784672,149310.03192133,150148.708770855,192784.472747906,184099.015319823,186882.154113673,169143.609756603,166595.749664229,162043.632476631,14715.5011749146
PC (34:3),-0.23685790954530733,12.757644353313019,7.222393970839845,0.007199962137212079,0.042799774926760695,756.6 -> 184.1,PC,56517.263885512,48126.3429412846,43996.3633346748,56065.163909902,52131.363967899,53040.603706373,50237.66377259,51333.6638564994,47935.363571174,57300.98304749,54679.583755498,53161.8237304576,69851.585205071,68722.685287472,69147.34443665,60538.164215097,61241.664962787,58052.424217211,3224.5402679439
PC (30:1),-0.23412462606304224,14.19682827239829,7.061568925828851,0.007875499651808622,0.04435149803913277,704.5 -> 184.1,PC,142151.010284388,134430.469222942,126561.009460489,148202.189147945,141113.429778928,141830.770751857,138319.629669301,134498.949096517,131408.9489746,153254.331054573,149234.292510983,147425.551879977,192208.153839076,184410.990173352,186196.593811003,161064.532592877,161025.050521883,154094.809722836,18346.8410759066
PCo(40:5),0.2369625080928433,8.653701062497026,7.101351915143734,0.0077025832932979595,0.04435149803913277,822.6 -> 184.1,PC,3729.920310975,3796.8602409376,3373.7202415471,3152.2802009572,3003.2602043147,3157.3802261359,3267.0002365108,3699.900276186,3054.160213472,2631.4601936341,3079.9602203374,2633.3401832591,2841.9002037049,3314.820251465,3148.3202018718,2779.3001708977,3222.2402114854,2531.5401916506,1533.1401023864
PC (38:6),-0.23273557547292242,9.77790604560479,6.921923555097166,0.008514534054744092,0.046720776608082965,806.6 -> 184.1,PC,6213.3203849804,5977.420413972,5929.0003776544,6618.8204994229,7018.8603935218,6593.6604194642,6393.8603897096,7296.1605758661,5374.6803550736,7572.8406295818,6871.680603027,6335.8405265803,8005.4006004319,9197.1806221037,9454.760559077,7102.3805160546,8226.6006317128,6284.9404869087,1498.7001228325
PCo(34:2),0.22842887594753725,11.3343329877018,6.705921798780332,0.009609324184510014,0.05140988438712857,744.6 -> 184.1,PC,23941.0017166223,22206.9614486496,19862.5014991452,23802.5017166175,22595.7217712358,23529.8418235633,21794.3416671698,21571.2413902336,20471.9611740364,17886.6214141806,16420.0410919277,18112.5412483092,22387.0615386881,21201.8215332098,22105.4416122464,18294.801368699,19157.1414299123,18553.4414977979,2849.9401931778
SM (d16:1/22:1),-0.219312904276006,11.75100105799029,6.186348582388661,0.012873955276140095,0.06719576656326781,757.6 -> 184.1,PC,26473.5416793779,25147.2217636062,21953.9215240423,27750.7020492501,28212.5420532331,24980.5819167999,26158.62210083,24893.0617294356,23609.8417129456,27971.181968685,26440.881752016,27015.8220100381,34582.1625633217,32297.7419814966,36035.862861633,30172.2020950396,30237.6019744835,27802.1622390728,2675.6801986686
C18:1,0.21539978810776206,13.684048343046241,5.977163401387202,0.014492292572997391,0.07048524115048731,281.3 -> 281.3,FFA,150598.250350958,96483.386856072,95580.426475501,136095.089294432,124256.929702749,126444.748336787,90916.826820364,92959.946578973,94337.1260795375,118587.128044132,98590.7070693747,99621.1267395037,112322.827949554,104846.627227785,96891.626632699,79973.3456191913,86536.4666213894,82751.6060561829,27126.7419319159
PC (38:5),-0.21700410645909315,10.915440620896138,6.046591287688301,0.013933169717131488,0.07048524115048731,808.6 -> 184.1,PC,14773.3210372924,14473.10104751,13720.6209754819,15382.981174452,13986.5210571265,13708.5409469505,13552.8408699078,13981.5611267095,14008.800968164,15237.2013244574,15054.7810974005,14891.3810997047,20354.2215309152,18752.9013137781,19019.5614929129,15668.5013847433,15497.7209815977,17212.1011314388,2593.5601882937
SM (d18:0/16:0),-0.2161460434360125,12.845297154616768,6.015944648737047,0.01417718746528637,0.07048524115048731,705.6 -> 184.1,PC,58609.043930054,50256.203155521,49011.483581548,59322.943634026,54477.903839109,53640.96427916,52265.3039474526,55415.144042973,53259.323959362,59832.4245376497,57414.1835784874,59141.623931892,76043.125518805,73181.085433989,67121.1642990113,63417.964157103,59702.7843246511,61063.703567508,10604.1006813067
PC (40:3),0.20880371571238918,8.99958728753467,5.538110273348149,0.01860666441344939,0.08735756096874883,840.6 -> 184.1,PC,4025.8402557372,3981.8202705373,3919.4202728256,4051.040279387,4359.8403129565,4436.1002616888,4799.3403816214995,4207.9403076152,4627.9203109738,3380.9202423095,3293.5202560418,3989.7003059387,3864.3802490225,4496.5603141798,3796.6403160108,3534.8402366644,4033.240299225,3566.9202346808,1521.8601112359
PCp(40:6),0.2084253308600812,8.5280084473321,5.484792442046954,0.019182597321197304,0.08735756096874883,818.6 -> 184.1,PC,3088.6002311702,2698.4601974486,2418.3801841723,2913.100181579,3056.3202133178,3126.2202262893,3259.7402534486,3385.6802101125,3156.2202301001,2514.9201698286,2345.2801551803,2380.5801734926,3049.5201873772,3730.8002548211,2506.920154572,2311.5601501457,2841.600215912,2335.4801444991,1836.9801177975
SM (d16:1/24:1),-0.20646491128676459,11.907213151904275,5.484481791359954,0.019186006380986893,0.08735756096874883,785.6 -> 184.1,PC,29397.962055206,26295.0419311469,27418.0020141589,29287.1821289276,30446.161895747,28262.421768197,27710.981796264,30015.3018875122,25826.2819404607,30897.74275969,31587.9226379469,29170.8422317563,38950.582504278,38444.1430130006,36875.022491441,32025.8422622671,30920.8022308255,31541.6222915683,5384.400352477
SM (d18:2/22:1),-0.20574603862383156,10.851852111828954,5.4350036132671855,0.019737049849797118,0.08799434724701215,783.6 -> 184.1,PC,15359.6810989374,13190.2809829681,11888.3608017018,14628.3211212127,14480.3411102066,13377.8010635418,13618.9810905417,14097.180961596,11646.7008285581,14443.3809890737,13402.9209518401,13792.4410247818,18239.9610290458,19795.8813972563,19030.361503598,15969.0010299694,15449.7009620648,14109.0210647418,3191.4002113351
PCo(38:5),0.2013242595669963,9.629982835427686,5.176277938838737,0.02289732298900159,0.10000055346217021,794.6 -> 184.1,PC,8027.7805404676,7031.3205375648,6597.260456083,7559.4005775457,6579.8404846186,6105.3804893502,6546.2205352779,5663.640457154,6160.5604095455,5417.7403755186,5854.8603897082,5536.9803848251,6568.8404312132,6875.4604644761,6428.6604614248,6197.4204559332,5149.4803733825,5440.9403610231,1447.9601135259
PC (36:8),0.20056224014522853,9.54153649188097,5.133162294980415,0.02347292429125273,0.10046411596656168,774.5 -> 184.1,PC,6448.8003730755,6173.9604606629,5398.2603492727,7230.5204734799,6413.2205505367,5946.5804367053,6559.8204536441,5936.5403747555,5468.2203674318,5482.0603752145,5444.2004470829,4640.6403312661,6073.2803459163,6302.1204681379,5286.1603355411,4627.3003501885,5451.9203948966,6018.780345919,2613.340179443
PCo(32:2),0.19398972041655455,10.235667682803443,4.821848751141719,0.028101189331445134,0.11791479444959331,716.6 -> 184.1,PC,10832.1807861247,9578.1607704164,9521.8406410176,11262.4807128879,10365.8207473795,9850.2005882235,10390.8208274812,10275.5207939128,9712.5406990148,8443.2406692492,8466.9405860914,7745.5005226141,10722.6807861291,10249.7807579121,9925.2407684282,9000.680614476,9171.2005081165,8304.4605255103,1774.3001251216
C24:0,0.189487511252824,13.282848442571614,4.625615553334,0.03149795729151933,0.12718043132802145,367.3 -> 367.3,FFA,100064.346984866,81768.225891107,80779.685630773,88662.806060773,81081.185539231,85176.586090074,71670.325225835,76549.705444318,70748.264816276,83176.086196898,71396.88513182,70426.924728378,81616.785812343,76278.965560889,74025.645416247,63872.944343568,69540.96510318,66747.384658801,41301.702835082
C24:5,0.19000807578295406,12.747792660167878,4.649451702422368,0.03106346804898391,0.12718043132802145,353.3 -> 353.3,FFA,68190.605010983,61001.2443656922,61924.8842697135,63491.9444885008,60220.564254777,59925.384109505,43869.0831146268,46180.163085943,44475.023101805,54190.2038726868,48760.503478999,50120.0236282293,62642.304306028,50219.4433517455,52118.363990787,46779.28321075,44426.4630355783,45126.283027652,27545.1619339023
Lyso_PC(24:0),0.18793608439808895,9.266036410946862,4.498622856375974,0.03392216236293398,0.13443227306792355,608.4577 -> 184.1,PC,5367.9404144275,5413.6604194659,5300.480392455,4308.9402618429,4967.4603157058,5037.9803543063,5297.440330504,5495.3404579163,4901.980350497,4488.2203369144,4256.6203002939,4267.9802856455,4966.5603675853,5607.2803916943,5569.5603942883,3979.6602897631,3818.9002761828,4478.8002815223,1608.9201240539
C24:6,0.1794027948309176,12.414553527530611,4.143895248628837,0.04178491278885506,0.1625812970329997,355.3 -> 355.3,FFA,50543.483459474,45923.42303467,43575.543144226,45837.883193972,43079.843017581,45715.023277276,38443.842483516,39970.022651676,39592.703010557,40685.7029647825,39539.62258148,37285.462753296,40993.7028503428,38472.042724605,40430.7227706855,38154.342521665,39156.802894594,37984.002716061,33288.402328494
PC (32:4),-0.1799815245605503,8.927413273401788,4.113042001551645,0.04255375643202409,0.1626161406509492,726.5 -> 184.1,PC,3943.480285646,3289.8802413929,3268.5202713029,3317.7602386483,4183.0202827439,3483.1402511591,3845.8402671818,3726.3402442931,3161.9602241497,4183.2603263869,3929.6402626029,3642.4602355959,5056.0203437774,4672.4402847275,4249.9802627559,3650.6203117358,4101.8003387432,3799.4202117915,1178.9600753785
SM (d18:0/22:0),0.17804615832657159,10.567549410773264,4.066863265429838,0.04373241260143457,0.1641883560825789,789.7 -> 184.1,PC,12126.4206542977,12298.9407310498,11703.7007675057,12822.5607872061,13535.5407867516,13185.0007286012,11690.7006454549,11114.3607864474,13275.6011047281,11052.7808418223,9690.5006904614,10598.3006515558,12557.6606674156,11243.7607803337,12784.8809242227,11287.8208122215,11167.7408714278,10482.9206352193,5912.8204383852
PC (34:2),-0.1738087654851246,14.905043988838122,3.894314519643274,0.04844980688057892,0.175733197838032,758.6 -> 184.1,PC,239412.317749054,215467.836364699,214071.755371042,250534.754821655,244794.701049766,240871.158508387,229904.694396937,225497.297363276,218027.656249882,249606.802123906,240411.934570162,234082.195312378,302714.105163561,301957.043090763,303088.026489331,259210.256469538,252724.700988811,252372.177978436,18247.5612678524
SM (d18:1/20:0),-0.17422879623164655,13.657595123498377,3.9118508900649833,0.0479467644286355,0.175733197838032,759.6 -> 184.1,PC,105061.126678451,88959.585723875,88336.326507602,105869.766449049,100728.186614948,99164.826110712,97871.288177522,92971.66677853,93936.627410944,101814.266830413,101984.246597234,97729.14675905,131921.987823546,128722.187622034,127463.569335889,105946.446960595,106914.94802863,104337.847015328,11250.0007553173
PC (40:0),-0.1746409352057134,8.56943187096733,3.854783022045961,0.049604342465978425,0.17692215479532306,846.7 -> 184.1,PC,2949.4802169802,2713.4802093504,2714.2801971435,1973.2001228336,2399.1201820368,2669.46019745,3230.1601982122,3007.3802146915,3061.1402091979,2846.9401969922,3504.8002433775,3023.6402244579,3882.2403297439,3252.8202209464,3091.0802116399,3253.7002372742,2872.5401802081,2791.1202125557,1443.9400939939
C28:0,-0.17158627530892845,12.529995011183717,3.7914043599423044,0.051516408221615545,0.1807296944168152,423.4 -> 423.4,FFA,47249.1233596682,36983.9026527419,39056.8226394673,44266.2428512474,41569.7828292953,42806.0032577473,44379.2831802346,44632.0031661914,44507.6429443303,53832.023757931,50204.7636566253,48253.6232147278,52079.1236724728,48232.1633987363,51834.1838378751,45345.3030090254,44862.5632019035,47381.283782961,23953.0817413311
C18:2,0.16960859670034584,12.181407781919702,3.7033379463150595,0.05430372944893406,0.18157809534487326,279.3 -> 279.3,FFA,50664.8039931942,37683.2627372671,36511.0426673879,45918.3832473571,41741.8426666408,43692.1233520363,30672.1824340834,30217.6420974726,29178.0821304294,39591.1228256193,35601.4425582903,36536.2223930381,38322.7824745319,36562.5226860011,35721.3826065014,29836.1621856709,29688.782127376,30335.5820808422,14117.1009483347
PCo(34:3),0.17063680580371463,9.749884419108326,3.7220866668343735,0.05369722553002615,0.18157809534487326,742.6 -> 184.1,PC,6899.5804061882,6221.860397338,6850.1204032915,8728.9606208769,7863.2805824288,7968.020507811,7269.4004821768,6676.3005752567,6179.5405349742005,5984.7404937747,5959.3404884352,6245.8203468321,7827.6205940209,7169.7405281086,6815.2604751584,6700.3604431153,5600.420417785,6332.5204505925,1751.7801246654
PCo(40:6),0.17139497747588223,8.881691002359531,3.72789451187347,0.053510806031815246,0.18157809534487326,820.6 -> 184.1,PC,4177.9202957159,4048.9403419498,3366.9802131668,4492.3003807071,3728.0803031896,3528.660232544,3622.9002037034,4282.7002906801,3723.9002532949,3990.4602584836,3096.4001770032,3038.5202026374,3128.9602203363,4010.040233614,3981.5003013604,3601.0002403266,3404.8002586367,3413.3402137766,1488.8201065067
SM (d18:1/24:1)15Z)),-0.1680798794948316,11.942451247540458,3.635762528112082,0.05655069388809809,0.18618228449312293,813.7 -> 184.1,PC,29597.8217430033,28193.2420272831,26330.8016090416,29473.0620841883,30343.7421150217,29936.2422790638,28831.7819137806,27335.7817649779,26962.9018936104,30439.7022399849,30039.9216995111,28294.5620422339,36710.0423965315,35542.3825378349,35704.0422668486,32766.2622451812,31481.5823440541,33864.7022399978,15759.3212776419
Lyso_PC(16:1),-0.1650717456716089,9.982876419800567,3.487735877097257,0.06182508743229186,0.2004631622804615,494.3168 -> 184.1,PC,9708.1806869551,8048.4005660928,6668.3204688968,8029.9405441253,7201.6004714995,7605.2006111141,6556.4605178825,7164.5004501356,6488.7204284676,7719.8805236806,7850.6805877753,7914.6205787589,8201.3204689021,9106.7206306447,9630.3006210281,9443.9806137107,8452.7206916837,8584.9605407685,2524.0202026366
Lyso_PC(20:0),-0.16600366262002664,8.057330656141094,3.4518905385946894,0.06317946561965454,0.2017970991433742,552.3951 -> 184.1,PC,1783.6001319875,1502.3801155103,1664.6401176458,1992.2801361071,1993.0201492313,1874.2601432794,2268.5401573177,2328.0201454158,1648.5801162717,2400.3201637268,2618.4001884484,2493.3801650999,2299.5601615905,2189.8001747126,1950.5601387019,1837.3001213066,1719.3201370247,1945.2201156623,1487.4201164254
PC (36:3),-0.1593215316451193,12.861471744416665,3.2700351292240835,0.07055611275487883,0.218826204776001,784.6 -> 184.1,PC,59798.123779292,51971.603912345,52456.743957522,57902.683883669,60331.304077154,62570.864288325,53272.724090579,55105.90399169,52762.783874504,59796.723999024,56281.723815918,56042.184173592,73281.525573747,75656.2250747587,68355.924743647,62156.74433898,62160.764068607,63731.064773538,5613.9203796379
PC (42:4),0.1620429460950127,7.909736352302868,3.279405177847046,0.07015435051306954,0.218826204776001,866.7 -> 184.1,PC,1746.6401100164,1952.3401489265,1690.5801353444,2176.620155334,2265.0201721196,2006.5601348872,1765.8001213075,1644.7001037603,2014.2601432797,1691.7201118472,2005.1201362599,1722.0001106257,1631.0201225283,2025.1401367185,1958.6601371772,1624.3601036068,1375.2800941468,1685.1401138302,1346.8200988768
C18:0,0.1532916097547558,16.24415173953006,3.0300144962784543,0.08173728625305451,0.24988256083076665,283.3 -> 283.3,FFA,824399.679260485,523329.593933197,519487.055206269,773028.018463177,672363.451721128,680343.621185242,563146.340148862,604273.244506795,591041.540374595,667875.64602667,564198.944061173,585686.084655732,644473.606872338,604258.544128414,591227.444580061,539969.800079072,527562.957565346,523520.418243472,238026.458847061
SM (d18:1/18:1)9Z)),-0.15018383276542396,11.447514482479319,2.9010554169059124,0.08852157580872622,0.26681151018404803,729.6 -> 184.1,PC,23088.701354969,20105.6615867577,20577.921405799,22594.4414825563,21466.9016418287,22609.741561887,19624.5413665758,20408.8814697258,19635.8416175713,23210.041381838,21187.2814407284,20586.4415474033,26497.3619232306,26857.3618163907,27290.7017478965,21933.1615028313,23393.8818054128,24497.4818229662,2693.7602157585
PC (42:3),0.14898570186237511,7.601567084855294,2.751161577455738,0.09718380237212576,0.2888518570504849,868.7 -> 184.1,PC,1674.3801078787,1604.3001022346,1428.0201148991,1473.5401039124,1401.580108642,1574.8601074215,1570.1401100162,1594.5601119997,1483.8801078794,1354.4400939938,1537.8801078794,1236.9800872806,1263.5400848394,1268.8000831603,1643.7601242065,1675.7601242067,1304.3400840759,1384.0000953669,1175.7200889584
PCo(32:1),0.14054378792222635,11.821054748958119,2.542256683001724,0.11083627214024581,0.32491729093167954,718.6 -> 184.1,PC,33456.902152993,28543.2020187356,27837.7419891335,31657.542099002,31310.2621116507,29382.30226899,30013.5221748366,31099.162139894,28815.5821418751,25570.6017570574,26708.521671306,24414.4214897126,32287.9022064241,33597.942611702,30501.6415099997,27668.7616348357,26161.1213073702,25396.7016830448,3835.0202789303
PC (40:10),0.1383778243080218,8.26997408658002,2.4097490713352983,0.12058169312600661,0.3487092206616948,826.5 -> 184.1,PC,2662.6801757811,2516.0801811199,2414.1001548751,2767.100208283,2210.9401512144,2369.1601638796,2839.8802070622,2288.2001724244,2320.680164337,2459.3402061461,1899.3401374813,2034.4001541145,2446.0401649469,2676.3001747136,2269.6801528935,2212.7001571663,2419.120162962,2363.6401519763,1235.7000961304
Lyso_PC(20:4),-0.1371747261787607,7.896682573072652,2.3502620948108977,0.12526194546419583,0.3574140843911721,544.3325 -> 184.1,PC,1934.8401222242,1769.9401168826,1718.5801239024,1795.0801162722,1847.6001586927,1715.1801223756,1449.7400932303,1669.700115203,1649.7401313776,1938.8401298514,1656.1001243591,2043.2001609802,1867.700134277,2003.4001464849,1963.3401603701,2140.9201583849,2035.9201278689,1750.2401275629,1189.5200843815
C26:1,-0.1293886321515674,16.306325198713488,2.1590455321015725,0.1417327055800079,0.3990894604489696,393.3 -> 393.3,FFA,591201.383361851,558643.897293174,562956.05998219,564354.963798656,601034.321380631,611440.064834385,687616.006817088,695116.62968445,715041.350166264,709026.311538522,671249.868515101,677188.823730406,727940.656521051,749347.071418976,753192.816947852,656741.608154108,645337.706008983,655833.124771103,19580.181320189
C16:0,0.1269885463290071,16.35567771522799,2.07971814222401,0.149267736839137,0.4148479958905885,255.3 -> 255.3,FFA,928411.468871955,554575.618591425,559497.818969775,815876.751983618,716068.626586938,737194.677002119,608732.02093477,656975.267669545,623007.865997071,762936.1348266,646293.384368903,657988.105972363,706258.452209301,665902.608459537,645669.449371296,555385.675262264,564157.460357726,553321.155853416,212711.674194336
C20:5,0.12526729478351328,11.67092979080829,2.0190406376238457,0.15533725652859245,0.41778797576050486,301.3 -> 301.3,FFA,26125.1019516023,26148.2619094829,27630.881988524,23694.141723632,26473.1618881191,27371.0419235245,23617.3015823366,23920.8017807028,24392.8217887867,23894.9416427593,24898.161823268,23297.2014884973,23127.9215927146,22963.781570433,24514.1416091947,24260.9617233288,22135.4415931688,24969.9417343102,20526.2014312782
Lyso_PC(20:1),0.12587543875220505,8.38279676184516,1.9978025143131788,0.1575274432973126,0.41778797576050486,550.3794 -> 184.1,PC,3397.6402320874,3011.6801948539,2494.0001792897,2399.9601554869,2589.5001792907,2532.260204314,2661.1202049265,2683.5402183533,2450.9401779171,2656.7001838681,2404.1201858528,2702.1401786811,2371.5801773056,2222.8201713566,2602.0601921091,2382.5601615906,2397.7801742548,2780.3002166748,1257.3800964357
PC (40:7),-0.1261912523499493,8.645768248240843,2.0154935843039716,0.15570062918740324,0.41778797576050486,832.6 -> 184.1,PC,2998.7201881427,3476.9602584849,2487.4401626583,3217.9202346803,3139.7402153011,2481.7001800547,3163.32024002,2877.4601936331,2811.2801895149,3187.9402160639,2953.3001937866,3176.7602157597,3802.2603034966,3672.5602417001,3471.2802848817,2626.8401985159,3525.1402511603,3297.0002021785,1431.160095215
PC (42:7),0.12663661964275633,7.674478004115367,1.9919733502294488,0.15813470110561165,0.41778797576050486,860.6 -> 184.1,PC,1618.7401313791,1740.1201362606,1416.0401039115,1547.6400947563,1558.1401100155001,1575.500118255,1652.5601196294,1679.9801368709,1665.600120546,1858.7801551811,1676.9001274109,1352.980091095,1554.6201210035,1494.1001129145,1263.9801101682,1287.5800857544,1487.0400962821,1499.0801086418,1176.7801017763
C14:0,0.12359961194351521,13.36804536193061,1.968961514818262,0.16055813445956052,0.41901757041885307,227.3 -> 227.3,FFA,99083.147170999,82500.885650638,83355.286346468,97257.666870104,83711.945800775,84462.106231684,72092.88536072,76699.445266755,76105.165435762,89960.066390967,77643.645462043,80838.145538325,88370.066192658,81275.365478486,75709.385299682,68027.684768669,72199.145324688,70961.045242312,54649.503845207
C17:0,0.12237888191502883,12.79809403239894,1.9295734547408756,0.16480511864096437,0.41986065939483774,269.3 -> 269.3,FFA,67337.964767447,50358.2633819758,48797.483383184,65434.664794926,58579.204208375,58254.324218742,52624.96370698,54421.564010618,49861.003829973,56443.704605113,50713.423332207,52449.643936164,54628.943992628,54985.083984376,52135.023773201,48451.543548591,50326.483596813,51740.663558946,40828.862838747
Lyso_PC(2:0),0.12515315033916752,7.475013467906727,1.9330716995992665,0.16442277695594756,0.41986065939483774,300.1134 -> 184.1,PC,1651.8201179495,1401.9800987247,1426.3600883486,1292.9800949099,1310.0600929259,1287.6800956725,1254.7600822446,1302.4800720222,1371.7800827024,1267.4201011657,1358.5601043705,1203.8600807191,1236.1000900267,1183.780078888,1232.6200904846,1458.3001174927,1331.140087127,1192.8000793459,1384.0801010132
C26:0,-0.11876771236157521,15.040272877090528,1.8190023656993608,0.1774320737914683,0.44151702082993277,395.3 -> 395.3,FFA,258934.638915997,231704.836502079,234809.396118204,241899.977840418,246094.398338355,250162.437324546,278958.837471016,284580.121860494,291030.35912319203,306272.921524046,280959.600990286,286533.099700985,303340.88056183,293600.680282599,301941.54084777,274403.039146435,261401.857757567,260362.37741851,28102.9420165958
PC (36:2),-0.1190490228410925,13.961458066705227,1.8271768326785605,0.1764613681955101,0.44151702082993277,786.6 -> 184.1,PC,126465.888793869,114565.887786785,107325.627746653,126263.369628968,134726.06909175,126709.108612029,121149.208419739,118007.548339832,116406.249267526,129656.588806117,123495.488098087,116693.00872791,158863.312072742,152109.290313653,152535.269409155,120165.6285094,130341.408203166,127752.188476519,23948.5619277688
PC (40:2),0.11929472372556342,8.027074671816262,1.781074965257794,0.18201738228501377,0.4477209173447465,842.7 -> 184.1,PC,2433.7401771537,2062.5201797484,2083.2001190178,2254.0601730357,2067.1601333621,1497.1601142886,1842.2401466378,1822.1201133722,1996.8601608277,1827.2001228338,1768.4801368713,1727.2401237468,1922.8401260389,2254.6401596082,1885.5801200867,1738.2401275631,1818.1801376341,2014.2201576219,1965.1601486205
PC (40:4),0.11559373616849755,10.043707126842248,1.7113805044915438,0.19080635503156396,0.4640063633722123,838.6 -> 184.1,PC,8119.0005912787,8559.2406997671,7465.0405578601,9635.5807762206,9479.1406631476,8513.3806877151,9339.8606338482,8747.3006439226,8148.7605056757,8331.3205299407,7560.420528413,7483.3204803477,9291.3006553611,8622.2005653331,8859.6406783982,7337.6804733261,7687.5806427012,8345.9605445811,1865.8201408388
C24:1,0.113455833808456,12.923120826608368,1.658724400020816,0.19777564083850388,0.47296036246308243,365.3 -> 365.3,FFA,63901.124259924,66912.504592897,68388.0647582603,61868.7643737505,64620.8044967561,66753.464744563,58321.7043304416,57893.0642700205,59044.5042266713,59654.363967925,59058.604251852,60055.3441238251,59435.2642211738,58496.7244186224,63743.624832168,58427.5843429352,58211.964225742,57538.2840804899,20766.141502381
PC (32:3),-0.11205383638933883,11.984235671043884,1.6166345024763586,0.20356169743571154,0.47296036246308243,728.5 -> 184.1,PC,33772.2424163786,30844.64251707,29570.9422454859,33310.442474369,32220.522399904,32280.5223388635,31206.4625701916,30115.0822219819,27946.6820907501,32040.1425094646,29935.4221725636,31071.3223037693,39084.0029334951,39477.862693791,38206.4024238623,33138.1218261639,34180.1427459881,33402.2621994011,1750.7001152051
PC (36:1),0.1098781407113316,11.988915204950269,1.5543909954691202,0.21248837993507946,0.47296036246308243,788.6 -> 184.1,PC,33027.04261399,30982.102500923,28097.7420654339,37878.603149396,33889.142410277,31858.302307121,33575.342224111,31718.442298908,33109.242515563,29825.582107543,29263.7422714197,27679.4423828175,34093.5430145239,36736.623054504,33940.222709669,28386.061920175,31272.902259834,27344.08207703,14336.3008880579
PC (40:6),-0.11016626519578718,8.938900131281038,1.541603872842166,0.21437922971457474,0.47296036246308243,834.6 -> 184.1,PC,3794.7602500915,3603.6002426136,3453.7802276608,3754.0602951039,3759.9602584834,3540.800254823,3995.1403045666,3620.6202278128,3437.3202896122,3915.8602485677,3865.300296783,3833.1002960212,4686.4603500381,4592.640289306,4231.900291443,3816.040233612,3634.3002433786,3771.6002464298,1606.3401222238
PC (42:9),-0.11320757951749393,7.498371151903409,1.5838288083151362,0.2082100454759528,0.47296036246308243,856.6 -> 184.1,PC,1362.9801063536,1244.0800933839,1397.5000991824,1325.0400924685,1132.6200714114,1247.9400901793,1202.6200828552,1465.780105591,1288.8600883486,1149.6600875855,1319.8000907902,1565.8401069644,1483.6001091009,1522.5401115418,1403.1400985711,1632.6601219171,1624.6201210019,1170.6800727846,1175.1800880432
PCo(42:4),0.11489792431579811,7.57004125550791,1.6350705661954272,0.20100315000565072,0.47296036246308243,852.7 -> 184.1,PC,1367.6200904841,1563.2001075737,1348.0400962824,1674.9401092531,1273.0000953676,1431.1201019282,1475.1801223751,1606.4201164245,1583.5401153556,1253.7800865177,1266.1600913996,1548.7201042172,1442.6400985715,1396.0601043705,1361.7600975028,1560.7000923163,1395.7601013178,1314.9001007085,1166.5200843811
SM (d16:1/24:0),-0.11022884441460228,12.840749027904101,1.5656560941397863,0.21083897724486006,0.47296036246308243,787.7 -> 184.1,PC,58257.544677726,52093.243545516,49017.923400873,56919.723983769,59771.723846421,55880.323928836,56048.763771052,55397.563980087,56474.983123793,58438.764053331,55903.104080206,54185.862823498,71675.2251968089,72694.185501096,69652.644424445,56175.463981631,58177.004623401,54994.664367691,15561.8409767029
SM (d18:2/14:0),-0.11217840717879284,7.452377847671832,1.5532970468190328,0.21264936677260363,0.47296036246308243,673.5 -> 184.1,PC,1202.3200721738,1167.2400894167,1283.840087891,1410.340103149,1126.8000869754,1128.2800865173,1355.0000877387,1297.7200927736,1387.5601005555,1456.280101776,1436.9801063538,1532.1400909426,1490.8401107783,1093.0600814816,1260.240085602,1585.7801132196,1247.4200897217,1386.3000869747,1051.0400695802
SM (d18:2/24:1),-0.11200618366441824,11.049337159313513,1.6124725749492868,0.20414458229324972,0.47296036246308243,811.7 -> 184.1,PC,17692.4411621219,15977.4411010712,15182.220924369,16913.8810043297,16789.201095582,16042.6012954806,15147.1812973023,14904.1410751365,15291.5209007199,16978.0011787462,16688.1212921095,16147.2211379801,19446.2414512703,20520.4416046163,18431.2015533326,17859.1812782232,17382.3011321997,15319.3611526436,5050.7403602613
PC (44:5),0.11070450649973292,7.344437190413943,1.5065878097819017,0.21966049551683015,0.4796667963326699,892.7 -> 184.1,PC,1099.1200752258,1187.2400703432,1327.6800842284,1179.7000885005,1343.300102234,1270.8000984191,1201.6800842288,1318.9600906368,1246.540100098,1129.9400749208,1108.8800849912,1135.3400726317,1167.9000740052,1271.2200965882,1221.1000938414,1104.6200675966,1222.2200851441,1209.2600898739,1237.7800827023
C17:1,0.10672519783873118,11.558313899023329,1.4654915111660785,0.22605838105404835,0.48865144995521564,267.3 -> 267.3,FFA,31132.5822715773,25960.2418785096,25668.0618476865,24578.6817131044,24912.8215980544,24946.2416992241,18911.1813736006,18615.9413719196,21245.6415023803,26963.5219764747,22763.3215789815,22228.1616592412,29759.6222076433,24064.5217590316,23206.7416534414,18526.9812889087,17801.921157837,18993.3013458257,13673.1409568842
SM (d18:1/26:0),0.10588939344113144,7.63780270056808,1.390835570783043,0.23826404242140592,0.5098850507818087,843.7 -> 184.1,PC,1621.2401275643,1604.4001197815,1490.3801193235,1353.7400817874,1442.2201042184,1755.9401397708,1340.6800842284,1621.1801223753,1577.0601043693,1534.9801139827,1472.540107727,1401.3600997926,1467.2201156606,1262.4800872806,1542.8401145922,1289.8000869755,1588.0201225287,1493.6200828545,1387.6000938415
SM (d18:1/26:1)17Z)),0.10112914102698681,8.270965369001377,1.2868443669322147,0.2566303090543479,0.5437513478973313,841.7 -> 184.1,PC,2563.1201515196,2247.5601844789,2295.9801673879,2678.6601829524,2471.7001609804,2125.6001892086,2338.8801498414,2612.5202026358,2475.9801597596,2087.3201599136,1819.7201385497,2170.640159606,2839.7602195735,2530.6601867673,2122.1201477037,2358.3601608272,2245.2801437368,2596.260189056,1631.9601097123
C20:4,0.09736756202131172,11.522852054319133,1.2197362291234768,0.26941242336462307,0.5544527461651323,303.3 -> 303.3,FFA,26752.221862793,22507.0216827378,21759.7416000338,24770.5017738335,24148.6617736786,23450.7616500857,21927.1816558804,22926.3615989694,21602.3416290304,21711.1615600558,20936.5414695708,21566.9414710994,23936.9017219452,24345.2817497265,22351.2816619838,21600.8014678974,20957.2014160122,22347.3016090363,13304.8209495521
PC (44:2),0.10028586605435241,7.369614356062574,1.237881258283636,0.2658797780582241,0.5544527461651323,898.7 -> 184.1,PC,1263.5000991822,1284.6600952148,1292.7000808719,1363.660095215,1241.7600975031,1271.220088959,1242.2200965881,1270.1000823978,1200.5400733948,1162.1600799559,1103.3800811766,1157.5200767518,1344.4201049807,1149.7000846864,1338.7600898739,1175.5200843812,1211.5200767513,1236.6400871277,1157.5800895688
SM (d18:1/16:0),-0.09725363568683892,14.042453389709896,1.2195261208539705,0.26945367103352225,0.5544527461651323,703.6 -> 184.1,PC,128563.329956057,121604.210113538,119404.889373809,142537.991760301,136332.869552717,134425.487731937,125985.289550805,125132.908202912,120110.888275146,126089.348724449,130556.970123306,118777.208785912,161945.911392242,159723.77407847001,155290.973114004,136208.390121539,138219.770248343,135204.768325665,37158.8032455607
Lyso_PC(15:0),0.09309299998943353,7.6146363568826505,1.0745484394433866,0.2999203164365154,0.6054995067680594,482.3168 -> 184.1,PC,1341.1800956731,1542.2801284788,1468.5801162722,1349.2000770572,1579.8401222233001,1891.2001342779,1352.7401084897,1632.7001113884,1410.2201042168,1388.4600944515,1372.540092469,1362.5600891114,1289.5600929263,1632.8401184083,1402.3600997923,1482.280101777,1659.8201065066,1377.0600776668,1307.4200859066
PC (48:2),0.09373957848318233,7.216012836324831,1.0756928741775837,0.2996630915163487,0.6054995067680594,954.8 -> 184.1,PC,1186.6000785829,1141.2400932309,1112.2200813294,1097.5400848387,1109.8800811767,1138.2800827026,1179.0800781249,1094.9000778197,1135.7600784302,1064.4600715636,1108.6000785829,1057.4400787352,1150.740081787,1072.400074005,1074.6200675966,1066.4800796508,1072.9400711058,1067.6400794982,1111.8800811767
PC (38:7),-0.09080242270065103,8.746734364244256,1.0450045817444362,0.30666038830702286,0.6133207766140457,804.6 -> 184.1,PC,3241.240192412,2876.4602050776,2821.5802154532,2902.5801963807,3293.6202545168,3239.4602317804,4285.1802978524,3341.7002601616,2930.6602058404,3597.580249785,3966.8202476492,3797.1602897641,2892.1602020275,3873.24023819,3558.3602752688,3215.1202392573,3231.0802116382,3217.4402236938,1529.9600982671
Lyso_PC(9:0),-0.09083419110233844,7.5046018553684,1.0194516625078869,0.312649111650881,0.6195084249378567,398.2229 -> 184.1,PC,1429.3001174927,1205.2400817873,1258.980102539,1380.8000946044,1152.6600799561,1236.7000923161,1402.8001022349,1418.4001121521,1196.6600875854,1355.8200950619,1420.1601142885,1367.4000778199,1380.3801078792,1386.920097351,1580.2200965885,1308.3800888067,1472.4601097111,1401.7800865187,1367.9001121521
C22:1,0.08721965433399817,12.447551437652724,0.9800071656789271,0.3221970370783774,0.6325703296768143,337.3 -> 337.3,FFA,50699.5233688237,47968.863471989,49536.043632510104,47199.3235397453,45532.5428848264,46632.8235130292,38910.3028106705,39716.322769159,37444.7427291806,46079.0833511301,40972.2630538938,42664.8831787157,55119.2235717896,44815.7031402648,42531.0629539491,38604.7427368184,38114.6226272523,38639.0827827452,16971.0611953724
C22:5,0.0857451208025149,11.901158094995107,0.9464814789523786,0.33061652654499707,0.643199424369358,329.3 -> 329.3,FFA,33853.022537233,30293.2820816027,28539.8820838949,30234.542137147,28435.3620986928,28828.5221176217,28742.722045899,28215.742042544,27412.7019271899,28977.2220916732,28189.4620132449,27463.361930851,29105.162208554,28167.582069399,27204.681915285,28827.5219802858,26731.7619781495,28890.8820114136,25730.0218963637
C18:4,0.0841095297505544,11.212156880615561,0.9096303405930826,0.34021251925652934,0.6519176180706975,275.3 -> 275.3,FFA,21331.9015235881,19276.3813018784,18751.8012428274,19211.4814529352,19030.1213836664,17144.801254273,17453.9212455761,17414.9012336685,17535.2612342804,20055.5414237954,16623.281238554,18472.681316374,17784.501243592,18559.2213096631,16992.4211616503,16872.1612091062,17277.141227718,17759.1212387107,12110.1808624252
PC (36:0); PCp(38:6),0.08437468326696927,9.143971642717425,0.9059528611328354,0.3411905290837295,0.6519176180706975,790.6 -> 184.1,PC,4474.1003456108,4064.9602775562,4445.5603027345,4571.6003417958,4820.4203262334,4778.5202865585,4679.0403022763,4008.6002578732,3964.6202850335,4523.5003280632,3936.4602317824,3559.8002624502,4569.0803184501,5023.500312806,4599.1803474441,4158.6603393547,3682.3402633646,4316.4003334051,2908.0001907348
Lyso_PC(12:0),0.08243261271960027,7.750050391006423,0.8455407919344253,0.35781689460554744,0.6738642879413488,440.2699 -> 184.1,PC,1593.8001060491,1549.2801246635,1374.1200942992,1515.4201126098,1920.9601249697,1843.7401428219,1651.2401123049,2040.1601409901,1368.7400970456,1465.3001098633,1535.6401138311,1279.8400917055,2018.420131684,1759.5801315308,1257.9600906367,1684.5401153559,1583.2201232903,1734.1001281732,1451.9201011664
Lyso_PC(16:0),-0.08097137738877543,10.5741734328191,0.8414778956635764,0.3589744337631484,0.6738642879413488,496.3325 -> 184.1,PC,13018.7608795169,12212.0806732161,10608.460727699,11494.5408363282,10747.9607620233,11788.7809600692,9754.3006286608,10507.1206245461,10652.5006446799,11047.0008087064,10971.7606925869,11496.3608360239,14029.1607742179,13039.460968021,13123.0409622197,12026.9407119832,11659.720821378,11331.4408340481,8730.3005790731
Lyso_PC(10:0),0.08072249906465645,7.52072961625618,0.8054789561901448,0.36946028363345484,0.6865448232596661,412.2386 -> 184.1,PC,1463.7601013183,1504.5601043711,1259.240093231,1582.6401214595,1417.9400978089,1382.180099487,1342.8801002495,1278.9200973509,1274.640087128,1353.6800994874,1152.5800819393,1227.9000892645,1342.8601188655,1621.2001266478,1357.1400909419,1191.2600936888,1385.4000930791,1431.1800956728,1438.1001014708
Lyso_PC(18:2),-0.07955337131578004,8.273199979453143,0.7964869553608294,0.37214579204729564,0.6865448232596661,520.3325 -> 184.1,PC,2676.0001792908,2342.7001571663,2072.0801467906,2531.2001533508,2454.5601959251,1799.2001457206,2376.8401489254,2243.2601318348,2123.5201721202,2082.3001556393,2367.1801757805,2233.4801597588,2670.9602012637,2797.6002426143,2569.3201751698,2286.4801864625,2636.3002014154,2578.5401992813,1539.0000991827
PC (38:4),-0.07803627446093617,11.895839759088453,0.7840612306616062,0.37590194183926573,0.6875471414837852,810.6 -> 184.1,PC,30035.021942143,29957.6620407168,27332.8219833494,32259.2228546191,30982.0819473155,29785.6820144721,28443.321884157,28180.541900618002,27980.861618026,30867.3023224004,29976.6021690356,26625.462081919,37309.1822204616,37831.6626968348,35082.9025345003,29021.2823181092,30058.2224273854,29310.8821563551,5126.9003601079
C18:3,0.07696872388988743,11.332540728242343,0.7619704992563419,0.3827125626215483,0.694071935601791,277.3 -> 277.3,FFA,23116.6815528837,18431.7212905867,18748.1212387056,22042.1814384458,19782.3213615433,20705.901473996,19689.0613937324,21232.5014991729,19173.4613952642,19706.6814346303,19261.3212852465,19818.7614250205,19653.1813125644,19027.1812896713,20948.8414878837,19042.4413566614,19605.0814857436,19269.561298371,11279.7807998686
PCp(42:4),0.07664940523798837,7.541790841683961,0.7271751722221875,0.39380036033206955,0.7081787992526293,850.7 -> 184.1,PC,1368.0600891116,1412.7001037593,1552.4601020815,1366.7401084908,1318.1000938413,1411.1801071163,1689.0601119996,1462.0600929264,1285.5001029963,1228.7200965876,1468.4400901797,1292.2800941463,1394.3600921637,1503.480110169,1601.3001365669,1342.9200897211,1343.0000953676,1298.1800842279,1170.1000900268
PC (38:2),-0.07447286136206371,11.074951416891349,0.7129613688288212,0.39846245872866765,0.7105913847327907,814.6 -> 184.1,PC,17221.9212760825,15331.1009368969,15548.4811324987,18938.0414504961,15433.7412033115,15783.3409729019,16731.6814155626,15143.5808563227,15636.6609420681,15921.0212516806,16227.1812896794,15510.881027227,20615.1213683992,19182.4212112324,19917.1815223821,16331.2811584432,16694.5013160706,16503.561195365,8506.7006835846
C12:0,-0.07210656493474117,12.035398472470543,0.669501531717458,0.41322544973740283,0.7166242666340829,199.2 -> 199.2,FFA,35414.1426544171,27862.1019821153,28792.6021804751,31839.1024093637,31713.3822174117,31016.102195738302,28921.3420410151,31757.92215729,31022.3620910611,34368.2823028542,33098.682342534,32758.8222885075,38334.502777095,34022.042442316,34016.842361452,31140.32231903,30558.8821868898,29769.902206419,23986.2818527216
Lyso_PC(18:0),0.0718693508636839,8.74216274967615,0.6541674290206405,0.4186266436727067,0.7166242666340829,524.3638 -> 184.1,PC,3660.5802803039,3623.4802589417,3059.5602149972,2749.1201782234,3036.4401969903,3262.0002021796,3370.9802513125,3307.7402229314,3149.8002166751,2802.9601974485,2927.3602371227,3284.0002021794,3677.5602607717,3025.0202407825,3327.6202239983,3463.1402511589,3125.5402336127,2715.0202064496,3154.5402030936
Lyso_PC(19:0),-0.07210135062731622,7.626229303730627,0.6449120430143367,0.42193765231726377,0.7166242666340829,538.3794 -> 184.1,PC,1462.2600975044,1300.6200904843,1255.0800857543,1423.5200843803,1260.6800918578,1474.7201080322,1364.6000900266,1586.7001075741,1841.1601219182,1403.040100097,1374.7001075747,1696.5401268001,1514.480113983,1606.3801193245,1614.3801231385,1308.2000808719,1679.6001243587,1698.7201347354,1244.8400917054
Lyso_PC(22:6),-0.07214945534409838,7.703801207777039,0.6469297860980641,0.42121250453501946,0.7166242666340829,568.3325 -> 184.1,PC,1702.5601234435,1706.2001304623,1609.7001075744,1698.5001220707,1480.3400917048,1331.8801116943,1292.580089569,1351.8800926211,1434.2200927733,1842.3801307673,1595.0201110843,1416.0801048277,1601.0801315309,1590.9800949101,1679.2001190186,1652.1601448053,1683.880111695,1508.9400939939,1440.7400932321
PC (42:2),0.07236632831396489,7.54532487439107,0.6482674165230442,0.4207328052240274,0.7166242666340829,870.7 -> 184.1,PC,1494.7600975033,1449.9800987244,1310.3600921632,1501.8801040644,1271.1600875854,1285.7000808715,1448.6601066587,1558.760108947,1572.8401222223,1464.7201156622,1421.8600997919,1222.6000900272,1432.4801025397,1551.6001014703,1449.2200889587,1393.200092316,1310.2600936891,1276.3000869749,1175.6600875854
SM (d18:0/26:0),0.0728916369211636,7.516096937888181,0.6570858065453447,0.4175906522420687,0.7166242666340829,845.7 -> 184.1,PC,1374.2000999453,1465.5801124566,1374.840099335,1405.4001121528,1244.6600761412,1482.3201103209,1295.2400932315,1539.7401084908,1435.4201126102,1263.6400985716,1462.2801017761,1295.0800933836,1349.9200935362,1281.7400856022,1338.4400978089,1323.3600883484,1433.6600990301,1465.3401031498,1175.8600730891
PCo(38:6),0.0691685527760381,8.782986711949876,0.606640757291224,0.43605543517565915,0.7347705758078036,792.6 -> 184.1,PC,3525.940231323,3224.1402168251,3453.9602279674,3655.8002738954,3442.7202873214,3894.320278167,3415.1602592461,2803.1201858513,3776.6002616891,3342.2402153005,3001.0202217125,2970.6401901236,3665.8402404772,3034.4202194212,3729.6802711466,3436.0802459711,3425.3802795415,3713.2202758783,1812.2601394659
PCo(32:0),0.06727126625897073,10.686366708070706,0.5811599023703042,0.4458580350595083,0.7454189023651154,720.6 -> 184.1,PC,15193.1610946685,12816.9208602956,11578.7208099379,13481.801002505,13141.1609497164,13237.2009048604,14595.6611557145,12260.0208053583,12668.9808158788,12830.080745699,11028.9808463927,12671.9008483993,13559.2009582465,12691.2808151192,14023.4809837246,11142.5808830274,14580.7809448053,13125.8409233115,4154.520263672
SM (d18:2/18:1),-0.06537234598890082,8.725999643230661,0.5416242836386971,0.46176034916601216,0.7660210443529194,727.6 -> 184.1,PC,2948.8002090442,2956.8002052303,2835.8601875321,3802.3002395613,2747.2602272025,3250.6002502448,3749.5002861013,3208.8602256781,3441.5202674875,3036.6602172852,2979.5802116385,3642.8202552786,3632.2002296437,3734.720264434,3992.1602630617,3850.9802513122,2899.4002113337,3178.160243989,1281.7000923161
PC (38:8),0.06412703859238449,8.048568467744975,0.5150841456472364,0.47294621220655503,0.7785422262477136,802.5 -> 184.1,PC,2015.8601341246,1856.540122986,2292.0801506051,1975.9801445001,1797.5001182562,1754.860134124,1770.4001197806,2299.2801628112,2277.1601600646,1917.1001548769,1460.1400909429,1653.7001152042,2028.7401351924,2560.0201721192,2219.9601593016,1723.5601234433,1908.9201164247,2235.5601921071,1868.3601455672
PC (36:7),0.06073681573840081,8.187827447604041,0.4635479728545917,0.4959704747716276,0.804414828401843,776.5 -> 184.1,PC,2415.9601783747,2283.0401763901,1941.6001319881,1959.7401275642,2366.2601814266,2214.7601623536,1972.2801322943,2521.2402114874,2635.3802108767,2565.7401618962,2365.9001655595,2228.5801620464,2493.260189057,2389.8401298512,2225.7201461781,1833.1401214589,1988.9401512157,1764.2401313783,1541.4600982657
PC (38:1),-0.060363737897619694,9.049578964070117,0.46309489873774634,0.4961811091076789,0.804414828401843,816.6 -> 184.1,PC,4062.5802879324,3868.0402641282,3613.3802604677,3908.5602188097,3974.4403076155,4501.3003273007,2850.6202278141,3695.7803077689,4003.9802207947,3772.2602233886,4228.5802955645,4145.160297394,4181.440311433,4243.9802360546,4199.2002868665,3776.3803024287,3738.0402336142,4279.4602775583,4048.800292968
Lyso_Sphinganine-1-phosphocholine,0.05973782567585351,7.569868375022098,0.4420658211285122,0.5061270531364471,0.8066611604686179,467.3536 -> 184.1,PC,1452.0801162719,1491.0800895687,1186.3800735475,1412.8201141362,1425.2401046749,1222.1600837707,1610.6001243582,1591.320114136,1676.0801086434,1332.3200988767,1382.4800987244,1475.220127106,1510.8601112363,1380.7401046751,1304.560081482,1366.0800781246,1734.5601234441,1291.4800910948,1178.6400909426
PC (50:0),0.05972053846920644,7.194302537426242,0.4363796684491703,0.5088750311367449,0.8066611604686179,986.9 -> 184.1,PC,1127.3800811768,1163.7000732418,1086.460079193,1121.1000785827,1085.1200790404,1166.0400810243,1068.6400756836,1073.1600761413,1068.5200805662,1068.8800735471,1085.2800750732,1091.3400764468,1065.000072479,1061.5000724791,1092.3200798035,1066.980079651,1140.9600830077,1055.5200767518,1059.4600715638
PCo(44:4),-0.05977309383887026,7.365351726355652,0.43970754259822886,0.5072636458670665,0.8066611604686179,880.7 -> 184.1,PC,1146.3800849911,1185.3000793456,1102.9400749205,1201.9000854493,1205.3400878904,1376.3800926212,1133.7600784302,1174.4000930784,1242.4400939942,1324.6800956725,1238.2600898741,1207.4200744626,1224.8600807191,1438.620101928,1208.3200836181,1310.9201049804,1271.2000923156,1215.8000907898,1181.3400993342
PC (40:5),-0.057433076024303205,9.35647764268622,0.42072326265073023,0.5165763707468612,0.8128481127928552,836.6 -> 184.1,PC,4910.4803504929,4523.320270538,4798.0203781122,4877.2203598018,4650.9603500353,5615.2204055805,5285.5803337092,4979.740375518,5626.200420378,5177.3803749072,5403.6203956597,4436.5003051751,6431.8004798916,5828.560432433,5944.4804115296,5068.4803390513,4790.4803543115,5130.1804008481,1580.840114593
Lyso_PC(17:0),0.05347400369089153,7.6399530352578875,0.35442525883411946,0.5516187248036875,0.8196207749205552,510.3481 -> 184.1,PC,1469.6400985722,1553.0801162722,1411.2600975041,1599.7201042174,1512.6001129149,1431.5001068118,1498.0801048287,1303.7400856018,1456.5801048277,1429.6401023873,1292.2801055911,1512.8401031484,1399.4400978092,1372.0001068116,1503.9001007073,1493.5200958251,1398.1200942992,1579.9201049797,1821.1601409909
Lyso_PC(18:3),-0.05308467153149533,7.458724669195752,0.3478186838582884,0.555350525062993,0.8196207749205552,518.3168 -> 184.1,PC,1168.6600875851,1391.7801055904,1209.1800880434,1364.6200981141,1221.8600883483,1365.7000999451,1173.0000877378,1345.3200988767,1265.0200767512,1107.4000892638,1254.3200874328,1271.420074462,1418.3600959777,1458.2400894173,1398.1000900267,1420.6801071174,1620.2201271064,1239.760101318,1267.1400909421
Lyso_PC(22:2),0.055774614943579146,7.6199663789632774,0.38587022867407406,0.53447821243431,0.8196207749205552,576.3951 -> 184.1,PC,1875.0601234446,1502.3801040644,1652.2201118476,1439.2200965876,1486.0801086428,1344.1200981141,1365.9800987245,1425.280109405,1422.9001159667,1595.8201179499,1623.0801048285,1360.8200874329,1643.800117493,1349.2201042171,1442.2801017768,1645.2601356505,1206.2600822448,1359.6000785834,1251.6400833125
Lyso_PC(24:1),0.056056991268355345,8.68126067619323,0.39803600999990607,0.5281052899887075,0.8196207749205552,606.442 -> 184.1,PC,3398.8402366634,3142.7801933285,2745.6002120972,2586.480186463,3452.7002372745,3290.1802406313,3346.4402503977,3176.3802375794,4046.5802764898,3306.400211333,2965.140251161,2865.7601890565,3768.2802963267,3368.4402122481,3506.6202354436,2976.8002052307,2715.9401969924,3224.3802375806,1362.3801078793
PC (40:8),0.05322735994143526,7.743348409313857,0.3525124353621578,0.5526943354921098,0.8196207749205552,830.6 -> 184.1,PC,1697.5000877378,1793.9401245115,1507.5400810238,1511.5401077272,1235.7800827026,1632.0401268015,1908.3001251227,1644.5001068125,1720.6001319884,1557.9001121525,1454.4001007084,1485.2601089483,1760.600124359,1424.1801109308,1434.1600914008,1814.9601287845,1846.5001335139,1620.0001335148,1393.2800941462
PC (42:1),0.053266175075826955,7.55147226517225,0.35137079706337637,0.5533381789908974,0.8196207749205552,872.7 -> 184.1,PC,1801.0001296992,1236.9400825502,1542.400104523,1283.5801048283,1429.5201034542,1500.840103149,1410.4201011655,1325.5400962828,1421.600093841,1392.3201065072,1432.2000999452,1198.6600914,1262.420078278,1511.560119629,1367.1400985719,1578.3401222224,1463.3201026919,1494.0201034559,1100.8600807189
PC (44:10),-0.05361920730076076,7.425111677806489,0.3545760683437429,0.5515340895248237,0.8196207749205552,882.6 -> 184.1,PC,1275.8400917046,1238.4200859072,1182.8600807186,1235.9000778197,1093.7200736998,1207.6800956728,1362.0801010131,1336.8000907891,1368.2000885008,1206.3800811768,1408.320091247,1201.3800811768,1269.8800926207,1271.8000869752,1522.4001121525,1499.06010437,1309.6800956723,1275.1200866697,1145.7400817868
PC (44:6),-0.05596849584203458,7.345213025709965,0.3853580274620332,0.5347495682828521,0.8196207749205552,890.7 -> 184.1,PC,1219.3000869749,1151.9400749203,1221.3000793456,1259.8600959777,1122.6600799558,1228.9800987245,1198.6800918579,1150.1400794982,1142.9800834655,1241.5200805662,1206.2000923157,1286.3200874332,1236.0600891112001,1196.2200851439,1203.9800796505,1316.6001052858,1294.400096893,1332.7800903324,1079.8000717161
PC (52:0),0.05344068971328134,7.133673496157781,0.34854103103357126,0.5549401811438595,0.8196207749205552,1014.9 -> 184.1,PC,1037.5200729368,1112.2600746158,1025.2600746153,1059.1000785827,1026.2400665283,1021.0800857541,1123.880073548,1035.4000778197,1023.3200798034,1010.1800651549,1056.1600837705,1022.2000694275,1016.6200752256,1013.6400718688,1028.620071411,1088.6400794981,1020.3400688171,1033.6800689698,1088.6200675965
SM (d18:1/12:0),0.05204272280337128,7.674645598288948,0.3364380909008009,0.5618924746903304,0.8235958190666488,647.5 -> 184.1,PC,1393.7201042173,1623.0601310734,1331.2800827032,1442.0401000979,1647.1401290898,1552.0401153559,1727.7601280207,1509.6001014711,1777.9601440422,1495.7401123044,1409.1001052857,1810.7201156615,1640.6401176462,1275.0400886537,1573.0401153566,1443.2000923156,1409.7000999451,1692.440120698,1274.8200950624
PC (44:7),0.05163841235945019,7.327429267053718,0.32776153757622417,0.5669801582022028,0.8253996860902817,888.6 -> 184.1,PC,1178.6800880431001,1292.0400848391,1145.9400749207,1215.7600784303,1152.1400756835,1180.2600936887,1200.4200820923,1247.0000839234,1276.6800956731,1253.3000946041,1158.4200897218,1172.1000823975,1236.5800895691,1164.6000823974,1181.3400840759,1185.9600830079,1229.3200836178,1128.6800842284,1155.9400901793
PC (44:1),0.050982735920785074,7.346730692971756,0.3195665857919998,0.5718682274831939,0.8268905451446182,900.7 -> 184.1,PC,1335.8600883483,1197.2200813294,1156.3400840761,1248.2800865174,1233.4400787351,1254.7400894163,1218.8600883484,1227.9800758361,1086.3600769044,1139.4800796507,1253.4600906369,1234.0400848394,1167.6400909421,1223.2000808714,1115.0000724792,1161.0400772094,1131.7600746154,1323.9000854491,1290.9400863647
Lyso_PC(3:0),0.04971916534019265,7.513147581765369,0.3055784626582163,0.5804061770714221,0.833603502639492,314.129 -> 184.1,PC,1448.3801078799,1346.4000892641,1301.7800865174,1510.5001106264,1452.6801223754,1190.7000770569,1481.4601058954,1344.7201042178,1305.3600997922,1251.5200767521,1515.6201019293,1472.8600997931,1305.2600898737,1336.6800918577,1264.9600906373,1338.2400894162,1195.6000823976,1473.2600936902,1325.3201065063
PC (38:3),0.047885322105609036,11.890716903460266,0.2952521625358031,0.5868743131969887,0.8372740201610372,812.6 -> 184.1,PC,31538.822090145,31483.402374268,27871.561698919,34871.342079159,33602.3224945149,29520.402366639,29483.3022613605,29217.1223297083,28551.501747119,27722.801643361,28277.2021255552,26027.8619537371,34603.6424179016,37880.602363592,32708.3022460815,26937.9818344169,30587.3825530884,28417.9217948979,4873.6803550732
Lyso_PC(22:1),0.0476647499603099,7.99719451128451,0.2844722103775261,0.5937848418175626,0.8415228884036979,578.4107 -> 184.1,PC,2099.6601524352,2170.5201721193,1653.5801315298,1938.3601341254,1782.1801376341,1809.7401542653,2369.5201835641,2170.0201377864,1765.9601325982,2455.360176086,1521.6201171875,2017.1001358037,1946.1201286316,2026.1601600646,2112.5201683045,1712.6601219178,1945.9601440433,1785.0601425191,1289.4400978087
Lyso_C17 sphingosine-1-phosphocholine,-0.0464270488506273,7.304145256928058,0.2647238833191192,0.6068931998045439,0.8488571552821725,451.3223 -> 184.1,PC,1105.8000755307,1166.9600830078,1125.2400779726,1229.9400863648,1177.3200759893,1104.7200813291,1193.4400825494,1053.0200767517,1186.7600936886,1135.0800781248,1317.3001060488,1134.0600891114,1173.2400894167,1288.4400863642,1196.440093994,1359.9001045224,1243.7200927741,1042.4200744628,1155.9200897217
PCo(36:5),-0.04608024435006417,8.282465183850222,0.26735654710322976,0.6051105603387329,0.8488571552821725,766.6 -> 184.1,PC,2698.0802001945,1834.7001190185,2081.0201759354,2088.5401458751,2491.6201667792,2478.1801567078,2661.1602096548,2306.8001480107,2536.9401817315,2375.2001876835,2240.8001556404,2405.7001724249,2824.5201988224,2582.6802062983,2847.8201942456,2134.8601264965,2513.8001632688,2389.4801635735,1307.500095368
PC (42:6),-0.04332088999681787,7.946150615011649,0.2347421228511033,0.6280296930066475,0.8727165863858607,862.6 -> 184.1,PC,2219.0001716615,1764.3401260376,1498.0800895694,2034.580139161,2342.8201522818,1756.6201133736,1633.8401145928,1838.3001518237,1568.3401107789,1867.5601348866,1775.6801261894,1866.0801162725,1960.2601394659,2013.0601463322,2082.780158998,1993.4401588431,1994.2001495354,1885.2801399221,1265.7800827023
Lyso_PC(19:1),-0.042388579312110486,7.3515624673146664,0.22091319718578717,0.6383449871757056,0.8753230407037225,536.3638 -> 184.1,PC,1181.3600807191,1222.380088806,1140.0200881961,1141.3800849913,1101.320083618,1132.7000808715,1172.5600814824,1289.7001075749,1205.9200782776,1191.4400825496,1201.2400779722,1062.7800750731,1177.1400756837,1371.9401054384,1346.820091247,1363.8800964354,1187.5000839231,1232.1400871277,1345.6800880439
Lyso_PC(20:5),0.040962764862999206,8.122460866656533,0.21063961189727465,0.6462665440709727,0.8753230407037225,542.3168 -> 184.1,PC,2205.7601699843,2165.7201232925,2352.8201599118,1891.9201469415,2294.7601623528,1862.9801330564,2390.6202049246,2341.4401588444,1868.980129242,1949.6401481636,1795.8401374823,2213.2801361098,2646.6801719675,2313.2401580817,2105.8801689164,2018.7001571655,2041.4601211549,2176.4601516731,1313.3400955198
PC (44:0),0.04291297279713896,7.248004605054431,0.22571811436609135,0.634717120390595,0.8753230407037225,902.8 -> 184.1,PC,1154.1200790404,1122.3000717163,1111.6600837705,1072.9000778198,1088.5400772095,1155.0800895687,1245.5600967404,1216.6400794982,1075.4000663758,1088.8400764467,1071.3200721738,1073.5800704957,1155.420085907,1076.5600852966,1109.3600769041,1218.7800903326,1237.0200805663,1102.4400825502,1137.26007843
PCp(36:5),-0.04090750945948199,8.5011390811825,0.21139579269798148,0.6456755888730752,0.8753230407037225,764.6 -> 184.1,PC,2914.8001594542,2705.2801628115,2415.5001564017,2436.0601692192,2805.0602149957,2749.2401809706,2866.3801956185,3333.9802513132,2348.4601554856,3015.9202232368,2551.0202026353,2569.5401954649,2909.2802314758,3149.1402511603,2552.960193635,3167.3802108775,3034.2402000438,2816.1601867672,1663.080127716
PC (42:8),-0.03946480935928908,7.567692372659939,0.19296198907576745,0.6604627290847024,0.8758398426551196,858.6 -> 184.1,PC,1478.3000946044,1247.2800865174,1562.0201110835,1409.6200981148,1376.6800918576,1558.38010025,1425.0001068115,1219.6600875851,1372.9201049808,1642.360118866,1432.6400947575,1318.1801033018,1410.2000961303,1823.8401260381,1630.7401237478,1226.3200874327,1338.6000976563,1459.1401023867,1135.1600799561
PC (48:0),0.03961945681525064,7.221885411594974,0.19224225839759246,0.6610569210037306,0.8758398426551196,958.8 -> 184.1,PC,1142.7800750729,1118.7200813291,1124.8600845337,1099.0800781248,1095.0000801085,1093.2000770568,1210.840080261,1067.9400711059,1109.6800765993,1113.6200866699,1087.3000755312,1084.3200759887,1199.1800880427,1086.2200813294,1101.3200798034,1113.5800781247,1090.4000778195,1105.6600837708,1096.7200813294
PCo(34:4),0.03933366953924624,7.952872988971893,0.19354216520918044,0.6599847115539836,0.8758398426551196,740.6 -> 184.1,PC,2076.2601394657,1925.1801567073,1698.7801208489,2002.4201545719,2136.9801445001,1403.5601043707,2009.3401565559,1974.1201210022,1911.6601448054,1999.4001426678,1661.3401336659,1422.8200950621,2306.0601501469,2407.160190581,1508.9001007081,1797.800117493,2013.6001472468,1945.340118409,1298.9200935361
SM (d18:0/24:0),0.03891389724242416,8.122945493864965,0.18987707535767662,0.6630189463090157,0.8758398426551196,817.7 -> 184.1,PC,2113.1601371756,2138.8801307682,1810.540126801,2566.8801803577,1871.2801361086,1831.4801254277,1546.5800971982,2514.6801605241,2220.4601516724,2046.920139314,1999.8801612865,1859.4001121523,2153.4201393136,1828.1401252735,2032.5601463301,2163.680160522,2145.9401473994,2205.4601440435,2306.9801673888
Lyso_PC(11:0),0.036941249451950015,7.438106273901794,0.168276796264343,0.6816478360285124,0.8774209216271716,426.2542 -> 184.1,PC,1373.6200904839,1215.5200767519,1228.1400947566,1328.9800872803,1115.2800865171,1400.480113983,1368.3400955205,1308.8401031497,1274.9000930784,1317.1600914,1135.7400779722,1227.2600784299,1442.4800872805,1294.500091553,1147.5400848389,1313.7200965882,1334.6200904843,1325.3200874328,1370.0200881962
PC (34:0),0.03479178299083812,12.339954328197148,0.15594618953889494,0.6929165222195888,0.8774209216271716,762.6 -> 184.1,PC,40906.4432906984,38843.683410636,37294.322570799,46412.543304451,43023.303207404,44984.123580932,43034.4830169614,40963.102066054,38481.762344348,40214.702835084,37098.1428070202,37663.9821166869,46648.282943724,46093.643447886,47566.523422252,40711.6634025578,38453.7428131145,38514.282478343,8230.9204902642
PC (34:1),-0.03509981823668576,15.893448854442108,0.15892819096916355,0.690145228121025,0.8774209216271716,760.6 -> 184.1,PC,505178.85852033,455688.10729994,416809.19287104,524119.95361329,508926.80078132,508810.85424823,480892.92846671,468481.45678727,459335.1340333,472662.03283682,448857.09289544,450499.51123048,591446.60351572,579806.10791009,560664.65978991,476310.67297341,483939.70983889,467258.82922367,46707.243446354
PC (40:1),-0.036873271854207856,7.762044543247235,0.16922580323224246,0.6808007792813221,0.8774209216271716,844.7 -> 184.1,PC,1728.8801078794,1722.1401023865,1442.9000968939,1757.780143739,1225.5200881955,1672.260112763,1611.4801216121,1530.5201072694,1623.4201049807,1438.3000984189,1603.5000991827,1324.480110169,1876.5201263422,1784.2001457204,1645.5201148987,1784.2001304625,1645.4401206976,1887.600139617,1537.4201049805
PC (42:0),0.03810557945768255,7.361020252866137,0.1786414388863946,0.6725433753260894,0.8774209216271716,874.7 -> 184.1,PC,1134.3000869749,1090.9800720214,1225.1400756835,1496.380111694,1237.5600967402,1215.4000816344,1190.5000915525,1241.2800941466,1208.4000930787,1268.0000915526,1197.5200767517,1169.1400871276,1204.3000793456,1336.4400939944,1266.8600807187,1135.2200851441,1326.6000900274,1065.8200721741,1257.8400917051
PC (46:2),0.03690760842978292,7.268991992432203,0.16710090138718492,0.6827012863254094,0.8774209216271716,926.8 -> 184.1,PC,1085.2600822446,1098.8800697326,1192.1800804137,1240.0000915523,1189.1400833129,1106.360069275,1092.460079193,1288.3001098635,1100.4200820925,1136.3400840759,1177.8600807192,1116.7800750731,1198.8000793455,1073.4400711062,1092.3000793457,1148.340072632,1246.7200889587,1129.6400718687,1123.5400848387
SM (d18:1/18:0),-0.0351788229594739,13.74609933834418,0.15957805747018483,0.6895452863353332,0.8774209216271716,731.6 -> 184.1,PC,115651.789703314,105651.227401805,96955.00717169,118992.110214227,114785.547668342,110050.84655772,108471.028183008,103485.028411714,101302.687683072,104383.087982264,103093.107849126,97746.067443834,130210.728729403,129993.688446142,126446.069641073,107177.34848029,111783.827453587,110233.807754509,12491.0408744635
PC (46:1),0.034617356882325256,7.246797018488414,0.14686181289674982,0.7015525442707047,0.8831308498466518,928.8 -> 184.1,PC,1126.8200759888,1113.9000816345,1219.380088806,1166.2800827026,1082.6200790405,1182.3200798032,1082.9400787354,1085.1400794983,1122.7200813291,1153.1600723268,1114.8200798034,1141.6200752257,1148.2200851439,1075.2000770569,1108.6000900267,1146.3200912473,1117.7800788878,1119.4200859068,1164.1600761415
C22:4,0.032158433767123865,11.796369312358934,0.13313147913882517,0.7152070557337565,0.8950544440176836,331.3 -> 331.3,FFA,28463.5019989019,24914.8217849775,24700.0018386798,28750.6420364341,28883.302070617,28748.7820358256,24215.9417076104,27720.8818283061,27613.7819595345,26626.7218322735,26269.7418632519,26060.2417297399,27989.8219985905,26961.001914976,28379.6619033876,27686.1619110088,27535.9219245912,25443.0818634054,20940.6414222699
PC (44:4),0.031517059747661974,7.287407860917972,0.12196578029047567,0.7269121451691752,0.9044139480593226,894.7 -> 184.1,PC,1388.8001022342,1078.380077362,1122.1000785825,1180.4400978089,1154.4000778197,1183.9000854492,1151.3000831603,1154.3800811768,1166.7200737,1314.8001098635,1134.1200828552,1115.9400672913,1120.7400741575,1103.9600715636,1219.7400932309,1199.300086975,1203.9400863647,1112.6600761413,1074.0600814818
Lyso_PC(13:0),0.030334017902029956,7.454960686767948,0.11354967644872538,0.7361385136720737,0.9053657581943895,454.2855 -> 184.1,PC,1490.0001029966,1274.1400756841,1246.2000885008,1263.7600860596,1222.4400787356,1459.8001022347,1365.8001098625,1196.9200935363,1270.9001007079,1264.4400825503,1341.5601005553,1225.8600845338,1274.0400848391,1308.7200927736,1531.6001052851,1320.4400978085,1203.8400917053,1286.4000930778,1315.5201034554
Lyso_PC(17:1),-0.030623979376469594,7.446494525606211,0.11571408926902471,0.7337302131321723,0.9053657581943895,508.3325 -> 184.1,PC,1259.3200988773,1269.1600952146,1366.6001052866,1227.7000923155,1398.6200866704,1121.6600875855,1197.9000778199,1292.4400901789,1370.2800979613,1112.7200736996,1342.3000946036,1394.1201095579,1355.2200965878,1340.4200935363,1212.4400863646,1311.500102997,1522.7001075736,1382.700096131,1236.9400978088
Lyso_PC(5:0),0.028634836658548716,7.524924387969871,0.10139196446305476,0.7501655737292126,0.9118779909831592,342.1603 -> 184.1,PC,1296.1401023862,1145.720088959,1357.7601013179,1591.0601310725,1589.1801147464,1306.3401031492,1511.1201057437,1252.5200881952,1308.5201034546,1446.6401176443,1297.0200805662,1414.0600929258,1260.1400909426,1493.9601097103,1478.6201171877,1490.3201141352,1161.1600875854,1305.2401046745,1374.2000923164
PC (34:6),0.028003061025899157,7.923976574406223,0.09802159238954289,0.7542168430094355,0.9118779909831592,750.5 -> 184.1,PC,1865.8801345825,1863.3801536547,1394.9201087947,1839.8401527412,1529.6600952153,2083.5401344314,2058.4201431263,2011.8201255804,2028.7001533498,2106.8001670841,1737.6801261899,1752.3601226809,1913.5201225286,1752.1201210023,1755.3401107795,1949.320117949,2111.8201675412,1577.3401184078,1342.5800895687
SM (d18:0/12:0),0.028743060151421005,8.285483320032245,0.10403561773272685,0.7470394525938591,0.9118779909831592,649.5 -> 184.1,PC,2548.2801704414,2476.5001831042,2424.0001716596,2469.3801612855,2131.9401359548,2123.7201271059,2520.1801795959,2994.0402832037,2114.3001480111,2661.3201713566,2229.9201698305,2317.8401832584,2394.760192872,3056.0602493279,2517.6201782222,2277.160175324,2267.5201339721,2123.4001426699,1243.2200736995
SM (d16:1/18:1),0.02712900945972903,9.488613775515763,0.09396130192249341,0.7592003209077286,0.9127464532261457,701.6 -> 184.1,PC,6377.5004348746,5262.520362854,5096.0003128038,5615.680358887,5374.5403099079,5757.5004844658,5929.7603988645,6201.8204917933,5060.7403755178,4808.44039154,5787.9804077159,5272.4604072557,6328.7203865056,5917.4403533927,5622.1003494256,5872.0403556814,5748.2804756155,5320.4003486633,2382.4401588444
SM (d18:0/20:0),-0.024080964750553484,14.47046297607139,0.0747921812800314,0.7844830404877897,0.9378735791306536,761.6 -> 184.1,PC,194156.192870944,169511.231872663,161776.850402863,192799.272582964,193227.89123528,186684.511962825,178479.911132736,173410.832214369,169176.329986599,180574.873351849,163304.873535148,169139.710266154,220265.715331918,212804.795043877,207724.953857396,180366.030548184,179747.495239225,168199.572814884,19020.1812019292
PC (46:0),0.02369964080906597,7.241058954887022,0.06882436381469903,0.7930562579223479,0.9428557733076803,930.8 -> 184.1,PC,1210.9400939943,1124.240070343,1111.3800849911,1113.2000732423,1155.9400863649,1124.7000732423,1079.5000762938,1112.500087738,1085.0800743102,1111.4800720214,1086.2000808715,1186.7000923156,1107.6600761415,1105.3000831604,1166.0800857544,1154.5800781252,1087.5400772095,1121.5400772095,1156.5200881956
Lyso_PC(18:4),-0.021562721008770772,7.2846860404761475,0.05705386564511272,0.8112145229663918,0.9511918615605198,516.3012 -> 184.1,PC,1164.8600921629,1219.5000991822,1157.94008255,1058.2800750733,1028.3400650024,1111.3000755309,1240.3000755308,1164.4000854492,1102.5400848386,1146.7200775147,1158.1800804137,1168.5800857542,1183.2800903324,1053.3400650025,1157.9800834655,1188.920085907,1251.6000900268,1284.4000854499,1195.5400886536
PC (32:0),0.0211844347001418,14.326988615831587,0.05787997813467882,0.8098786522868302,0.9511918615605198,734.6 -> 184.1,PC,175089.231201272,157523.071899393,145658.247924901,176838.193969603,171039.032287548,163161.932556229,170928.950256485,166064.471374575,159865.371581904,153998.011779773,147617.370727529,146048.271850502,189157.152770772,191276.431823528,189547.091980115,161252.591125527,161568.192321734,156630.191711391,19829.7414550925
PC (42:10),0.02070387009645786,7.537915862818883,0.05304487918113843,0.8178472080707273,0.9511918615605198,854.6 -> 184.1,PC,1458.9001007077,1252.9600868228,1179.3600807192,1305.02009964,1265.2201004025,1327.7600860599,1512.6601181028,1710.8201141359,1530.2601127621,1311.6800880433,1478.6601028443,1162.8200874329,1504.0801124571,1373.7600936896,1473.3001060487,1493.6401138296,1231.4800834655,1583.5001068124,1247.7000961304
PC (42:5),0.020933182822232888,7.941437842700992,0.05480529708507831,0.8149032221678506,0.9511918615605198,864.6 -> 184.1,PC,1865.2201156621,1603.1601142883,2101.5201454168,1626.080112457,2227.5201911919,2157.3401794438,1583.0201148988,1918.0001373286,1837.2801322948,2045.0201377868,1820.0401267999,1758.0801315293,1971.4401321408,2075.8201217636,1905.2201576227,1689.5801239017,1973.6201400751,1776.7001190191,1250.2800865176
C34:0,0.018773341691498014,11.347141097595522,0.04533470025066322,0.8313897765431165,0.9617157415147402,507.5 -> 507.5,FFA,20000.4214134255,18220.2812538166,20182.7414741551,20269.7614479108,20804.3614540088,19701.82141876,18117.6212539679,20301.4014320408,20030.201438902,20447.1415519692,19207.741321564,19443.7013435382,19675.7013778691,21265.6014747603,20468.1814498871,19022.361335754,19945.061420442,19267.3413543697,15378.2811698904
Lyso_PC(17:2),-0.01680498940200241,7.273954799183543,0.03464290275882487,0.8523459217531499,0.9685882478258733,506.3168 -> 184.1,PC,1102.8000869749,1181.4200782779,1115.2800865173,1143.020076752,1026.5200653078,1120.3600845339,1104.380077362,1186.2000846861,1204.8000869754,1113.6400833128,1170.4000816342,1087.7000732422,1323.7401046753,1137.0800819395,1164.9000816346,1164.7800903319,1192.060089111,1162.5800857538,1191.9600868227
Lyso_PC(20:2),-0.01729552654247146,8.024093867417934,0.03747975450825791,0.8464915361911459,0.9685882478258733,548.3638 -> 184.1,PC,1652.620128632,1785.6001243589,1950.2801284799,2283.7201805111,2129.7601585399,2313.5401306147,1917.260143281,2042.0401496878,1670.3401145931,2103.7601470951,1642.8001136773,2393.9401626595,2252.5801506038,1831.4401206966,2366.8001594541,2188.2401580804,1550.5001106259,1968.9401321405,1244.6000823971
Lyso_PC(21:4),-0.017154889528552323,7.678307799949846,0.036555463159048784,0.8483729536769382,0.9685882478258733,558.3481 -> 184.1,PC,1522.5401153575,1327.4800949104,1401.0600891116,1373.4600944515,1684.3001327507,1382.5401077269,1488.580104828,1723.2001228339,1722.3601226797,1426.7400970459,1764.2801399239,1558.0401077274,1645.1801109308,1671.3201179503,1993.8201446533,1373.9001083376,1500.2401123054,1154.9000816345,1397.200115203
Lyso_PC(4:0),0.01638224926099626,7.538597620489055,0.03319236281212934,0.8554354151359348,0.9685882478258733,328.1447 -> 184.1,PC,1528.4601058965,1217.6000900273,1446.5401000976,1496.2601165773,1312.7600860594,1209.2800903322,1400.4400939945,1417.0200958251,1330.8800849917,1415.720096588,1395.5800971985,1243.0200920104,1361.2601051333,1409.4401168827,1343.7201004026,1217.1400794981,1491.2800979607,1569.4600982657,1472.6401100161
C32:0,0.009520835916103476,11.724397871675853,0.011668227401600006,0.9139801687977027,0.9730933140433253,479.4 -> 479.4,FFA,28284.2021293581,24500.3416976929,24941.021808618,24074.4016418456,26676.9018478393,27452.5618553142,25147.8418388338,24942.6817626929,25413.9818038931,26408.9218940752,27360.7618560763,26028.0019302349,24525.2617835984,26798.3820190439,27297.5620346034,24166.1017608649,25359.1817932118,25939.8419342062,18435.8812904344
Lyso_PC(14:1),-0.014751568984636719,7.578978379646175,0.02695524221547352,0.8695890380336293,0.9730933140433253,466.2855 -> 184.1,PC,1654.1801261903,1255.3200836179,1487.7000999449,1321.0401039117,1418.0200996398,1219.0200805666,1643.5001068116,1193.6600837708,1519.0001029975,1459.260097504,1562.1601104724,1456.70010376,1369.2200889588,1346.7400894168,1551.4401168822,1391.7600975041,1438.4201126111,1492.9001045221,1330.6001091004
Lyso_PC(15:1),-0.012959197830363913,7.324700329838077,0.020642010514357878,0.8857584741225357,0.9730933140433253,480.3012 -> 184.1,PC,1164.2200813294,1537.3801040649,1053.3600654603,1173.5600776674,1172.9400825501,1048.7000885009,1106.3800811761,1155.1000900271,1226.2400894165,1331.2600860596,1276.8600845335,1169.9600906372,1258.6200866697,1171.5200920106,1075.4400711059,1138.8400726318,1302.6001014704,1201.8800773621,1147.4200782776
Lyso_PC(22:0),0.015086270131525963,8.897720957877693,0.028901331618783388,0.86500705658157,0.9730933140433253,580.4264 -> 184.1,PC,4205.4402999873,3056.9601936328,3657.7202529913,3952.4402580246,3594.1802597037,3163.4202690118,3887.4402465824,3970.1602325449,3760.7803039556,3507.6202354430998,3318.6802291878,3245.0402259833,4501.9802665697,4228.140277861,4281.3803405763,3857.4603004461,3438.3402519211,3297.3802337646,1851.7201271059
Lyso_PC(22:4),0.010529501826897934,7.780162354739744,0.013814235798244923,0.9064369207071482,0.9730933140433253,572.3638 -> 184.1,PC,1725.2601089468,1494.2401008606,1621.3401031507,1809.1001396176,1554.7401161181,1654.9801101688,1619.9001083375,1624.6001243592,1897.3201332094,1665.6601104726,1541.1400871274,1388.760097504,1472.1400909423,1881.3801460253,1781.2001419061,1904.5001602175,1569.4001159668,1987.3401260372,1206.4200859068
Lyso_PC(22:5),-0.014218177842217822,7.617783802992467,0.02504453178222743,0.8742561479329335,0.9730933140433253,570.3481 -> 184.1,PC,1391.7401084899,1233.9800910949,1328.1400947572,1468.6001014714,1314.7400856022,1474.9000892635,1581.1000976566,1520.700099946,1430.7800941471,1569.2401046759,1513.14011383,1310.7401046753,1394.4600982672,1499.4201164247,1432.9600944513,1677.360126496,1450.6401062014,1271.7400856017,1769.9401206975
Lyso_PC(3:1),-0.012100073601204523,7.371585369395949,0.018025653424659893,0.8931972595069577,0.9730933140433253,312.1134 -> 184.1,PC,1163.6200790409,1163.0600852967,1234.7600975034,1259.8200874329,1226.3400955199,1361.8801155089,1173.2000808718,1255.6400909421,1183.5000839237,1150.4200782774,1279.9600868227,1287.520095825,1421.1600914006,1195.0600814818,1206.4400787358,1306.9000968939,1306.6400985715,1170.8600959777,1149.7800750733
Lyso_PC(8:0),-0.011045978436820895,7.5898598244319,0.015117170499637567,0.9021451845789573,0.9730933140433253,384.2073 -> 184.1,PC,1323.1800956726,1423.6001090997,1241.4000892638,1493.2600975037,1429.3401031494,1477.800109864,1388.8400955202,1492.400104522,1516.1601104746,1541.5200996401,1617.9401283261,1361.5400924685,1668.2401199347,1444.4800987243,1386.0200996403,1411.780094147,1330.0800857545,1371.3800811768,1392.8801002503
Lyso_Sphingosine-1-phosphocholine,0.010039335027832271,7.2975588134467895,0.01236178284355649,0.9114707921927633,0.9730933140433253,465.3379 -> 184.1,PC,1067.6800727844,1312.9400939942,1197.540081024,1084.1000671387,1101.560081482,1083.7600746157,1198.5000801085,1066.5000762939,1136.0600814821,1067.5600738526,1225.8400802609,1084.1600723267,1153.8800888062,1174.7000808716,1118.4400863647,1191.0600891112001,1207.0200805666,1161.0200958248,1459.2001075741
PC (32:1),-0.012525575593623951,15.81200819647266,0.020239186028447875,0.8868710915287822,0.9730933140433253,732.6 -> 184.1,PC,483308.75305161,430859.30993661,418356.14685039,497205.01684581,477464.84631348,479920.43432614,460780.93701164,450340.54553222,434737.06689448,434552.56909183,422033.74963391,411591.14428729,542850.17517105,539068.26159674,536601.03674311,467091.93139638,463425.81054672,443800.35449191,30069.9421653802
PC (32:2),-0.012702063976855636,14.349218827474097,0.02080890299407656,0.8853007590702929,0.9730933140433253,730.5 -> 184.1,PC,177802.670959406,162671.292358388,155753.991394144,179537.430969124,172766.27282732,172843.430908208,165424.729827755,159967.634277325,156051.269622837,157232.892089756,151224.651123083,150716.331420846,202213.235504142,189859.23339828,196400.276916445,165954.393982016,171416.414672882,164478.731353746,6489.4604911808
SM (d18:1/24:0),-0.009653682173033067,10.078260458325051,0.011935019440325156,0.9130061746299281,0.9730933140433253,815.7 -> 184.1,PC,8132.880531311,7732.0805397009,7822.0205879214,8651.0005912802,8209.3405609122,8014.9804763784005,7681.3804702742,7951.7205123903,6895.3604621888,8153.2206306411,7696.3405914294,7151.8004951479,8520.6205062823,9637.9205932654,8244.9205856327,7208.8805656385,8767.4206924434,7688.7005882262,8831.2206382744
Lyso_PC(19:2),-0.007163259171278659,7.260630074010669,0.006292291423370955,0.9367749450451457,0.9826952854885352,534.3481 -> 184.1,PC,1159.5400695805,1078.5800743101,1081.7200775146,1126.6800727841,1308.7400894164,1228.9000968934,1065.8800735474,1060.3000831603,1062.5600662232,1240.980079651,1311.80009842,1064.4200744629,1058.6200675963,1049.7000732424,1155.0400733946,1236.1800918582,1076.6800765992,1189.2400932308,1145.6800804138
PC (36:6),0.007252946455644836,8.48699296882775,0.006645628420159255,0.9350278444633494,0.9826952854885352,778.5 -> 184.1,PC,2713.8201942466,3185.4202194219,2382.0201492316,3143.3801918026,2402.360172272,2292.6001510631,2996.3602066039,3175.2002220147,2642.6601982108,2270.2601661695,2535.5201721194,2756.0601997378,3231.14025116,3366.3602447502,3386.9202346798,2865.2001762386,2715.020202637,2284.2201614382,1371.6601104736
PC (52:4),0.0073553340937351774,7.227287431754271,0.0066280787472656755,0.9351135002867832,0.9826952854885352,1006.8 -> 184.1,PC,1100.5600776673,1085.6200790404,1163.6200904846,1162.660079956,1103.2200813291,1070.2000732422,1191.9800720215,1073.0200691223,1066.2800865171,1283.3000984189,1090.4800796507,1097.6000785828,1133.6200752254,1081.4600753786,1093.6000633241,1153.7200775151,1079.9000816345,1140.1400833129,1061.3800621033
C12:1,0.006097901051977788,11.13955024390688,0.00478081531282637,0.9448754435232716,0.9838677562629461,197.2 -> 197.2,FFA,16861.1012077355,16622.5611572231,16516.561172487,17759.5412597654,16785.3212280303,17315.1413116425,16970.5411834719,15776.3211288432,17801.1212882939,18213.2412681556,17076.801227571,16566.8412170416,17768.6012496918,17709.2211456322,16422.0411605827,16600.8811569244,16620.1411972037,17670.3212966918,14202.7810058631
PCo(42:6),0.005955655170886489,7.657694556991112,0.004404243449499745,0.9470876532250789,0.9838677562629461,848.6 -> 184.1,PC,1505.0001144415,1401.280105591,1325.0000915527,1461.9401092536,1381.1000900261,1826.1201438908,1529.0601272583,1453.5001029974,1721.9601211557,1464.6201019286,1409.460098267,1264.0000915527,1433.6801033031,1568.580108643,1670.4401321408,1757.5401382453001,1663.8201065067,1586.6801300044,1308.8400802607
C30:0,0.002408583448206134,12.085401331294054,7.471563457599473e-4,0.978193210675338,0.9933853416117601,451.4 -> 451.4,FFA,36951.7824592627,32148.3822059639,32662.6423721249,33930.5224647547,33017.2623634283,34182.6224479621,31918.2820739797,34144.1426124522,31999.0424156149,35875.8625564543,33898.0422439583,35135.7824707044,35024.6224136308,33458.2623901353,36706.8226432792,31968.3821945172,31808.0620727537,31919.082248695,18169.7811965941
Lyso_PC(21:0),0.001763420626682778,7.904593620011,3.8853928398197013e-4,0.984273596783349,0.9933853416117601,566.4107 -> 184.1,PC,1985.2801513683,1975.1601371764,1535.5401077275,1762.2401275625,1671.9001388549,1718.8601264955,2147.920139313,1851.3201103202,1649.7201042179,1926.0401382457,1646.7401161173,2220.7001762389,1895.6001167299,1766.1801147451,1957.6601409904,1618.5801200872,1861.3001289363,1667.4601325994,1338.8600997924
PC (40:9),-0.0020506779036448064,7.720054955764892,5.227614954801396e-4,0.9817587741749665,0.9933853416117601,828.6 -> 184.1,PC,1899.3001403804,1464.7601013184,1467.880100251,1458.8001098636,1504.4601058962,1669.6601295472,1581.360118866,1369.9800949105,1592.9801025393,1354.9800872798,1616.7001152041,1276.9600906376,1552.9001045226,1695.9201240527,1583.1601257319,1898.160148621,1455.9801101679,1846.8801345835,1595.4801292429
PC (44:12),0.0035803128529238145,7.320543720316747,0.0015756084062230613,0.9683371377353562,0.9933853416117601,878.6 -> 184.1,PC,1277.5600891114,1169.1800804138,1225.5000953679,1142.760066986,1077.0600814818,1371.5400924679,1113.5400733951,1139.6800727843,1186.3000831604,1207.0400848389,1174.9600791932,1164.8800888063,1205.1800918578,1223.5000839231,1115.7200813294,1282.6000900262,1161.8200836181,1330.2400932311,1109.660079956
PC (44:3),-0.0012727647179407817,7.3096881007394625,1.990520739418855e-4,0.9887433540341349,0.9933853416117601,896.7 -> 184.1,PC,1244.360088348,1200.1600875854,1095.6400794983,1170.0200805665,1144.9600715639,1192.0600852972,1201.9000854493,1091.380077362,1275.1800994878,1294.1600799563,1282.4200859063,1159.660068512,1209.5200881958,1277.1000938416,1153.4000892639,1134.9800796508,1153.4000740053,1157.1400833128,1084.0200767516
PC (44:8),0.0024454686861323438,7.291502043059897,7.342202403548548e-4,0.9783827673907034,0.9933853416117601,886.6 -> 184.1,PC,1178.2000770569,1132.6000785828,1135.4600753785,1103.4800910947,1189.0400810242,1185.600086212,1199.6000938415,1211.4000778202,1096.380077362,1082.5600700378,1211.080089569,1136.4200782777,1310.8600921628,1240.8000793456,1226.7600898742,1111.5800743101,1179.0400886534,1127.0200691222,1149.6200828552
SM (d18:0/18:0),-0.003014866114605206,14.317260592172481,0.0011722874288579987,0.9726868198611821,0.9933853416117601,733.6 -> 184.1,PC,172324.570373506,161420.570739657,145339.289306521,176954.592315629,166882.411499133,172635.813598661,166887.313690089,157209.991424663,150986.991882324,152712.949066124,148984.350311263,144589.511413467,191392.334289454,193852.714141893,187565.073303302,164126.111968923,162169.930236865,160736.052459688,11872.8607711758
Lyso_PC(7:0),3.9485279494828564e-4,7.50531501982799,1.928144814300481e-5,0.9964964486253048,0.9964964486253048,370.1916 -> 184.1,PC,1361.3601036075,1453.3801040655,1271.7600936888,1406.0200996395,1380.0601043702,1309.9200820924,1384.2800941471,1226.4800910953,1468.9200973507,1318.1600914002,1224.6400833126,1615.380119324,1256.9600830083,1312.9000968933,1400.3800888067,1671.400112153,1238.9000740045,1426.0800895692,1112.2000732422
